time,open,high,low,close,volume,Dividends,Stock Splits,close_adj,open_adj,high_adj,low_adj,log_return,overnight_return,intraday_return,hl_log_range,mkt_close,mkt_volume,mkt_high,mkt_low,mkt_return,split_factor,dividend,garman_klass_vol,gk_vol_20d,amihud_illiq,amihud_illiq_20d,frac_diff_close
2018-08-06,20242.688503767607,20341.146866251987,19998.118529548963,20155.43573774414,153228.51960000003,0.0,0.0,20155.43573774414,20242.688503767607,20341.146866251987,19998.118529548963,,,-0.00431965113901759,0.017007578196088658,915.579305,146520502.395,918.210965,910.99297,0.000625789805933,1.0,0.0,0.0001374208424686397,,,,
2018-08-07,20168.916649903345,20308.822911387462,19818.95699763175,20072.601455810545,209499.5113,26.6,0.02507,20072.601455810545,20168.916649903345,20308.822911387462,19818.95699763175,-0.004118242140768533,0.0006686238891991517,-0.004786866029967715,0.024416514016700933,912.299265,131872749.58,917.28607,909.3624850000004,-0.0034220232659499,1.0,0.0,0.00028923149600164637,,9.793213044087053e-13,,
2018-08-08,20045.780775187424,20395.59503107314,19877.0818692341,20184.524094970697,208720.5433,0.0,0.0,20184.524094970697,20045.780775187424,20395.59503107314,19877.0818692341,0.005560403332239686,-0.00133707707676089,0.006897480409000507,0.025751544492351043,921.338445,134126699.62500004,921.338445,913.7485849999998,0.0094009060794725,1.0,0.0,0.0003131929764778992,,1.319843944420187e-12,,
2018-08-09,20160.026098752376,20595.514909432582,19997.238249051767,20440.21463666992,260920.12299999996,0.0,0.0,20440.21463666992,20160.026098752376,20595.514909432582,19997.238249051767,0.012588089231675904,-0.0012144390809474346,0.013802528312623404,0.029479152775781597,918.6972500000002,148991421.365,927.29782,918.6972500000002,-0.0027373177259071,1.0,0.0,0.00036091736741562536,,2.360297717010427e-12,,
2018-08-10,20472.23875738469,20597.20416252011,20177.667873711074,20416.40250317383,221546.6771,85.05,0.0,20416.40250317383,20472.23875738469,20597.20416252011,20177.667873711074,-0.0011656440429595343,0.001565495324695031,-0.00273113936765456,0.020578904289999644,923.436145,163468163.95499995,923.436145,910.63064,0.0049057754040581,1.0,0.0,0.000208864234026122,0.00026192538327798653,2.5770419538505945e-13,,
2018-08-13,20385.565952107427,20620.78730878549,20182.84818708004,20449.301763867188,240841.4137,0.0,0.0,20449.301763867188,20385.565952107427,20620.78730878549,20182.84818708004,0.0016101162767642582,-0.0015115230026820127,0.003121639279446198,0.02146651559491721,932.5611399999998,169810550.37,932.5611399999998,918.611435,0.0093758249624774,1.0,0.0,0.0002266413495813662,0.0002560447109952165,3.2692459081179515e-13,1.0488183504072348e-12,
2018-08-14,20513.60184574768,20611.89262607697,20245.57990637464,20530.617400488285,377314.6143,0.0,0.0,20530.617400488285,20513.60184574768,20611.89262607697,20245.57990637464,0.003968565336519991,0.003139432463346437,0.0008291328731736237,0.01793172766217523,932.7804449999998,142789313.87,935.78397,929.157145,0.0002242027091928,1.0,0.0,0.00016050786604327415,0.00024239659028779613,5.12304178555893e-13,9.593993217653445e-13,
2018-08-15,20587.70592021894,20731.43987632011,20368.437661766373,20545.830521582036,333314.1849,0.0,0.0,20545.830521582036,20587.70592021894,20731.43987632011,20368.437661766373,0.0007407223632478505,0.0027767939839150753,-0.0020360716206671396,0.017664853314897446,916.666295,163072490.05999997,936.337,916.666295,-0.0166160295626746,1.0,0.0,0.00015442210418782837,0.00023139977952530018,1.0816280937379424e-13,8.377941057094086e-13,
2018-08-16,20550.93692318611,20686.83619001289,20243.30732914811,20619.67158295898,300148.89060000004,13.973679755,0.0,20619.67158295898,20550.93692318611,20686.83619001289,20243.30732914811,0.0035875253208876405,0.0002485062426000063,0.003339019078287584,0.021673328470296068,919.44098,148732927.515,919.44098,911.43158,0.002881818723182,1.0,0.0,0.00023055976895990375,0.0002313064450180339,5.796642126742421e-13,8.055278690800129e-13,
2018-08-17,20629.581818283263,20754.705285506385,20412.45668755911,20598.75609550781,249781.7504,0.0,0.0,20598.75609550781,20629.581818283263,20754.705285506385,20412.45668755911,-0.001014861091231896,0.0004805049642260064,-0.001495366055458012,0.016627645282046973,923.82708,129794910.985,930.1583200000002,923.82708,0.0045377602249739,1.0,0.0,0.00013737549340513908,0.00022191334985674442,1.9724450015509911e-13,7.379408280883558e-13,
2018-08-20,20520.68737255,20738.32349570484,20379.02444340527,20638.825211523435,300108.7536,0.0,0.0,20638.825211523435,20520.68737255,20738.32349570484,20379.02444340527,0.001943330687970688,-0.003797172829996916,0.005740503517967664,0.0174772068726664,924.53267,152507996.10999998,928.298995,921.5196100000002,0.0007279752739478,1.0,0.0,0.00013999667491399704,0.00021446637940740373,3.1374952186100344e-13,6.955216974656206e-13,
2018-08-21,20689.47328872642,20781.066440184477,20468.046835295623,20687.16686113281,243003.81720000005,0.0,0.0,20687.166861132806,20689.473288726418,20781.066440184473,20468.04683529562,0.00233952867114649,0.0024510131990177503,-0.00011148452787110978,0.015177325702937295,933.676735,158679334.16,933.676735,923.417075,0.009384234448092,1.0,0.0,0.00011517080657118256,0.00020619174833771863,4.653870118506524e-13,6.746003624097144e-13,
2018-08-22,20700.858052789365,20832.95566349806,20564.06260687988,20737.800787109376,309768.8864,0.0,0.0,20737.800787109376,20700.858052789365,20832.95566349806,20564.06260687988,0.0024446102950628455,0.0006616016195234621,0.0017830086755393426,0.012991121079819229,936.480025,157472718.05,940.4942600000004,933.676735,0.002858518680462,1.0,0.0,8.315653735025609e-05,0.00019672750133868308,3.8054773700719663e-13,6.500959769595047e-13,
2018-08-23,20658.98783184543,20854.85839376236,20548.11458589367,20774.87656777344,361939.5456,0.0,0.0,20774.876567773445,20658.987831845432,20854.858393762363,20548.114585893672,0.0017862394277828862,-0.003807689104187107,0.005593928531969917,0.01481774849999452,941.4477600000002,130500672.615,943.440575,936.79468,0.0050446523122214,1.0,0.0,9.769489808723662e-05,0.00018965374396357976,2.375555506092372e-13,6.18362098009484e-13,
2018-08-24,20720.68141794545,20914.81434310908,20584.447831593327,20823.95703613281,247561.8822,0.0,0.0,20823.95703613281,20720.68141794545,20914.81434310908,20584.447831593327,0.0023597051590862166,-0.00261209552411835,0.004971800683204773,0.015921897082189773,941.1521750000002,147348865.05499998,943.2117350000002,937.1760799999996,-0.0002994160305397,1.0,0.0,0.00011720466950873571,0.00018482380566659014,4.577314014021324e-13,6.068884768232446e-13,
2018-08-27,20812.58735710279,21163.308259931768,20618.33709731314,20944.03283071289,278725.055,0.0,0.0,20944.032830712888,20812.587357102788,21163.308259931764,20618.337097313135,0.005749672213520652,-0.0005461394300759047,0.006295811643596487,0.02608810955515159,945.79572,164656186.815,948.29389,943.993605,0.0046929002194739,1.0,0.0,0.0003249830861360535,0.0001935837606959316,9.849331768505354e-13,6.320914568250639e-13,
2018-08-28,20972.770818934427,21173.103097541025,20804.853856307996,21043.25409707032,280046.82009999995,0.0,0.0,21043.25409707032,20972.770818934427,21173.103097541025,20804.853856307996,0.004726261605074676,0.0013711919908982822,0.0033550696141764727,0.017545336395195878,948.9136650000004,152876123.39,949.009015,943.783835,0.0031381733416763,1.0,0.0,0.0001495710951799027,0.00019099478037145934,8.01999710972507e-13,6.427107227092792e-13,
2018-08-29,21053.55287442714,21265.691065053867,20883.967120161276,21180.84841459961,198115.8262,0.0,0.0,21180.84841459961,21053.55287442714,21265.691065053867,20883.967120161276,0.006517358398724294,0.0004892902005256061,0.00602806819819882,0.0181132848026149,942.220095,140902594.815,948.780175,941.552645,-0.0067497559211387,1.0,0.0,0.00015000853079783963,0.00018871776650625823,1.5531345544901854e-12,6.962650657552149e-13,
2018-08-30,21052.04260638454,21355.678969574263,20911.675979321637,21233.115984765624,210035.2665,161.28479417,0.03978,21233.115984765624,21052.04260638454,21355.678969574263,20911.675979321637,0.0024646409438149807,-0.006099805364055172,0.008564446307870222,0.021010035919155904,951.659745,148842255.825,951.659745,937.700505,0.0095051234205629,1.0,0.0,0.00019237621349402434,0.0001889103163477196,5.526468572875885e-13,6.882862763959023e-13,
2018-08-31,21244.87876937156,21393.00763219043,21009.472732303635,21249.67839057617,302712.7748,0.0,0.0,21249.67839057617,21244.87876937156,21393.00763219043,21009.472732303635,0.0007797230334394548,0.0005538295757454547,0.00022589345769392794,0.018090703968372885,943.52639,155652906.09,956.4177099999998,943.52639,-0.008184105466518,1.0,0.0,0.00016361707326330253,0.00018764565419349875,1.212152476724946e-13,6.584404327788808e-13,
2018-09-03,21249.67839057617,21249.67839057617,21249.67839057617,21249.67839057617,0.0,0.0,0.0,21249.67839057617,21249.67839057617,21249.67839057617,21249.67839057617,0.0,0.0,0.0,0.0,943.52639,155652906.09,956.4177099999998,943.52639,0.0,1.0,0.0,0.0,0.00018077461207006675,0.0,6.255184111399368e-13,
2018-09-04,21250.77676493709,21416.854057637775,21018.405476218904,21177.61051088867,268997.17659999995,0.0,0.0,21177.610510888666,21250.776764937087,21416.85405763777,21018.4054762189,-0.003397245068747781,5.168765168005153e-05,-0.003448932720427885,0.01877967972909082,930.5587900000004,164124496.14499998,946.04363,930.5587900000004,-0.0131955623688549,1.0,0.0,0.00017174316105051553,0.00017490019532251022,5.963513387790258e-13,6.063699128584529e-13,
2018-09-05,21188.520624243465,21312.07545502184,20954.009060252058,21108.20596518555,315876.7677,17.85,0.0,21108.205965185545,21188.52062424346,21312.075455021837,20954.009060252054,-0.00328264244660698,0.0005150394101915742,-0.0037976818567985533,0.01694384352796574,923.40754,153886118.265,933.26673,919.9368,-0.007355851702887,1.0,0.0,0.00013797562979057517,0.000166139327988144,4.923280412947267e-13,5.649941177021798e-13,
2018-09-06,21063.131813573757,21195.18433983483,20867.842498935745,21028.234968701177,301380.3616000001,98.7,0.0,21028.234968701177,21063.131813573757,21195.18433983483,20867.842498935745,-0.003795816197661346,-0.0021376684331236434,-0.0016581477645377614,0.015564664453656557,913.6341650000002,135624199.98,925.69594,913.443465,-0.0101456607763787,1.0,0.0,0.00012006729119760875,0.00015409682417724319,5.989456346120647e-13,4.769265135822616e-13,
2018-09-07,20969.55393418663,21197.528008279573,20878.445801320333,21099.08681030273,248307.9125,0.0,0.0,21099.08681030273,20969.55393418663,21197.528008279573,20878.445801320333,0.003363703431120496,-0.0027944839114077387,0.006158187342528368,0.015167246054860238,923.8461499999996,145520662.295,924.2656899999996,911.06925,0.0105984568867595,1.0,0.0,0.00010037313056828234,0.0001486722690043512,6.420420612311994e-13,4.961434068745686e-13,
2018-09-10,21022.46404347786,21202.699242669936,20853.43623077505,21076.91323188476,167145.61159999995,0.0,0.0,21076.91323188476,21022.46404347786,21202.699242669936,20853.43623077505,-0.0010514785868139457,-0.0036381780722139073,0.002586699485400104,0.016609754443553032,925.2191899999998,143347588.12000003,929.271565,923.169165,0.0014160601600236,1.0,0.0,0.00013535727027120465,0.00014410806503884315,2.9846846113585614e-13,4.947206003907717e-13,
2018-09-11,21134.47974156773,21291.98510778525,20931.07872562764,21180.94833256836,361072.6214,0.0,0.0,21180.94833256836,21134.47974156773,21291.98510778525,20931.07872562764,0.0049238322536267806,0.002727535924141669,0.002196296329485156,0.017095641066790578,939.2547099999998,151457696.79000002,939.2547099999998,922.9117199999996,0.0143559221996591,1.0,0.0,0.00014426709684653598,0.0001432960265790062,6.438182585896825e-13,5.012963043924612e-13,
2018-09-12,21193.02805292104,21368.20045010953,21001.89858820103,21150.76802016601,299803.8856,0.0,0.0,21150.76802016601,21193.02805292104,21368.20045010953,21001.89858820103,-0.0014258962364941349,0.0005701480819271527,-0.0019960443184212943,0.017291014019921676,941.1140349999998,162913131.605,948.570405,941.1140349999998,0.0018856588315637,1.0,0.0,0.0001479505116595285,0.0001429724469525912,2.2486637745445168e-13,5.071314827964941e-13,
2018-09-13,21102.742452527717,21312.162443809488,20941.882445847477,21122.050332226565,275135.1149,8.52,0.0,21122.050332226565,21102.742452527717,21312.162443809488,20941.882445847477,-0.0013586835927445699,-0.0022732117536273075,0.0009145281608826348,0.017526817975402585,942.0103250000002,141921295.145,946.7873599999998,939.12122,0.0009076538944392,1.0,0.0,0.00015327159234084387,0.00013910803812163824,2.3379554737648504e-13,4.898380495316063e-13,
2018-09-14,21135.536479988037,21495.531731523024,21040.862481592238,21287.114722216804,500829.8095,0.0,0.0,21287.1147222168,21135.536479988034,21495.53173152302,21040.862481592234,0.007784412794381921,0.000638282932684291,0.007146129861697716,0.021378707593465524,945.2426900000002,142766544.29000002,949.256925,943.5454600000002,0.0032661895535059,1.0,0.0,0.0002087976086014149,0.00014267914388145202,7.301614278661471e-13,5.164838959171586e-13,
2018-09-17,21400.26157831213,21591.02541123084,21135.79765079502,21337.583202490227,287576.5957999999,0.0,0.0,21337.583202490223,21400.261578312125,21591.025411230836,21135.797650795015,0.002368040423256648,0.0053011981938790795,-0.0029331577706224374,0.02130956407068667,941.686135,139917657.92,947.616905,941.12357,-0.0035943901682184,1.0,0.0,0.00022372530993077885,0.0001468655756322911,3.85913832653169e-13,5.200921114567668e-13,1.740731235900121
2018-09-18,21346.69892495808,21562.732432064706,21178.77239337888,21435.28655083009,330170.5132,0.0,0.0,21435.286550830086,21346.698924958077,21562.732432064702,21178.772393378877,0.004568480854053956,0.00042712315410249846,0.004141357699951427,0.017967096350632275,947.2927149999998,163147978.65499997,947.2927149999998,936.232115,0.0056600842597069,1.0,0.0,0.00015478300146572942,0.00014884618537701848,6.455118671504955e-13,5.29098354221759e-13,1.7398905121465482
2018-09-19,21448.747492373557,21569.722104555105,21280.58156374952,21377.076227246096,418757.9894,0.0,0.0,21377.076227246096,21448.747492373557,21569.722104555105,21280.58156374952,-0.0027193247780561,0.0006277833830653402,-0.0033471081611213573,0.013495583670995293,949.2473899999998,196656562.175,955.244905,948.25575,0.0019654562194794,1.0,0.0,8.673768218932214e-05,0.00014902524261897174,3.037733482682547e-13,5.25259634784812e-13,1.7424259892782707
2018-09-20,21399.017204664407,21622.32598745137,21255.405438596597,21466.73592504883,324083.2912,40.35,0.0,21466.73592504883,21399.017204664407,21622.32598745137,21255.405438596597,0.004185427215053233,0.0010258524134472702,0.0031595748016060303,0.01711515480874414,958.01959,171088364.325,958.01959,950.14368,0.0087710339119673,1.0,0.0,0.00014260791909240963,0.0001512708936692304,6.01612899279025e-13,5.434625022183013e-13,1.7369508206265607
2018-09-21,21408.022612983103,21618.93814726736,21220.49027250284,21430.71842543945,458794.1474,0.0,0.0,21430.718425439445,21408.0226129831,21618.938147267356,21220.490272502837,-0.0016792375500297523,-0.002738830527304281,0.0010595929772745432,0.018602459448533427,956.331895,260699467.13,962.17685,953.871865,-0.0016812143558955,1.0,0.0,0.00017259204168785199,0.00015404026227818624,1.7078807271438124e-13,5.291153357839138e-13,1.7410855221359007
2018-09-24,21520.673406273312,21696.73162020686,21357.189322537324,21559.36978300782,318587.10010000004,0.0,0.0,21559.36978300782,21520.673406273312,21696.73162020686,21357.189322537324,0.005985181560659337,0.004188693707953497,0.0017964878527060813,0.01577321321200846,964.2650150000002,161521870.21999997,964.2650150000002,960.603575,0.0078770020923512,1.0,0.0,0.00012315041322240295,0.0001439486286325037,8.713910217356549e-13,5.234382280281697e-13,1.73732065391523
2018-09-25,21578.881067417344,21689.619097375,21366.05206593713,21562.024754589853,300601.3952,0.0,0.0,21562.024754589856,21578.881067417347,21689.619097375005,21366.052065937132,0.00012313941206509537,0.0009045932718815352,-0.0007814538598165468,0.015030453095412158,963.74059,189023308.39,967.3543549999996,961.766845,-0.0005187114067875,1.0,0.0,0.00011272136169702908,0.00014210614195836,1.8998378835064397e-14,4.842881614212976e-13,1.743104565081227
2018-09-26,21505.55131658484,21916.3295020279,21410.204848768568,21768.61151337891,422912.2761,0.0,0.0,21768.611513378914,21505.551316584842,21916.329502027904,21410.20484876857,0.00953543921336869,-0.002622551604916088,0.012157990818284836,0.023364327876339394,962.663135,209672342.53,967.66901,960.59404,-0.0010666024326005,1.0,0.0,0.00021584513513052864,0.00014539797217499447,1.035761302631536e-12,4.584194988283652e-13,1.7404553718214615
2018-09-27,21718.06665097812,22001.606261964684,21603.01057409777,21865.86180581055,368119.4366,0.0,0.0,21865.861805810553,21718.066650978122,22001.606261964687,21603.010574097774,0.004457505548204726,-0.0023246146772163863,0.006782120225421047,0.018282779192261144,968.155295,172548010.73000002,970.4532299999998,963.5022150000002,0.0054244237597126,1.0,0.0,0.00014936156598820675,0.00014324723979970358,5.537790790705121e-13,4.584761099175113e-13,1.748887149424906
2018-09-28,21870.87923587701,22165.41783211032,21675.06254673948,22028.746954199207,301998.7465,0.0,0.0,22028.74695419921,21870.879235877015,22165.417832110325,21675.062546739482,0.007421681188216808,0.00022943776646222169,0.007192243421754361,0.02237091068043027,969.8334550000004,214124653.57,973.37094,968.1838999999998,0.0016513263659988,1.0,0.0,0.00023024644645733538,0.00014657870845940523,1.1155970571868284e-12,5.08195200393228e-13,1.7488480672313358
2018-10-01,21920.80281268476,22052.06048313007,21660.686561729428,21863.53019384765,328241.3989999999,0.0,0.0,21863.530193847655,21920.802812684764,22052.060483130073,21660.68656172943,-0.00752831939462614,-0.004912194056205308,-0.0026161253384208057,0.017907105186073007,965.78108,214580340.75500005,976.260045,965.78108,-0.0039924738505448,1.0,0.0,0.00015768836628260894,0.00015446312677353568,1.0490215126068175e-12,5.606462760235689e-13,1.7528336895605658
2018-10-02,21866.430468648137,22166.698470962976,21679.83221571896,22050.05554599609,363517.8324,0.0,0.0,22050.055545996092,21866.43046864814,22166.69847096298,21679.832215718965,0.008495160245472378,0.00013264474793939446,0.00836251549753305,0.022208656358810076,971.416265,194449991.545,974.009785,965.78108,0.0055473584734709,1.0,0.0,0.00021959800060615954,0.0001568558687513179,1.059829899612717e-12,5.838202040652535e-13,1.7407878159996937
2018-10-03,22087.89605962952,22333.727145032783,21958.85039939762,22170.14678940429,229675.6705,28.6,0.0,22170.146789404294,22087.896059629522,22333.727145032786,21958.850399397623,0.005431523706563117,0.0017146478949688214,0.0037168758115943773,0.016927698410240364,972.9514,152708421.80999997,976.946565,969.204145,0.0015056324510996,1.0,0.0,0.00013793676608800834,0.0001568539255661895,1.066689740180978e-12,6.12538289009566e-13,1.7503892881960166
2018-10-04,22137.48802104668,22329.9439822644,22029.39865735892,22204.1244359375,283762.15,0.0,0.0,22204.124435937505,22137.488021046684,22329.943982264405,22029.398657358925,0.0015314123358148987,-0.0014741826961366172,0.0030055950319515627,0.013550693309851375,976.02167,175320798.26500002,977.03238,972.9514,0.0030041511724814,1.0,0.0,8.832101527028089e-05,0.00015526661176982313,2.43054699442349e-13,5.947437422510803e-13,1.7520999906664247
2018-10-05,22107.459501189547,22458.81315263491,21902.220545397453,22203.157709277348,377987.6275,0.0,0.0,22203.15770927735,22107.45950118955,22458.813152634913,21902.220545397457,-4.3539105011896075e-05,-0.004362971462451142,0.0043194323574392915,0.02509507875032634,961.4998649999998,197041308.96,973.3041950000002,961.4998649999998,-0.0142933124670866,1.0,0.0,0.0003076742032874251,0.0001656316654057803,5.187847117408977e-15,5.629010315453908e-13,1.7500188102125431
2018-10-08,22124.762005456632,22337.743714794444,21927.21471039567,22160.974302929688,269975.379,0.0,0.0,22160.974302929688,22124.762005456632,22337.743714794444,21927.21471039567,-0.0019016902685628234,-0.0035370838992227287,0.00163539363065986,0.0185492448195275,949.80042,177302886.39000002,959.3449549999998,949.80042,-0.0116732679065155,1.0,0.0,0.0001710040926566398,0.00016741400652505202,3.1785333639728813e-13,5.638702753084623e-13,1.7477719101426867
2018-10-09,22084.3287131928,22252.55748093644,21820.37278276561,22114.201461035154,252377.5916,57.019230085,0.061672,22114.201461035154,22084.3287131928,22252.55748093644,21820.37278276561,-0.0021128254597340634,-0.0034645786638932132,0.0013517532041591098,0.019612880258208502,949.867165,170633068.075,955.283045,949.867165,6.700262512106061e-05,1.0,0.0,0.00019162668476813133,0.00016978198592113182,3.7856596680317557e-13,5.50607660719137e-13,1.7446576150809765
2018-10-10,22027.852358338867,22227.086116696755,21610.86420288501,21857.691051220703,361668.8925,0.0,0.0,21857.6910512207,22027.852358338863,22227.08611669675,21610.864202885008,-0.011667149394136645,-0.003912333267971936,-0.007754816126164583,0.028115479915768217,947.74086,163855694.95999998,953.13767,945.12827,-0.0021368297765526,1.0,0.0,0.00037200945456520717,0.00018098493306641574,1.47587412758073e-12,6.131580482254509e-13,1.7424332900446036
2018-10-11,21580.308341759035,21700.95116976264,21010.839668761226,21298.790847460936,892103.6021,0.0,0.0,21298.790847460932,21580.30834175903,21700.951169762637,21010.839668761222,-0.02590254941821574,-0.012771604758141835,-0.013130944660073949,0.032317613039743114,901.9061149999998,328026531.20500004,927.002235,895.1744050000001,-0.0472656445022669,1.0,0.0,0.0004556085228872782,0.00019610177959373748,1.3632398384927499e-12,6.696302627812641e-13,1.7311674552396088
2018-10-12,21095.50808740115,21603.253991945658,20924.013838935272,21550.20796201172,374216.609,0.0,0.0,21550.20796201172,21095.50808740115,21603.253991945658,20924.013838935272,0.011735163333362048,-0.009590172413820212,0.02132533574718228,0.03194646422047723,924.97128,194162902.23,924.97128,889.9492250000001,0.0240780290539904,1.0,0.0,0.0003346132228390931,0.00020239256030562137,1.4551729532106854e-12,7.058808390484911e-13,1.7097600170454292
2018-10-15,21525.751944625343,21706.22546696288,21280.975986656915,21507.84026914062,293211.2682,0.0,0.0,21507.840269140615,21525.75194462534,21706.225466962875,21280.97598665691,-0.001967934371618549,-0.0011354834607065095,-0.0008324509109121103,0.01978557982407885,907.38874,117377861.885,924.97128,907.38874,-0.0182993148503729,1.0,0.0,0.0001954668923383783,0.00020097963942600135,3.12056441871074e-13,7.021879695093863e-13,1.7330092703035032
2018-10-16,21498.08262558627,21743.96687415424,21354.49294275465,21560.49072685547,186526.9906,51.00000000000001,0.0,21560.49072685547,21498.08262558627,21743.96687415424,21354.49294275465,0.0024449744267086735,-0.00045378138939933883,0.002898755816107928,0.018074174141622535,918.573295,112261218.79,918.878415,906.1682600000004,0.0116810824818504,1.0,0.0,0.00016009193687893477,0.00020124508619666159,6.079585858794733e-13,7.003103054458352e-13,1.7299482173487615
2018-10-17,21679.21766825737,21845.27692922946,21504.90182659984,21735.858721875,231444.7945,0.0,0.0,21735.858721875004,21679.217668257374,21845.276929229465,21504.901826599842,0.00810086560556791,0.005491583740224165,0.002609281865343798,0.015703838248293404,926.4206000000004,131362560.33499998,929.919945,923.99871,0.0081110842247053,1.0,0.0,0.00012067523993502,0.00020294196408394646,1.6103015362513783e-12,7.656367148449913e-13,1.733663788324364
2018-10-18,21720.209375317263,21831.307476115784,21484.050654080256,21643.22258222657,258288.1529,0.0,0.0,21643.222582226572,21720.209375317267,21831.307476115788,21484.05065408026,-0.004271011634285329,-0.0007202376063676557,-0.0035507740279176756,0.01603423251583121,918.668645,120245837.32499996,925.610125,917.9153799999998,-0.0080121138897677,1.0,0.0,0.000123677908349818,0.0002019954635468169,7.640193222196745e-13,7.737570359920238e-13,1.741455130067333
2018-10-19,21475.627713623377,21713.55958621933,21310.6937792486,21559.422818261715,286171.615,0.0,0.0,21559.422818261715,21475.627713623377,21713.55958621933,21310.6937792486,-0.003879386009089604,-0.007773663324974454,0.003894277315884923,0.018727929031973796,913.79626,126216053.61999996,915.007205,901.848905,-0.0050705801058745,1.0,0.0,0.00016950935602660423,0.00020184132926375455,6.287808563777186e-13,7.966566751751907e-13,1.7340958181156285
2018-10-22,21547.428136601706,21701.993619343124,21288.759094976624,21426.24447685547,243150.7389,0.0,0.0,21426.244476855474,21547.42813660171,21701.993619343128,21288.759094976627,-0.0061964266654110966,-0.0005565093113449744,-0.005639917354066101,0.01922493679491386,909.171785,126820334.24499996,918.9737649999998,909.171785,-0.0048376562422687,1.0,0.0,0.00017251158839352344,0.00020430938802231056,1.1893773522907055e-12,8.125559917029432e-13,1.7311234447827903
2018-10-23,21441.524639526982,21540.498227202414,20980.480459616418,21290.570009765623,421477.0689,0.0,0.0,21290.570009765626,21441.524639526986,21540.498227202417,20980.48045961642,-0.006352295925822804,0.0007128975280785845,-0.0070651934539013575,0.026342298240221877,895.98488,173385279.07999998,906.22547,882.2640150000002,-0.013931131666945,1.0,0.0,0.0003276756986797351,0.00021505710487144586,7.078960381215768e-13,8.470008746672689e-13,1.7266128303052675
2018-10-24,21264.88472277988,21459.375810471804,21071.890847322607,21188.47987314453,278736.4991,39.9,0.0,21188.479873144533,21264.884722779883,21459.375810471807,21071.89084732261,-0.00480662036728948,-0.0012071444314820327,-0.0035994759358074953,0.01822168559370919,879.8230550000001,125962346.33999996,895.3937099999997,879.8230550000001,-0.0173562977554372,1.0,0.0,0.0001610099955016931,0.00021231534789000408,8.138533980693013e-13,8.359054794391571e-13,1.723263356809582
2018-10-25,20561.869504864964,21171.80920000275,20451.32363539287,20974.863391406245,426994.6777,0.0,0.0,20974.863391406245,20561.869504864964,21171.80920000275,20451.32363539287,-0.010132892363866339,-0.030019266093211455,0.019886373729345205,0.03462293621145729,867.847095,156011555.58,869.6587450000001,844.1716900000002,-0.0130679769301118,1.0,0.0,0.00044660685158930775,0.00022717761217005912,1.1313886735808688e-12,8.64785959164675e-13,1.7220187736619614
2018-10-26,21052.84934940344,21278.680090969927,20754.46084164845,20962.23667373047,309303.2528,0.0,0.0,20962.23667373047,21052.84934940344,21278.680090969927,20754.46084164845,-0.0006021741149347624,0.0037111725772573166,-0.0043133466921921075,0.024944432857321966,858.9318700000001,127408243.275,875.4655599999998,858.9318700000001,-0.0098457796181184,1.0,0.0,0.00030392537427075363,0.00023086155856073004,9.287524568465014e-14,8.136498685895661e-13,1.715141953942359
2018-10-29,20950.08848222173,21092.520073037595,20775.767182452764,20873.390234765626,276990.53079999995,0.0,0.0,20873.390234765626,20950.08848222173,21092.520073037595,20775.767182452764,-0.004247412031315391,-0.0005796954382145216,-0.0036677165931008754,0.015131210508002818,847.4898700000002,108150432.38,856.0904399999998,843.7712200000001,-0.0127871208555625,1.0,0.0,0.00010928027795745748,0.00022844115414447246,7.346263095859154e-13,7.979301084385209e-13,1.7199732718530303
2018-10-30,20860.33708143399,21091.446550215194,20387.16242272456,20916.427597558595,279471.34079999995,0.0,0.0,20916.427597558595,20860.33708143399,21091.446550215194,20387.16242272456,0.0020597064184753088,-0.000625544594106585,0.0026852510125819204,0.033962171769072284,847.3659150000001,113988455.43500002,853.1918,839.890475,-0.0001394703829751,1.0,0.0,0.0005739291519454208,0.00024615771171143555,3.523550759568e-13,7.625563672557249e-13,1.718050995652705
2018-10-31,20985.63849421205,21169.80480528836,20757.653870757007,21118.33370976562,227067.70899999992,0.0,0.0,21118.333709765622,20985.638494212053,21169.804805288364,20757.65387075701,0.009606699727993861,0.003303462862315171,0.006303236865678732,0.019660824853463175,872.22366,151818520.26,872.22366,852.6483050000002,0.0275688005595287,1.0,0.0,0.00017792623489381912,0.000248157185151726,2.0033608844697952e-12,8.09389924470166e-13,1.7231610517761506
2018-11-01,21116.020154532387,21275.95552030075,20817.11082042408,21077.32872138672,249162.3888,0.0,0.0,21077.328721386726,21116.020154532398,21275.955520300762,20817.11082042409,-0.001943564761123814,-0.00010955797941036118,-0.0018340067817134579,0.021802302148110485,865.7398599999999,116034590.155,876.1139400000001,863.613555,-0.0071144554082196,1.0,0.0,0.00023637085715342502,0.00025555967724588327,3.700845556172212e-13,8.157414172789097e-13,1.7333917286152154
2018-11-02,21181.204038577547,21378.213519651435,20892.271185829974,21256.45062822266,246735.5383,0.0,0.0,21256.450628222665,21181.20403857755,21378.21351965144,20892.271185829977,0.00846241363436319,0.004916191813559368,0.003546221820804026,0.02299305276660247,881.8540100000002,199365379.39500004,884.4856700000001,868.0663999999999,0.0175844946166466,1.0,0.0,0.0002594823199378199,0.000253150083078403,1.6135104923126547e-12,8.961575495386719e-13,1.7283509325868103
2018-11-05,21156.48057991197,21369.85352025794,20921.606013494064,21191.03269946289,187705.4274,0.0,0.0,21191.032699462892,21156.480579911975,21369.853520257944,20921.606013494067,-0.0030823019610908445,-0.0047141393249688825,0.001631837363877974,0.02119880931316264,882.492855,115489169.085,882.492855,873.186695,0.0006904977090437,1.0,0.0,0.0002236660975273871,0.00025578318332194035,7.749010168267878e-13,9.19009933560147e-13,1.7370543179751081
2018-11-06,21227.223752768405,21479.462814870105,20971.18779681796,21275.62741118164,224761.7523,0.0,0.0,21275.627411181642,21227.22375276841,21479.46281487011,20971.187796817965,0.003984058242112544,0.0017063908380081103,0.0022776674041042944,0.0239477747282018,879.1746750000001,114841980.96,887.9659449999999,879.060255,-0.0035919244893574,1.0,0.0,0.00028474395138068,0.0002604390466525678,8.331455772413666e-13,9.417389140820564e-13,1.7307318513047232
2018-11-07,21294.423283452583,21441.62032506038,21024.13421287769,21284.27940507813,228420.4142,0.0,0.0,21284.279405078134,21294.423283452586,21441.620325060383,21024.134212877692,0.00040657955634301594,0.0008830561949373128,-0.00047647663859420777,0.019662882134382734,879.27956,120904267.215,881.6061000000001,872.843435,0.0001137451809982,1.0,0.0,0.00019322676651148195,0.00025149991224988156,8.36279924795279e-14,8.721266073269963e-13,1.735105044110247
2018-11-08,21361.682537540157,21565.382824038486,21147.24984417943,21389.78175703125,246526.51129999995,0.0,0.0,21389.781757031255,21361.68253754016,21565.38282403849,21147.249844179434,0.004944575886649897,0.0036300373555812246,0.00131453853106863,0.019579516012874162,883.2079799999999,130336508.52,889.4820099999997,882.50239,0.0042505318057548,1.0,0.0,0.0001910112025316126,0.0002382700462320983,9.37689522405875e-13,8.508490915226526e-13,1.7339469642018983
2018-11-09,21355.8666632592,21527.504223375185,21125.71873022888,21328.735643066404,236339.7039,0.0,0.0,21328.73564306641,21355.86666325921,21527.504223375196,21125.71873022889,-0.002858065271688747,-0.0015868329124501686,-0.0012712323592385902,0.01884018837607905,871.7755149999999,125013032.205,882.2830849999999,871.7755149999999,-0.0124229197692732,1.0,0.0,0.00017685208508565415,0.00023038198934442633,5.669834005444498e-13,8.064396138893407e-13,1.7383021383923847
2018-11-12,21236.719722843143,21637.823322792967,21029.942104071422,21470.337029687496,170638.4757,0.0,0.0,21470.337029687504,21236.719722843154,21637.823322792978,21029.942104071433,0.006617054737440524,-0.004323508947240536,0.010940563684680953,0.028495626401592665,875.4274199999998,104702652.66,876.256965,861.916325,0.0039859096141583,1.0,0.0,0.00035976249775738676,0.00023859676961537676,1.8061295679446125e-12,8.811432701930177e-13,1.733250735268717
2018-11-13,21300.903062669346,21784.076174206017,21134.02738866044,21539.485829296875,289225.70670000004,0.0,0.0,21539.485829296886,21300.903062669357,21784.076174206028,21134.027388660452,0.0032154914664847913,-0.007922840345613275,0.011138331812098015,0.03029483819092064,863.2798300000001,126632046.6,867.8757,861.4681799999998,-0.0133235949059537,1.0,0.0,0.0004109639912247969,0.00025114037233266986,5.161490572516397e-13,8.765527937616259e-13,1.740307977190831
2018-11-14,21627.86803693929,21936.57735488185,21411.683928251543,21615.23914414063,239843.9826,0.0,0.0,21615.239144140643,21627.868036939304,21936.577354881865,21411.683928251558,0.003510780926029009,0.0040948690723695185,-0.0005840881463404213,0.024218691452753193,859.036755,119366614.97499998,868.23803,857.034405,-0.0046980679774057,1.0,0.0,0.00029314072005829554,0.0002597636463388336,6.77196739403914e-13,8.298975539192528e-13,1.7408747860510445
2018-11-15,21596.63276400654,21988.58513328624,21405.632136405195,21746.24389208985,218061.9046,0.0,0.0,21746.24389208986,21596.63276400655,21988.58513328625,21405.632136405206,0.006042466141516109,-0.0008611698805151705,0.0069036360220311255,0.026869389782090473,855.4325250000002,128712488.25,861.8019049999999,850.9987499999999,-0.004008982147127,1.0,0.0,0.0003425711908586271,0.0002707083104642741,1.274236878345469e-12,8.554084317255425e-13,1.7423007645150186
2018-11-16,21799.60637692259,22031.186028035,21528.002878356387,21739.47331425781,262067.4557,0.0,0.0,21739.473314257822,21799.606376922602,22031.186028035012,21528.002878356398,-0.0003113931801846975,0.0024508655228595543,-0.002762258703044134,0.023104449188785795,856.424165,135871995.55999997,861.2107350000001,852.5624899999999,0.0011046822450557,1.0,0.0,0.0002639603319286956,0.0002754308592593786,5.465715049501555e-14,8.267022464314074e-13,1.7461418951581038
2018-11-19,21782.861862933736,22021.093352436958,21547.035625297038,21794.46798486328,190028.0885,0.0,0.0361333333333333,21794.46798486329,21782.861862933747,22021.09335243697,21547.03562529705,0.0025265206052253195,0.001993852713709261,0.0005326678915161899,0.021762533664173495,873.4632099999998,118100805.585,873.4632099999998,858.731635,0.0187841764548841,1.0,0.0,0.00023669433047966183,0.0002786399963636855,6.10040646434624e-13,7.977354111386032e-13,1.742536527035842
2018-11-20,21687.05213141813,21865.8125162707,21476.30419841031,21686.96089584961,200075.8885,0.0,0.0,21686.96089584962,21687.052131418142,21865.81251627071,21476.304198410322,-0.00494497585988601,-0.004940768936792934,-4.206923093053456e-06,0.017974147728195028,876.2855699999998,120297936.56500004,876.2855699999998,867.45616,0.0030760102532203,1.0,0.0,0.00016153498644077364,0.00027033296075173747,1.1396479804876922e-12,8.193230082569091e-13,1.7439367625764248
2018-11-21,21647.634547764537,21912.210290659878,21392.618383918005,21776.182695996104,248758.7897,0.0,0.0,21776.182695996114,21647.63454776455,21912.21029065989,21392.618383918016,0.0041056360908016815,-0.0018150098542943991,0.005920645945095983,0.023998101776305483,879.66096,113545735.85,879.66096,865.272645,0.0036657589216529,1.0,0.0,0.0002744132631988403,0.00027600312413659486,7.579145871553522e-13,8.165260677112116e-13,1.737270751660489
2018-11-22,21789.150029652374,21943.548796699197,21503.171951302465,21780.08741191407,146755.2981,0.0,0.0,21780.087411914083,21789.150029652385,21943.548796699208,21503.171951302476,0.00017929523895192769,0.0005953051762917147,-0.0004160099373396886,0.02027273497392845,881.4344699999999,109091975.48999996,883.084025,879.1460700000003,0.001920443750917,1.0,0.0,0.0002054250379107445,0.0002639440334526667,5.609386307025001e-14,7.627613271856806e-13,1.7425305940441334
2018-11-23,21689.798089008596,22018.10935780204,21548.771485441343,21850.727701904296,165307.1471,0.0,0.0,21850.727701904303,21689.7980890086,22018.109357802045,21548.771485441346,0.003238094522387081,-0.004154115047974077,0.007392209570361215,0.021546460092732814,875.284395,106702170.765,882.78844,874.235545,-0.0066762196122725,1.0,0.0,0.00021101600771022164,0.0002592985651246401,8.964622087362808e-13,8.029406753382623e-13,1.7410474278498054
2018-11-26,21809.6725552631,22214.634787920524,21565.93463400373,21792.734902050783,170286.0927,68.0,0.0,21792.73490205079,21809.67255526311,22214.634787920535,21565.93463400374,-0.002657572544684412,-0.0018806588350062962,-0.0007769137096780675,0.029636326885418045,878.202105,86245448.04,879.0888600000001,871.9090049999998,0.0031731513787717,1.0,0.0,0.00043892277031865956,0.0002757806897427002,7.161338660507534e-13,8.020160531615041e-13,1.7435946504554067
2018-11-27,21711.13472232282,22021.782739909388,21535.558005919072,21835.484010644526,171384.13559999995,0.0,0.0,21835.484010644534,21711.13472232283,22021.7827399094,21535.558005919083,0.0019597005488819355,-0.003751403088014101,0.005711103636896101,0.02232665829725565,880.1949200000001,103932958.855,887.1077949999999,878.42141,0.0021612296756672,1.0,0.0,0.00023664018623744155,0.0002589162414573012,5.236682854368659e-13,8.105817136355073e-13,1.739205267499683
2018-11-28,21821.149529352217,22150.53179613912,21631.469788959923,21985.11971142579,138118.12529999996,0.0,0.0,21985.119711425796,21821.14952935222,22150.531796139123,21631.469788959927,0.006829494332794174,-0.0006566920371594097,0.00748618636995365,0.023712315993375175,886.9456999999999,92277546.48499998,886.9456999999999,879.155605,0.0072851022380677,1.0,0.0,0.00025948787527145707,0.00026299432347618313,2.2491014174423373e-12,8.228687402841344e-13,1.7415150711794514
2018-11-29,22101.72572709426,22337.294671683387,21893.96562352322,22022.064531884767,178017.8798,56.4,0.0,22022.064531884775,22101.725727094265,22337.29467168339,21893.965623523225,0.0016790362652683232,0.0052898449149058795,-0.003610808649637486,0.020046631804195955,883.6942650000001,111964632.615,894.1446249999999,883.6942650000001,-0.0035018375485466,1.0,0.0,0.00019589724098988598,0.0002609706426680062,4.282904802580201e-13,8.257790365161744e-13,1.7474294089856262
2018-11-30,21964.10412805352,22193.54178603797,21775.61897587662,22046.477790039065,193100.8583,0.0,0.0,22046.47779003907,21964.104128053525,22193.541786037975,21775.618975876623,0.0011079676960228943,-0.002635393767771848,0.0037433614637947654,0.019010387694723654,883.45589,122781479.875,885.7252199999999,878.2497799999999,-0.0002572396728546,1.0,0.0,0.00017528437189281263,0.0002567607452657559,2.6025775482725057e-13,7.581163996419043e-13,1.745965829162886
2018-12-03,22247.17970175552,22412.88314243901,21985.65854163337,22228.703261718754,351192.19490000006,0.0,0.0,22228.703261718758,22247.179701755522,22412.883142439012,21985.658541633373,0.008231541748225667,0.009062393880596814,-0.0008308521323710938,0.01924557750062538,907.341065,151555831.01,907.341065,893.52485,0.0254365688249818,1.0,0.0,0.00018492946177169008,0.000254823913477971,1.0544407988777515e-12,7.720933887444524e-13,1.7452818164927955
2018-12-04,22262.7933416839,22502.102749956488,22085.377484915763,22275.82820654297,261818.8755,152.75,0.0,22275.828206542974,22262.793341683904,22502.10274995649,22085.377484915767,0.002117760186753514,0.001532431553845045,0.0005853286329084232,0.018693023128307944,914.2539399999998,168862714.16000003,915.77954,906.6736150000002,0.0072370180388745,1.0,0.0,0.00017458220867789788,0.0002493158263428319,3.6311314103628113e-13,7.485917669341983e-13,1.752176289235111
2018-12-05,22191.85009812595,22467.395630941654,21982.97564168601,22255.47756894532,238401.5986,0.0,0.0,22255.477568945324,22191.850098125953,22467.395630941657,21982.975641686015,-0.000913992467095608,-0.0037770448764188882,0.0028630524093233457,0.02179685587980504,912.63299,146837169.28,916.1895449999998,902.935895,-0.001692032719932,1.0,0.0,0.0002343849815520227,0.0002513737370948589,1.7226479638081412e-13,7.530236071292625e-13,1.7502460244756328
2018-12-06,22243.331729731537,22438.945438751365,21951.353255279268,22189.987384375,235639.7385,8.52,0.0,22189.987384375,22243.331729731537,22438.945438751365,21951.353255279268,-0.0029469927713140246,-0.0005458950343541231,-0.0024010977369599592,0.021969295500217843,910.42087,138295811.63,914.969065,904.33754,-0.0023139825997309,1.0,0.0,0.00023909788096433188,0.00025377807101649484,5.636032426648831e-13,7.343192931422128e-13,1.7469387746744012
2018-12-07,22206.64876373481,22529.320372953967,21999.052590418392,22260.07351279296,259568.3416,446.55,0.0,22260.07351279296,22206.64876373481,22529.320372953967,21999.052590418392,0.003153479886593246,0.000750569483977083,0.002402910402616317,0.023818200204104138,914.015565,144595957.995,917.6388649999998,911.5078600000004,0.0037573752114443,1.0,0.0,0.0002814228751830856,0.0002590066105213664,5.457726253595011e-13,7.332587543829654e-13,1.743109575218881
2018-12-10,22141.79087322981,22454.85509842659,21891.22383458057,22297.40011162109,196166.3917,18.9,0.0,22297.400111621086,22141.790873229806,22454.855098426586,21891.223834580567,0.0016754364430240575,-0.005327835711159742,0.007003272154183769,0.025421035184539725,911.441115,123242458.98499998,913.691375,907.25525,-0.0026894527044705,1.0,0.0,0.000304168390889939,0.00025622690517799405,3.8304440837604453e-13,6.62104496404537e-13,1.7466808432316547
2018-12-11,22244.104087788888,22497.633831079133,22119.855584189118,22367.62300439453,143331.69509999998,0.0,0.0,22367.623004394525,22244.104087788884,22497.63383107913,22119.855584189114,0.0031444269244549706,-0.002393096067376538,0.005537522991831647,0.01693449272809112,910.19203,120924138.155,913.424395,905.19569,-0.0013076208427915,1.0,0.0,0.00013154312954051216,0.0002422558620937798,9.80797691455953e-13,6.853369281147527e-13,1.7468235450254053
2018-12-12,22367.6229578393,22374.014293989352,22354.84028553921,22369.75340322265,16419.8176,0.0,0.0,22369.753403222647,22367.622957839296,22374.01429398935,22354.840285539205,9.52402219709919e-05,-2.0813668588093292e-09,9.524230333789292e-05,0.0008573440927498322,916.58048,137276596.41,916.58048,911.546,0.0066690426685759,1.0,0.0,3.6401533331922635e-07,0.000227617026857531,2.592930485846091e-13,6.644417435737874e-13,1.7485904072842384
2018-12-13,22373.396236195145,22575.854512774597,22217.52029225948,22354.16346923828,273792.2895,0.0,0.0,22354.163469238272,22373.396236195138,22575.85451277459,22217.520292259473,-0.0006971632051044655,0.0001628331045042637,-0.0008599963096085732,0.01599977078246717,915.598375,139054139.71499997,921.8724050000002,915.4553499999998,-0.0010222115648077,1.0,0.0,0.00012771063168824867,0.00021687399889901208,1.1390815615454562e-13,6.064253074642412e-13,1.7467261597502777
2018-12-14,22361.935516364225,22571.41338413641,22197.900134495238,22369.79948120117,271307.757,0.0,0.0,22369.799481201164,22361.935516364218,22571.413384136402,22197.90013449523,0.0006992230369777601,0.00034761740762372957,0.0003516056293541422,0.016686515248505573,907.77014,125283301.78,915.4458150000002,906.81664,-0.0081873388428642,1.0,0.0,0.00013917213934228694,0.00021063458926969168,1.152103315066374e-13,6.094529665148224e-13,1.7450920753168706
2018-12-17,22174.081843670087,22352.241566016703,21916.939672931137,22135.05882392579,265921.3778,0.0,0.0,22135.05882392578,22174.08184367008,22352.241566016695,21916.93967293113,-0.010549088036818022,-0.008787689406851094,-0.0017613986299667933,0.01966677094022325,890.2352750000001,136479499.015,904.003815,890.2352750000001,-0.0185984132504779,1.0,0.0,0.00019219245164324355,0.00020840949532787076,1.7921773486940236e-12,6.685598016277923e-13,1.7454519188453705
2018-12-18,22010.85194333048,22250.28424987484,21763.83073806409,22125.784612402356,301024.91899999994,0.0,0.0,22125.78461240235,22010.851943330472,22250.284249874832,21763.830738064084,-0.0004190707152927558,-0.005627121795977975,0.005208051080685281,0.022105332364472926,884.1328749999999,148415984.11499998,885.0387000000002,874.3881049999999,-0.0065585727981531,1.0,0.0,0.000233845090002139,0.00021202500050593898,6.291963357923446e-14,6.147233842823695e-13,1.7342184274919585
2018-12-19,22164.85514795513,22315.430870560864,21647.273604490507,22084.78634248047,181630.2181,0.0,0.0,22084.786342480464,22164.855147955124,22315.430870560856,21647.2736044905,-0.0018546822983143817,0.0017642800329231226,-0.0036189623312374714,0.030398890446752917,876.4953399999999,113857635.23499998,883.9231050000001,872.0234250000001,-0.0082725418583287,1.0,0.0,0.00045698701607712217,0.00022115368814985313,4.623684801979133e-13,5.999460789344975e-13,1.7375834766241134
2018-12-20,22036.735080286784,22218.72188546992,21811.35162620497,21976.58022216797,157188.60969999997,0.0,0.0,21976.580222167962,22036.735080286777,22218.721885469913,21811.351626204963,-0.004911619692235061,-0.0021781334660059314,-0.0027334862262291316,0.018504710583659482,875.54184,102793860.08,878.9267649999997,871.67063,-0.0010378345278703,1.0,0.0,0.00016832578591952,0.00021929872555029187,1.4218164888867431e-12,6.682322102253221e-13,1.7368076645204695
2018-12-21,21841.97742564659,22084.68904166268,21656.065567832404,22013.512840039057,181529.6574,53.2,0.0,22013.51284003905,21841.977425646583,22084.689041662674,21656.065567832396,0.0016791338220837964,-0.006143662736700189,0.007822796558784036,0.019598984874130285,869.83991,125118041.16,872.4715699999998,865.6635800000001,-0.0062299374865813,1.0,0.0,0.00016842037792607665,0.00021716894406108466,4.201925713935742e-13,6.444187283581868e-13,1.7330692231193456
2018-12-24,21839.049552459182,22162.67711389213,21579.878018992345,21884.849364355472,129411.62160000004,5.599542986,0.0,21884.849364355465,21839.049552459175,22162.67711389212,21579.87801899234,-0.005861897239375037,-0.007956853534745671,0.002094956295370791,0.026648355659629752,866.31196,104166442.39999998,873.7969350000001,866.31196,-0.0038751275314655,1.0,0.0,0.00035337204481115757,0.0002128914077857095,2.0697665313337244e-12,7.121003616223353e-13,1.7371353787285404
2018-12-25,21527.05049150357,21906.099513133147,21351.078186100283,21759.11084951172,266823.8191,0.0,0.0,21759.11084951171,21527.050491503564,21906.09951313314,21351.078186100276,-0.005762028107170184,-0.016484280858738407,0.010722252751568259,0.025662875705889564,856.1857899999999,160549853.25,856.1857899999999,841.1490949999999,-0.0112109456470827,1.0,0.0,0.0002848806052497626,0.0002153034287363256,9.924522753716294e-13,7.355395611190736e-13,1.7314200948254879
2018-12-26,21677.571893021915,21909.6363240755,21527.62215099227,21783.231236914064,131602.0925,0.0,0.0,21783.231236914056,21677.57189302191,21909.636324075494,21527.62215099226,0.0011079050282454398,-0.003754386712735148,0.004862291740980568,0.017589693086391307,850.283625,99226864.255,857.663715,849.4350099999999,-0.006595766345293,1.0,0.0,0.0001455659261300397,0.00020960733127925465,3.8647146819375563e-13,6.424080636566444e-13,1.7282531706020148
2018-12-27,21957.022830595342,22091.22409300325,21728.17503043511,21939.680408691405,173950.5646,24.21,0.0,21939.680408691398,21957.022830595335,22091.224093003242,21728.175030435104,0.007156423650330957,0.00794657058741114,-0.0007901469370803623,0.016570622926287245,858.922335,107289860.48999998,864.4717049999999,858.922335,0.0096384874818869,1.0,0.0,0.0001370515960811574,0.00020666504903381827,1.875166788816181e-12,7.147518790845525e-13,1.7325561093056265
2018-12-28,21991.98262193225,22039.470042373407,21849.365983327443,21904.284697363277,110394.6769,0.0,0.0,21904.28469736327,21991.982621932242,22039.4700423734,21849.365983327436,-0.0016146221689685423,0.0023810725268937362,-0.003995694695862318,0.008663034392005706,851.0368900000001,117813153.705,861.763765,851.0368900000001,-0.008794157188918,1.0,0.0,3.135667041809428e-05,0.00019946866396008234,6.677189516907851e-13,7.351249389277293e-13,1.7404825537796302
2018-12-31,21904.28469736328,21904.28469736328,21904.284697363277,21904.284697363277,0.0,0.0,0.0,21904.28469736327,21904.284697363273,21904.284697363273,21904.28469736327,0.0,2.2204460492503128e-16,-1.1102230246251565e-16,2.2204460492503128e-16,851.0368900000001,117813153.705,861.763765,851.0368900000001,0.0,1.0,0.0,1.9890457672612718e-32,0.00019022219087149784,0.0,6.824028989838416e-13,1.7365928456310975
2019-01-01,21904.28469736328,21904.28469736328,21904.28469736328,21904.28469736328,0.0,0.0,0.0,21904.284697363273,21904.284697363273,21904.284697363273,21904.284697363273,2.2204460492503128e-16,2.2204460492503128e-16,0.0,0.0,851.0368900000001,117813153.705,861.763765,851.0368900000001,0.0,1.0,0.0,0.0,0.00018149308043760294,2.2204460492503127e-08,1.1108872718670884e-09,1.7368111739945817
2019-01-02,22339.500839106506,22418.2944464182,21705.53394318072,21757.1372692871,151809.65199999997,290.52,0.0,21757.137269287097,22339.500839106502,22418.294446418196,21705.533943180715,-0.006740411950048422,0.01967418360620161,-0.02641459555624998,0.03231009343031623,850.2836249999999,87585716.24500002,858.2453500000003,849.6638499999999,-0.000844330292969,1.0,0.0,0.0002524415725585204,0.00018239590998792786,2.040728846214292e-12,1.11098069506958e-09,1.736863794765025
2019-01-03,21745.38059597379,21979.459609863094,21122.18425347827,21523.122279833984,254166.5063,0.0,0.0,21523.12227983398,21745.380595973787,21979.45960986309,21122.184253478266,-0.010814041894893942,-0.0005405054317060903,-0.010273536463187837,0.039784488551525804,837.3827699999998,128841744.71,850.722235,831.56642,-0.0145777683131386,1.0,0.0,0.0007506311132827828,0.0002079725716038504,1.9768078427565622e-12,1.1110513552995845e-09,1.730187034158563
2019-01-04,21503.11255729477,21672.685073436405,21158.723095666992,21541.920245361325,161459.85119999998,4.7,0.0,21541.92024536132,21503.112557294768,21672.6850734364,21158.72309566699,0.0008730035137072173,-0.0009301173601419136,0.001803120873849177,0.02400045530206526,839.9381499999997,112192690.745,840.4911799999999,821.7739750000002,0.0029052958036189,1.0,0.0,0.0002867549897872463,0.00020823917733405842,2.5099613275606767e-13,1.1110366164749545e-09,1.7221318054127916
2019-01-07,21597.218721110454,21969.618150125683,21428.3817455517,21690.48264023437,131323.00670000003,0.0,0.0,21690.48264023437,21597.218721110454,21969.618150125683,21428.3817455517,0.006872760694910509,0.0025637278518918258,0.004309032843018764,0.02494421260479698,848.2717400000001,83352233.45500001,854.936705,844.1335500000001,0.0094136903889633,1.0,0.0,0.0003039342486885442,0.00020822747022398866,2.4127992492827524e-12,1.1111381042169998e-09,1.7282048336324873
2019-01-08,21626.95584198725,21742.58852966876,21397.769854466173,21646.340452636723,109993.98930000002,0.0,0.0,21646.340452636723,21626.95584198725,21742.58852966876,21397.769854466173,-0.0020371683807597738,-0.0029330840426547706,0.0008959156618949842,0.015986238017945114,846.17404,87844553.355,850.3980449999999,842.579345,-0.0023608403354404,1.0,0.0,0.0001274698380687996,0.00020802380565040305,8.556053442745997e-13,1.1111318445996408e-09,1.7365108715463666
2019-01-09,21629.062818861086,21928.520468338964,21439.57778550097,21754.87108232421,149688.46860000002,23.8,0.0,21754.871082324215,21629.06281886109,21928.520468338967,21439.577785500973,0.005001282317727009,-0.0007984967620174915,0.005799779079744526,0.02254945088158765,855.279965,116132791.12000002,855.527875,847.2896350000002,0.0102060735805497,1.0,0.0,0.00024124491515052824,0.00022006785064126352,1.5358065356104803e-12,1.111195670273992e-09,1.7326445921398221
2019-01-10,21703.551457861216,21947.300880147064,21569.18136461191,21719.375405761723,128259.505,0.0,0.0,21719.375405761726,21703.55145786122,21947.300880147068,21569.181364611915,-0.0016329522564467631,-0.002361781459999399,0.0007288292035525629,0.017378658041692634,856.5290499999996,97642633.54,857.644645,853.5445949999998,0.0013915135957856,1.0,0.0,0.00015080368118770057,0.0002212225031162361,5.861875575436657e-13,1.1112192842440614e-09,1.7382944850284616
2019-01-11,21799.98375046131,21919.97439114606,21529.09405503951,21750.273466162114,208097.8019,0.0,0.0,21750.273466162118,21799.983750461313,21919.974391146065,21529.094055039513,0.0014215926010805598,0.0037044863916324763,-0.0022828937905520503,0.01799306156209708,860.7339850000001,102770613.75,862.3167950000001,857.2918500000001,0.0046695392074121,1.0,0.0,0.00015986191892834918,0.0002222569920955392,3.1408192198468434e-13,1.1112292278235854e-09,1.7349688218152757
2019-01-14,21817.788225950324,21983.281655584276,21568.158813116723,21757.795684228524,178905.3091,0.0,0.0,21757.79568422853,21817.788225950335,21983.281655584287,21568.158813116734,0.0003457849676279823,0.0030992801244309033,-0.0027534951568027296,0.01906414165238375,859.8662999999999,98017616.485,861.801905,855.4611299999999,-0.000961684971049,1.0,0.0,0.000178791966769586,0.0002215869678518563,8.883170263913716e-14,1.1111440605412828e-09,1.7366921033808786
2019-01-15,21677.42270335673,21919.35218198828,21573.409304957437,21803.40868237305,249251.36660000007,0.0,0.0,21803.408682373058,21677.42270335674,21919.35218198829,21573.409304957448,0.002094203568433172,-0.0037008250718415002,0.00579502864027477,0.015908402273342646,867.37988,101213290.805,867.37988,857.1202199999999,0.0082955675946625,1.0,0.0,0.00011356595632558934,0.00021557301116802884,3.8535140951502084e-13,1.1111601821300795e-09,1.7365773171948575
2019-01-16,21840.87223055537,21994.218664692165,21593.85578977638,21708.15040766601,307460.7312999999,0.0,0.0,21708.150407666013,21840.872230555375,21994.21866469217,21593.855789776382,-0.004378534296938163,0.0017167682271313107,-0.006095302524069476,0.01837081080663281,866.44545,102553778.31499995,870.0496800000001,864.2428649999998,-0.0010277610735607,1.0,0.0,0.0001543914613684519,0.00020044323343259532,6.560187888630149e-13,1.1111698646455127e-09,1.7384687602204565
2019-01-17,21686.05511379202,21818.69850367123,21469.51032650972,21538.04938422852,182571.0965,0.0,0.0,21538.049384228525,21686.055113792023,21818.698503671232,21469.510326509724,-0.007866675059278362,-0.0010183523591666196,-0.006848322700111803,0.01613352738625135,859.952115,111921772.79,866.7887099999999,859.952115,-0.0071726515886341,1.0,0.0,0.00011202833137643308,0.00019762836070544098,2.0005657036444663e-12,1.1111988021062507e-09,1.7332235721747544
2019-01-18,21584.899961628333,21790.31709110395,21330.67100775608,21619.759204492188,149592.7086,0.0,0.0,21619.75920449219,21584.899961628336,21790.317091103952,21330.671007756082,0.0037865647291048512,0.0021728845797406478,0.0016136801493641596,0.02131971059702827,860.3430499999997,93649718.8,864.2047250000002,858.7602400000001,0.0004333634558771,1.0,0.0,0.00022625913350583264,0.00020052029848442878,1.1708037555918128e-12,1.1112363326654605e-09,1.7268701395035642
2019-01-21,21731.0297970115,21925.715904184057,21398.595655652232,21561.62350708008,270955.403,0.0,0.0,21561.623507080083,21731.029797011503,21925.71590418406,21398.595655652236,-0.002692629503103091,0.005133509190527759,-0.007826138693630882,0.024334893832659854,868.6861749999999,113478275.725,869.34409,861.0963149999999,0.0092019629458949,1.0,0.0,0.00027243359927715507,0.00019647337620772864,4.608900433154458e-13,1.1111558888410596e-09,1.7342361349399003
2019-01-22,21613.29731406927,21822.040514714543,21358.90801525076,21509.42422836914,154946.21610000002,0.0,0.0,21509.424228369142,21613.297314069274,21822.040514714547,21358.908015250763,-0.0024238697227930276,0.0023936966498007643,-0.004817566372593761,0.02145160192703887,864.3954250000002,116639738.465,870.8982950000001,864.3954250000002,-0.0047213454740507,1.0,0.0,0.0002211201277456275,0.0001932853523325219,7.272764313152176e-13,1.1111426300488567e-09,1.7312207907507755
2019-01-23,21492.61683752881,21750.376159981886,21326.86645737936,21603.512088476564,144484.82040000006,0.0,0.0,21603.512088476567,21492.616837528814,21750.37615998189,21326.866457379365,0.004364722865856483,-0.0007817020438833591,0.005146424909739748,0.01966343817037616,865.94963,99729682.94499998,867.7994199999999,863.0319200000001,0.001712877858374,1.0,0.0,0.0001830941278932108,0.00019516176242068047,1.398331339142066e-12,1.111193223042404e-09,1.7301087266146435
2019-01-24,21588.246465581527,21717.062756046544,21200.00068301935,21426.505107128916,172633.51580000002,0.0,0.0,21426.50510712892,21588.24646558153,21717.062756046547,21200.000683019352,-0.00822718610399245,-0.000706876683966672,-0.007520309420025826,0.024097039798954716,866.5312649999998,89224878.09500001,868.2475650000001,864.4335650000002,0.0006402252341559,1.0,0.0,0.00026848676517088907,0.00020173352087516703,2.2242052799360868e-12,1.11121067496696e-09,1.7360016668013483
2019-01-25,21466.708344318657,21632.8770487221,21315.71996049145,21487.78151630859,184991.99040000007,0.0,0.0,21487.78151630859,21466.708344318657,21632.8770487221,21315.71996049145,0.00285575996458427,0.0018745738883929521,0.0009811860761913202,0.014769416258888493,866.6170799999999,90458077.785,869.2010649999999,865.7398600000002,9.44230801743142e-05,1.0,0.0,0.00010869593264420307,0.0002056004839864725,7.184179852826951e-13,1.1112132099186397e-09,1.7266975524066392
2019-01-28,21539.77221877636,21668.470531687617,21349.687786695464,21477.333223828125,161960.5244,0.0,0.0,21477.33322382813,21539.772218776365,21668.47053168762,21349.687786695467,-0.0004863616796843519,0.0024166248488279272,-0.0029029865285121995,0.014821117076930642,869.7636299999998,100437847.395,870.955505,866.6361499999998,0.0034557383548499,1.0,0.0,0.00010657732534261188,0.00021092935025360308,1.3982016814279743e-13,1.111220200927047e-09,1.7327695758676018
2019-01-29,21483.907538467764,21638.28109686253,21202.13310227748,21506.778181835936,240287.0545000001,0.0,0.0,21506.77818183594,21483.907538467767,21638.281096862534,21202.133102277483,0.0013700393773702119,0.0003060579524381484,0.0010639814249319083,0.020362224422025597,873.339255,92537413.37500004,873.339255,864.9103150000001,0.0039118324556143,1.0,0.0,0.0002068727846746331,0.00022127298948733474,2.6511073887088893e-13,1.0104318388340877e-12,1.7321674027856222
2019-01-30,21468.42204261519,21677.289091863167,21363.007919163967,21530.639166064448,270090.4883,0.0,0.0,21530.63916606445,21468.422042615195,21677.28909186317,21363.00791916397,0.0011088484460148658,-0.001785036449166422,0.002893884895181276,0.01460430250148508,873.2534400000001,96990077.20999998,875.1223000000002,871.0031800000003,-9.369626106881268e-05,1.0,0.0,0.00010340777669208919,0.00021382129969401315,1.906803671645223e-13,9.179294148815994e-13,1.7339895455804228
2019-01-31,21578.12874695478,21733.405593129715,21423.647120531357,21576.28501967773,162895.1838,0.0,0.0,21576.285019677733,21578.128746954782,21733.40559312972,21423.64712053136,0.0021177976177094403,0.002203245529857686,-8.544791214828155e-05,0.014355187505459872,868.3047750000002,105095027.445,877.56326,868.0473299999998,-0.0054187850126969,1.0,0.0,0.00010303288368978679,0.00018144138821436337,6.025589491621415e-13,8.492169702018781e-13,1.7348469371361492
2019-02-01,21522.47898353501,21724.138419734623,21350.37055261182,21564.01854047851,294692.6295,0.0,0.0,21564.018540478515,21522.478983535013,21724.138419734627,21350.370552611825,-0.0005686784059222215,-0.002496872722039797,0.0019281943161175547,0.01735491627657614,866.416845,96534628.40000002,870.3643350000001,865.32032,-0.0020754246041146,1.0,0.0,0.00014916034280667442,0.0001745616558653348,8.948861092939428e-14,8.411415941105444e-13,1.7365837642425426
2019-02-04,21564.01854047851,21564.01854047851,21564.01854047851,21564.01854047851,0.0,0.0,0.0,21564.018540478515,21564.018540478515,21564.018540478515,21564.018540478515,0.0,0.0,0.0,0.0,866.416845,96534628.40000002,870.3643350000001,865.32032,0.0,1.0,0.0,0.0,0.0001593649434309076,0.0,7.205016316464069e-13,1.7351412241113664
2019-02-05,21564.01854047851,21564.01854047851,21564.01854047851,21564.01854047851,0.0,0.0,0.0,21564.018540478515,21564.018540478515,21564.018540478515,21564.018540478515,0.0,0.0,0.0,0.0,866.416845,96534628.40000002,870.3643350000001,865.32032,0.0,1.0,0.0,0.0,0.0001529914515274676,0.0,6.777213644326769e-13,1.7351404278222198
2019-02-06,21564.01854047851,21564.01854047851,21564.01854047851,21564.01854047851,0.0,0.0,0.0,21564.018540478515,21564.018540478515,21564.018540478515,21564.018540478515,0.0,0.0,0.0,0.0,866.416845,96534628.40000002,870.3643350000001,865.32032,0.0,1.0,0.0,0.0,0.00014092920576994118,0.0,6.009310376521529e-13,1.7351068801168505
2019-02-07,21564.01854047851,21564.01854047851,21564.01854047851,21564.01854047851,0.0,0.0,0.0,21564.018540478515,21564.018540478515,21564.018540478515,21564.018540478515,0.0,0.0,0.0,0.0,866.416845,96534628.40000002,870.3643350000001,865.32032,0.0,1.0,0.0,0.0,0.00013338902171055616,0.0,5.716216597749696e-13,1.7350992754332193
2019-02-08,21564.01854047851,21564.01854047851,21564.01854047851,21564.01854047851,0.0,0.0,0.0,21564.018540478515,21564.018540478515,21564.018540478515,21564.018540478515,0.0,0.0,0.0,0.0,866.416845,96534628.40000002,870.3643350000001,865.32032,0.0,1.0,0.0,0.0,0.0001253959257641387,0.0,5.559175636757354e-13,1.7351223521775658
2019-02-11,21639.76056717852,21831.602124308414,21454.987134396983,21730.46366586914,276454.2916,0.0,0.0,21730.463665869145,21639.760567178524,21831.602124308418,21454.987134396986,0.00768901425494395,0.003506272176265413,0.004182742078678429,0.017401440024834316,883.0363499999999,100578593.53,883.0363499999999,873.2725100000001,0.0181167176039626,1.0,0.0,0.00014464670964309508,0.00012368866290781414,1.2799067717516144e-12,6.154713171313593e-13,1.7351488838781783
2019-02-12,21813.29257981636,21989.260699646657,21535.324890550368,21825.56323330078,313194.0838,0.0,0.0,21825.56323330078,21813.29257981636,21989.260699646657,21535.324890550368,0.0043667765552077836,0.003804403707470023,0.0005623728477376477,0.020859579137214864,893.9443900000001,164190039.735,894.9932399999999,883.8754299999999,0.011706313465559,1.0,0.0,0.00021743885019239842,0.0001288823076011546,6.388250833335085e-13,6.281450008222836e-13,1.7428683519945984
2019-02-13,21896.47816498372,22032.31750942801,21697.42232371421,21880.31556523437,403495.8801,0.0,0.0,21880.315565234374,21896.478164983724,22032.317509428012,21697.422323714214,0.00250549180480897,0.003243901318458775,-0.0007384095136497254,0.015316886602240332,901.295875,167968378.83499998,901.295875,893.7536899999999,0.0078091832786008,1.0,0.0,0.00011709288112955179,0.0001270173785892096,2.8379209926802563e-13,6.095336663425342e-13,1.7441919109873538
2019-02-14,22010.089369978417,22087.00641762928,21794.824744778227,21966.26394638672,287806.5993,0.0,0.0,21966.263946386724,22010.08936997842,22087.006417629284,21794.82474477823,0.003920419434900737,0.005913555963744022,-0.0019931365288430257,0.013316946129286448,908.0561900000002,149370847.62,909.31481,902.001465,0.0071251919101895,1.0,0.0,8.713593674424192e-05,0.00012577275885760004,6.201197849834163e-13,5.405113704094817e-13,1.7440455328746598
2019-02-15,22022.496118519,22187.052534530776,21828.20109876437,22000.442515625,299445.1034,0.0,0.0,22000.442515625004,22022.496118519004,22187.05253453078,21828.201098764373,0.0015547480752341543,0.002556662323718245,-0.001001914248483987,0.01630613741204966,906.673615,138565003.75,910.9739,904.16591,-0.0014528725035842,1.0,0.0,0.00013255728394689591,0.00012108766637965321,2.359996700364577e-13,4.937711661317139e-13,1.7459408590853869
2019-02-18,22000.44250283964,22008.96428466797,22000.44250283964,22008.96428466797,623.2429999999999,0.0,0.0,22008.964284667974,22000.442502839644,22008.964284667974,22000.442502839644,0.00038727034827574933,-5.811410243606849e-10,0.0003872709294167133,0.0003872709294167133,916.59955,161304891.75999996,916.59955,908.99062,0.0103818481021391,1.0,0.0,1.7053432176413715e-08,0.00010746683908740427,2.823301319018341e-11,1.882377323475112e-12,1.7450240996844553
2019-02-19,22167.85268947985,22495.947025210437,21931.63604374517,22081.180596875,576838.4736999999,0.0,0.0,22081.180596875005,22167.852689479852,22495.94702521044,21931.636043745173,0.0032758511899514267,0.007193324500041557,-0.003917473310090192,0.025404998126661978,919.5077249999998,186021432.945,926.72572,918.0393349999998,0.0030204631494773,1.0,0.0,0.0003167786609721162,0.00011224976574872871,2.5718619682799345e-13,1.858872811750751e-12,1.7437602386381563
2019-02-20,22058.45581778411,22336.8731909803,21942.916434360355,22181.760033837887,249779.0755,0.0,0.0,22181.76003383789,22058.455817784114,22336.873190980303,21942.91643436036,0.004544642025211119,-0.001029676859374581,0.005574318884585727,0.017794445510213298,925.44803,138512551.715,927.517125,918.497015,0.0061400934684833,1.0,0.0,0.00014631780883932264,0.0001104109497960343,8.202526150298773e-13,1.8299688755451414e-12,1.7460408785200272
2019-02-21,22145.854399854077,22362.89717580172,21973.5086022522,22168.856381982423,310296.07190000004,0.0,0.0,22168.856381982427,22145.85439985408,22362.897175801725,21973.508602252205,-0.0005818928016053121,-0.001620012369048224,0.001038119567442895,0.017565636134425404,941.6479950000004,155342522.76999998,941.6479950000004,925.190585,0.0165466093442734,1.0,0.0,0.00015385947996960733,0.0001046795855359702,8.459085547585652e-14,1.72298815432213e-12,1.7486699362770857
2019-02-22,22208.744607940946,22425.00606562555,22014.870455037213,22197.093179589843,528919.5224000001,234.03,0.0,22197.093179589843,22208.744607940946,22425.00606562555,22014.870455037213,0.0012729041843618006,0.001797674313651419,-0.0005247701292896088,0.018458523634705105,942.925685,189969647.605,946.97806,937.15701,0.0012928946366897,1.0,0.0,0.00017025216822043497,0.0001077573973147818,1.0842015201825117e-13,1.692488262658908e-12,1.7454319313215656
2019-02-25,22150.321160955325,22374.548197513584,22016.15528057975,22207.65627958984,440056.8051,0.0,0.0,22207.65627958984,22150.321160955325,22374.548197513584,22016.15528057975,0.00047576443186341487,-0.0021093466968521357,0.0025851111287155323,0.016147556862437257,948.189005,183721857.925,953.4046500000002,946.55852,0.0053075454436992,1.0,0.0,0.00012779026853100914,0.00010881804447420167,4.868335531608863e-14,1.6879314220175723e-12,1.7458381383652828
2019-02-26,22155.694199230944,22316.438215089544,21942.4105014444,22193.452984082025,322491.7495999999,25.489998961,0.0,22193.45298408202,22155.69419923094,22316.43821508954,21942.410501444396,-0.0006397721240671226,-0.0023425689701272465,0.0017027968460601524,0.016902229902951496,941.16171,200035708.965,950.10554,933.7053400000002,-0.0070929728696334,1.0,0.0,0.00014172262074081785,0.00010556053627751091,8.938853657775338e-14,1.6791453119029154e-12,1.7451686914679083
2019-02-27,22188.867146667068,22398.98483747179,21943.56139551432,22261.302088378907,455284.5737,28.2,0.0,22261.302088378907,22188.867146667068,22398.98483747179,21943.56139551432,0.003052503916391929,-0.00020665154132382468,0.0032591554577156966,0.020541872087411796,944.222445,195102290.43000004,948.21761,942.143815,0.0030958289094792,1.0,0.0,0.00020688099929736352,0.00011073419740777464,3.011776437261485e-13,1.6846701757309969e-12,1.7437083508442779
2019-02-28,22240.35112641943,22387.19971422645,21905.02094606626,21996.153780957025,503463.08090000006,0.0,0.0,21996.153780957025,22240.35112641943,22387.19971422645,21905.02094606626,-0.011982228737220666,-0.0009415813568198745,-0.011040647380400741,0.021773476708523913,920.5756450000002,188247893.585,944.2033750000002,920.5756450000002,-0.0241832427382164,1.0,0.0,0.0001899544472690355,0.00011508027558673704,1.0819899565190903e-12,1.7086417260988443e-12,1.7464877294366161
2019-03-01,21910.441015363576,22309.53775259174,21831.962018762708,22143.766896875,446187.5876999999,0.0,0.0,22143.766896875,21910.441015363576,22309.53775259174,21831.962018762708,0.006688442749484708,-0.0039043280342385906,0.01059277078372323,0.021639245237998032,934.077205,140847663.67999998,935.21187,925.40989,0.0138828836737378,1.0,0.0,0.00019078361586757062,0.00011716143923978187,6.769491204348184e-13,1.7380147515741157e-12,1.7329361920006132
2019-03-04,22131.78240475992,22420.712311778887,21932.746144060915,22204.87884794922,426687.2902,0.0,0.0,22204.87884794922,22131.78240475992,22420.712311778887,21932.746144060915,0.0027559799731782524,-0.0005413594002470678,0.00329733937342526,0.022004410647679516,947.769465,200000524.815,948.21761,937.605155,0.0138755197345355,1.0,0.0,0.00023789707902999096,0.00012905629319128143,2.9088273350875094e-13,1.752558888249553e-12,1.7437509736739987
2019-03-05,22285.409181358857,22443.06933782651,22053.8757168241,22291.64251582031,431408.704,0.0,0.0,22291.642515820313,22285.40918135886,22443.069337826513,22053.875716824103,0.0038998004865793763,0.0036201348620144235,0.0002796656245650612,0.01749349514384446,946.301075,232097365.77,953.738375,941.98172,-0.0014784139406963,1.0,0.0,0.00015298097298646585,0.0001367053418406047,4.0551919515419004e-13,1.7728348480072627e-12,1.7448051269380773
2019-03-06,22267.81199623971,22469.104243116155,22016.394200118644,22304.437934570316,558069.2389,0.0,0.0,22304.43793457032,22267.811996239714,22469.10424311616,22016.394200118648,0.0005738360399343401,-0.0010696056364919116,0.001643441676426371,0.020353854076894877,948.246215,180737393.39,948.246215,939.683785,0.0019579259398591,1.0,0.0,0.00020609634524174368,0.0001470101591026919,4.610079900578672e-14,1.7751398879575518e-12,1.7471966381924613
2019-03-07,22256.0072602912,22454.829786025253,22098.265124576803,22266.314591503902,290983.3068,0.0,0.0,22266.31459150391,22256.007260291204,22454.829786025257,22098.265124576807,-0.001710689194278329,-0.0021737077866672526,0.0004630185923888311,0.0160066219930153,947.807605,179038733.14000005,957.838425,947.807605,-0.0004411421638442,1.0,0.0,0.00012802315762695113,0.00015341131698403944,2.640308637091704e-13,1.7883414311430104e-12,1.7456517821634616
2019-03-08,22244.255335420392,22290.70254437358,22234.582761986967,22267.480596093745,119765.816,0.0,0.0,22267.480596093756,22244.255335420403,22290.70254437359,22234.582761986978,5.236493252816373e-05,-0.0009911918865902615,0.001043556819118576,0.0025208064010403043,939.4358749999996,168147112.41000003,945.85293,938.7016800000002,-0.0084594245511571,1.0,0.0,2.756553711108654e-06,0.00015354914466959488,1.9635256906721582e-14,1.7893231939883467e-12,1.742872740320955
2019-03-11,22253.254760518783,22548.89168652366,22050.70184308331,22337.688783203128,331622.1186,0.0,0.0,22337.68878320314,22253.254760518794,22548.89168652367,22050.70184308332,0.0031479869291194916,-0.0006390656374010847,0.003787052566520539,0.02234148457985519,938.8161,136018615.25499997,941.209385,935.7076900000002,-0.0006292611340907,1.0,0.0,0.00024403082284066296,0.00015851835032947327,4.249630741708719e-13,1.7465760091093095e-12,1.7430151248902703
2019-03-12,22416.208815767528,22763.863319041782,22283.06581146037,22651.34185273438,595241.6914000001,0.0,0.0,22651.34185273439,22416.20881576754,22763.863319041793,22283.06581146038,0.013943761268255285,0.0035089731775040955,0.010434788090751086,0.02134732712503994,954.7586200000002,171528414.11,954.7586200000002,944.40361,0.0160559304570217,1.0,0.0,0.0001857926024747624,0.00015693603794359145,1.0341717306343745e-12,1.7663433414743527e-12,1.7459206037599628
2019-03-13,22616.81760512739,22984.123485613243,22146.604394142447,22803.08443925781,434094.5019999999,0.0,0.0,22803.084439257822,22616.817605127402,22984.123485613254,22146.604394142458,0.006676716113562229,-0.0015253217587880708,0.008202037872350198,0.037119510090536004,958.658435,188430879.77,962.815695,956.370035,0.0038867415147877,1.0,0.0,0.0006629416698497496,0.00018422847737960133,6.745047775335482e-13,1.785878975387629e-12,1.758374914868849
2019-03-14,22730.084862248783,22989.48229895084,22517.16454507441,22754.79352695312,310351.7604,0.0,0.0,22754.79352695313,22730.084862248794,22989.48229895085,22517.16454507442,-0.002119981550797815,-0.0032064378857314616,0.0010864563349337387,0.020758932945662046,961.54754,174326269.16,964.360365,955.492815,0.0028692377089518,1.0,0.0,0.0002150106715371601,0.00019062221411924728,3.0019604702986893e-13,1.7698827884899513e-12,1.7588899791395676
2019-03-15,22798.57528256241,22899.086367274715,22470.885963647084,22748.62092617188,422157.7905,61.125,0.0,22748.62092617189,22798.575282562422,22899.086367274725,22470.885963647095,-0.0002713027535750992,0.0019222187177078318,-0.002193521471282923,0.018876498985060775,957.42842,197378037.485,961.33777,954.54885,-0.0040934196509565,1.0,0.0,0.0001763024375694819,0.00019280947180037655,2.825038166983141e-14,1.7594953240716203e-12,1.7520435211799672
2019-03-18,22627.767646595905,22867.301945665306,22397.335582154417,22536.67890585937,465118.9366999999,0.0,0.0,22536.678905859382,22627.767646595916,22867.301945665316,22397.33558215443,-0.009360369416336724,-0.005326715903740443,-0.004033653512596256,0.020766022997264766,964.80851,179605617.495,966.172015,961.0517199999996,0.0073216264666958,1.0,0.0,0.00020932870698524322,0.00020327505447802994,8.929744856677293e-13,3.9249338884583595e-13,1.750630611000215
2019-03-19,22539.708657169023,22814.07752911293,22313.184832497405,22511.968693701165,529350.7633999999,0.0,0.0,22511.968693701176,22539.708657169034,22814.07752911294,22313.184832497416,-0.0010970457917451593,0.0001344274232258624,-0.0012314732149710465,0.022200029071100948,959.7835650000002,189731396.56000003,967.335285,957.52377,-0.0049790249133591,1.0,0.0,0.00024583481982872195,0.00019972786242086017,9.205931434372185e-14,3.842370447216224e-13,1.7403811752704161
2019-03-20,22421.679806811226,22754.8113847853,22237.55674645493,22558.1624078125,413032.7851,0.0,0.0,22558.162407812513,22421.67980681124,22754.811384785313,22237.556746454946,0.0020498600362401846,-0.004018770405725924,0.0060686304419663075,0.022994007652549914,955.69305,171673508.20499998,956.598875,945.89107,-0.0040724193142837,1.0,0.0,0.00025013563883007165,0.00020491875392039763,2.2000672881380514e-13,3.542247504108187e-13,1.742290974825723
2019-03-21,22594.177465181365,22758.19088692161,22273.491232924363,22448.58270634765,368081.1336,0.0,0.0,22448.582706347664,22594.17746518138,22758.190886921624,22273.491232924378,-0.00486948868288838,0.0015952690428896433,-0.0064647577257780035,0.021527882172178894,936.12723,174212106.60500005,959.5737950000002,936.12723,-0.0197235168496301,1.0,0.0,0.0002155804194612503,0.00020800480089497975,5.893195873452712e-13,3.7946118700428946e-13,1.7453032624528468
2019-03-22,22285.76569919796,22573.61867688748,22111.75485032853,22437.48785375976,341783.84059999994,0.0,0.0,22437.487853759772,22285.76569919797,22573.61867688749,22111.75485032854,-0.0004943561632996279,-0.0072793158681828405,0.006784959704883168,0.020672548454807378,942.7349850000002,144751864.78,944.031745,935.6695499999998,0.0067067401945053,1.0,0.0,0.00019589380691039163,0.0002092868828294776,6.446354676551888e-14,3.7726335674165287e-13,1.7398441746077733
2019-03-25,22290.20714317687,22451.879216063247,21884.855723576835,22143.414707275384,425549.0169000001,0.0,0.0,22143.414707275395,22290.20714317688,22451.87921606326,21884.855723576846,-0.01319297703625887,-0.006585684458134633,-0.006607292578124214,0.02557943927272291,924.961745,169372750.84499994,931.121355,919.89866,-0.0181478027388034,1.0,0.0,0.0003102896683594302,0.00021841185282089865,1.4000663616451119e-12,4.4483250705810393e-13,1.7410838490194784
2019-03-26,22168.64694059986,22336.64203325285,21994.68119682587,22193.590719335934,248363.33460000003,0.0,0.0,22193.59071933594,22168.646940599865,22336.642033252854,21994.681196825873,0.002263392982837226,0.0011388427941846817,0.0011245501886524608,0.015427810144184326,924.6947649999996,133151526.57000002,933.466965,921.93915,-0.0002752569792192,1.0,0.0,0.00011852015000261803,0.0002172517292839887,4.1062454923771255e-13,4.608943076911019e-13,1.7285136300353194
2019-03-27,22296.094344182377,22455.220503136585,22073.50645803345,22291.6685727539,253932.9543,0.0,0.0,22291.668572753908,22296.09434418238,22455.22050313659,22073.506458033455,0.004409461196457058,0.004607980752204002,-0.00019851955574680508,0.017145039689534458,930.530185,107720766.21,933.7816199999996,927.0403750000004,0.005998292896548,1.0,0.0,0.00014696096911167068,0.00021425572777470405,7.789756501125052e-13,4.847842080104199e-13,1.7362862524821452
2019-03-28,22263.64797673336,22375.681284105525,22086.459300075527,22287.302535791016,192763.30860000005,0.0,0.0,22287.302535791023,22263.647976733362,22375.68128410553,22086.45930007553,-0.00019587876831949084,-0.0012577892778991276,0.0010619105095797067,0.01300999275753934,937.27143,116519711.885,937.46213,927.3741,0.0068827491806385,1.0,0.0,8.41943494210219e-05,0.00020896772288230334,4.55937679128171e-14,4.329643985801062e-13,1.741481380035859
2019-03-29,22346.36176485596,22484.000306598107,22088.737320085667,22215.404668945317,250620.7689,0.0,0.0,22215.404668945324,22346.361764855963,22484.00030659811,22088.73732008567,-0.0032311710417460924,0.002646399952073566,-0.005877570993819555,0.017736103680141085,935.15466,125787436.30000004,942.28684,935.15466,-0.0021558565815836,1.0,0.0,0.0001439398233800432,0.00020662553325792701,5.803482260665414e-13,4.2813435386169234e-13,1.7401498977022332
2019-04-01,22266.865509690648,22410.99292546845,22030.301958783628,22275.869058935543,216476.4147,0.0,0.0,22275.869058935554,22266.86550969066,22410.99292546846,22030.30195878364,0.002718035342594006,0.0023137696658362007,0.0004042656767578276,0.017132726652512066,942.5633550000002,130875817.65500005,942.5633550000002,937.0997999999996,0.0075242685898468,1.0,0.0,0.00014670202890255563,0.00020206578075155523,5.636504482228277e-13,4.4177273959739617e-13,1.7368970004889839
2019-04-02,22367.10576339157,22475.78900960329,22071.718548722405,22168.79366352539,305711.1089,0.0,0.0,22168.7936635254,22367.10576339158,22475.7890096033,22071.718548722416,-0.0048183784514596985,0.0040873992757935315,-0.008905777727253107,0.018141600515736725,939.969835,132940126.085,950.0769349999998,939.65518,-0.0026272289887525,1.0,0.0,0.0001339207175151018,0.000201112767977987,7.109640258519384e-13,4.570449811322836e-13,1.740955507323001
2019-04-03,22180.04618349569,22288.12435855604,22031.221223834626,22187.931586279297,313780.05040000007,0.0,0.0,22187.931586279312,22180.046183495706,22288.124358556055,22031.22122383464,0.0008629096865766472,0.0005074549977221401,0.0003554546888545108,0.01159340278173057,938.6826099999998,122771611.14999998,939.4454099999998,934.71605,-0.0013066485318678,1.0,0.0,6.715468649593988e-05,0.00019416568504069683,1.2394334068133798e-13,4.609371082160611e-13,1.7355025482334963
2019-04-04,22234.271702704744,22489.18075593323,22087.230300696483,22353.04153046876,384347.6933000001,0.0,0.0,22353.041530468778,22234.271702704762,22489.18075593325,22087.2303006965,0.007413879352688857,0.002086350059375039,0.005327529293313764,0.018034711194054143,941.018685,125851864.29500002,943.0877800000002,937.23329,0.0023700027926897,1.0,0.0,0.00015166137781060893,0.00019534759604987974,8.629479680034251e-13,4.908829634307739e-13,1.738242609382393
2019-04-05,22285.70865490177,22480.305113718827,22192.262937145377,22335.04115996093,244520.8509,0.0,0.0,22335.041159960947,22285.708654901788,22480.305113718845,22192.262937145395,-0.0008056005269249718,-0.003016792645580634,0.0022111921186556034,0.012895885820212236,943.25941,123722298.325,944.32733,940.5228649999996,0.0022677462528233,1.0,0.0,8.126319925733097e-05,0.00019927292832719085,1.4750851335604067e-13,4.972766262532399e-13,1.7459082634911844
2019-04-08,22346.89878240569,22523.672274045133,22197.771995064573,22404.67457875976,282456.0355,0.0,0.0,22404.67457875978,22346.898782405708,22523.67227404515,22197.77199506459,0.003112825992576347,0.000530756844417115,0.0025820691481593977,0.014574933949511124,951.1734599999996,140120257.60000002,951.1734599999996,943.326155,0.0079665959055232,1.0,0.0,0.00010363889398770275,0.00019225333188454283,4.918869999791153e-13,5.00622822543652e-13,1.74237782846488
2019-04-09,22410.21121831806,22603.523992998933,22158.473548602426,22275.61470058593,340859.2817,0.0,0.0,22275.61470058595,22410.21121831808,22603.523992998955,22158.473548602444,-0.005777054678748509,0.00024708930918808814,-0.006024143987936555,0.01988584669563577,942.51568,145261529.6,953.5190699999998,941.88637,-0.0087186968273438,1.0,0.0,0.0001837047069807061,0.00019214893710984,7.608545748648557e-13,4.869569647551761e-13,1.7451065461012938
2019-04-10,22338.23987851267,22467.234971418577,22019.647246172637,22315.24397597656,275923.6869999999,0.0,0.0,22315.24397597658,22338.23987851269,22467.234971418595,22019.647246172655,0.0017774623319868307,0.002807433684007724,-0.001029971352020951,0.02012291292925959,936.251185,130150690.44,941.361945,931.407405,-0.006358658150271,1.0,0.0,0.00020205601548835094,0.00016910465439177007,2.886754037487331e-13,4.676654960659353e-13,1.7378489811689786
2019-04-11,22335.893626027668,22529.275728152326,22078.97396494848,22314.572641357416,177196.13359999994,0.0,0.0,22314.572641357434,22335.893626027686,22529.275728152348,22078.973964948498,-3.0084578879271428e-05,0.0009249328295873062,-0.0009550174084665652,0.020189855579798327,940.103325,112120978.01,940.103325,935.44071,0.0039150604331414,1.0,0.0,0.00020346281120738575,0.00016852726137528136,7.60853637819727e-15,4.530361205333517e-13,1.7414292840536731
2019-04-12,22319.84050161594,22514.713274488287,22141.22229363952,22273.17551010742,280007.3765,0.0,0.0,22273.17551010744,22319.84050161596,22514.713274488306,22141.222293639537,-0.0018568842276674659,0.00023604478751013643,-0.0020929290151776177,0.01672788556820675,937.19515,106694962.305,938.901915,934.67791,-0.0029541888171736,1.0,0.0,0.00013821897256727713,0.00016662308812517114,2.977372793375469e-13,4.665104654167375e-13,1.7410683959007667
2019-04-15,22273.17551010742,22273.17551010742,22273.17551010742,22273.17551010742,0.0,0.0,0.0,22273.17551010744,22273.175510107438,22273.175510107438,22273.175510107438,0.0,-1.1102230246251565e-16,2.2204460492503128e-16,0.0,937.19515,106694962.305,938.901915,934.67791,0.0,1.0,0.0,-1.9045782462175576e-32,0.00015615665277590897,0.0,4.2186174113335093e-13,1.7391807672919022
2019-04-16,22211.472781558045,22393.98311223981,21979.05947310237,22269.774694580075,296283.1602,0.0,0.0,22269.774694580094,22211.472781558063,22393.98311223983,21979.05947310239,-0.0001526982617149366,-0.0027741151381198413,0.0026214168764048286,0.01870215378063806,931.7315949999996,124852872.80999996,933.028355,918.2777099999996,-0.0055748729015201,1.0,0.0,0.00017223073021298927,0.00015247644829512235,2.31425548465386e-14,4.184159031584918e-13,1.739914258412961
2019-04-17,22258.642314541667,22435.22161474143,22070.51237825448,22209.801216894528,453551.1921,0.0,0.0,22209.801216894546,22258.642314541685,22435.221614741447,22070.512378254498,-0.002696676521788462,-0.0005000123973894962,-0.0021966641243989756,0.01638968140933963,926.89735,141565591.97000003,935.106985,926.89735,-0.0049600680268717,1.0,0.0,0.00013244682931500706,0.0001465920078193691,2.677058549984284e-13,4.20800859467723e-13,1.7399876407994626
2019-04-18,22178.002806879977,22312.39776566876,21593.862687750505,21728.590548828124,378272.8487,0.0,0.0,21728.590548828142,22178.002806879995,22312.39776566878,21593.862687750523,-0.021904757535184165,-0.001432754611475255,-0.020472002923708904,0.03273333810874274,917.55305,130802283.735,928.4515550000002,917.3146749999996,-0.0096612695875611,1.0,0.0,0.00037383862343912827,0.000154504918018263,2.66502767959448e-12,5.245862640801835e-13,1.7374763785078802
2019-04-19,22085.43667646609,22180.376120501136,21723.93805019432,21904.25310976563,227126.6712,131.25,0.0,21904.25310976565,22085.43667646611,22180.376120501154,21723.938050194338,0.008051893723533378,0.016289487220638606,-0.008237593497105187,0.020793150927807803,921.2812350000002,91612423.025,926.544555,920.56611,0.0038663943753723,1.0,0.0,0.00018996442061544548,0.0001542084487035157,1.6184580569181463e-12,6.022859895878148e-13,1.7167476709078144
2019-04-22,21896.96758982619,22176.91578635167,21653.79253501604,21980.69187568359,381658.5239,0.0,0.0,21980.691875683613,21896.967589826207,22176.91578635169,21653.79253501606,0.0034836020983996232,-0.00033266287515587426,0.0038162649735553494,0.02387130450220548,920.94751,110420181.92000002,921.738915,914.721155,-0.0003454585016593,1.0,0.0,0.0002792936452364905,0.00015265864754736871,4.1525246466093835e-13,5.530452947386061e-13,1.7339526249695556
2019-04-23,21907.61134361039,22129.800568902803,21757.45439362535,21983.56359707031,200927.3902,0.0,0.0,21983.563597070337,21907.611343610417,22129.80056890283,21757.454393625376,0.00013063891836354464,-0.00333029961318266,0.003460938531546071,0.016968712666690717,922.9879999999998,107415531.79,925.82943,919.5077249999998,0.0021102777169975,1.0,0.0,0.00013934153402635568,0.00015369971674855561,2.957572084936093e-14,5.339928533191886e-13,1.737075181751612
2019-04-24,21962.209058357625,22152.66521000214,21830.712440569256,22024.09868344727,212840.2154,22.99023288,0.0,22024.098683447297,21962.20905835765,22152.665210002164,21830.71244056928,0.001842183644386176,-0.0009718586841524327,0.002814042328538479,0.01464000888295412,931.49322,115476315.905,933.199985,924.57081,0.0087461485657846,1.0,0.0,0.00010410592903802933,0.00015155696474487352,3.9298962769318003e-13,5.146935521982223e-13,1.7364404992977747
2019-04-25,21974.950937582125,22083.840898674,21775.95929656207,21925.81391503906,289469.7846,0.0,0.0,21925.813915039085,21974.95093758215,22083.840898674025,21775.959296562094,-0.004472588291455605,-0.0022340376316996847,-0.0022385506597559423,0.014039583305628515,928.832955,107157085.615,931.05461,926.72572,-0.0027270103926865,1.0,0.0,9.661918652643836e-05,0.00015217820660014435,7.046930051517295e-13,5.476485140601679e-13,1.7383759787447648
2019-04-26,21933.29307942831,22175.88512309345,21815.90088534276,22045.12900625,280456.7734,0.0,0.0,22045.129006250027,21933.293079428335,22175.885123093474,21815.900885342784,0.005427010481343849,0.0003410541150638913,0.005085956366279874,0.01636634043486775,934.08674,102358892.45,934.08674,925.591055,0.0053781140345723,1.0,0.0,0.00012393629185634237,0.00015117803002395933,8.7777272613991e-13,5.625197390638363e-13,1.7333854355793665
2019-04-29,22045.12900625,22045.12900625,22045.12900625,22045.12900625,0.0,0.0,0.0,22045.129006250027,22045.129006250027,22045.129006250027,22045.129006250027,0.0,0.0,0.0,0.0,934.08674,102358892.45,934.08674,925.591055,0.0,1.0,0.0,0.0,0.00014384292857883154,0.0,5.343372166526949e-13,1.7406065117704994
2019-04-30,22045.12900625,22045.12900625,22045.12900625,22045.12900625,0.0,0.0,0.0,22045.129006250027,22045.129006250027,22045.129006250027,22045.129006250027,0.0,0.0,0.0,0.0,934.08674,102358892.45,934.08674,925.591055,0.0,1.0,0.0,0.0,0.00013714689270307644,0.0,4.98789015360098e-13,1.739044560894813
2019-05-01,22045.12900625,22045.12900625,22045.12900625,22045.12900625,0.0,0.0,0.0,22045.129006250027,22045.129006250027,22045.129006250027,22045.129006250027,0.0,0.0,0.0,0.0,934.08674,102358892.45,934.08674,925.591055,0.0,1.0,0.0,0.0,0.00013378915837827945,0.0,4.925918483260311e-13,1.7387733467466564
2019-05-02,22042.8812698828,22253.089094056133,21869.120173698346,22094.144974560557,273187.66260000004,0.0,0.0,22094.144974560582,22042.881269882826,22253.08909405616,21869.12017369837,0.002220969401549655,-0.00010196587938854838,0.0023229352809381633,0.01740523061026936,932.99975,118155059.73499998,934.363255,930.148785,-0.0011102271776359,1.0,0.0,0.00014938657098609076,0.00013367541803705352,3.6796312080302296e-13,4.67842605966011e-13,1.7387158349355172
2019-05-03,22088.62376411899,22181.39637512991,21871.309983545827,22069.868658837888,286319.0328,0.0,0.0,22069.868658837913,22088.623764119016,22181.396375129934,21871.309983545852,-0.001099371011396155,-0.0002499259610894859,-0.0008494450503067282,0.014078204890696824,928.84249,121800299.76999998,931.693455,926.563625,-0.0042580986858923,1.0,0.0,9.881919311303739e-05,0.00013455321772983886,1.739779920694516e-13,4.691660799016815e-13,1.74093568776639
2019-05-06,22010.50779204118,22143.365139565387,21732.86451105296,21935.97626523437,433142.5846,0.0,0.0,21935.976265234392,22010.507792041197,22143.365139565405,21732.86451105298,-0.006085228314735799,-0.002693302891635449,-0.003391925423100366,0.01871230093308846,913.4243950000002,127302700.35999998,920.0226149999996,910.983435,-0.0159602248160945,1.0,0.0,0.00017063072541672827,0.00013790280930129015,6.404555982162371e-13,4.765945098135376e-13,1.7389738310270726
2019-05-07,21910.81516302264,22093.84334460017,21741.16599588552,21903.64023417969,241717.3231,0.0,0.0,21903.64023417971,21910.815163022657,22093.843344600187,21741.165995885538,-0.0014751970706345314,-0.0011476828362552295,-0.00032751423437932264,0.01609147410010222,913.03346,115688231.28,920.7091350000002,910.99297,-0.0004081742452167,1.0,0.0,0.00012942633327085954,0.0001351888906157978,2.786287763803e-13,4.5248321988930987e-13,1.7330699252130444
2019-05-08,21854.124938137607,22112.312557494115,21708.270723353784,21942.25014921875,249258.0324,0.0,0.0,21942.250149218777,21854.124938137633,22112.31255749414,21708.27072335381,0.0017611650570284818,-0.002263155669917891,0.00402432072694638,0.01844125542684393,906.9882700000002,113197593.93,909.52458,903.78451,-0.0063341110352855,1.0,0.0,0.0001637838529114613,0.00013327528248695334,3.220102794609788e-13,4.541499636749222e-13,1.7340391032516784
2019-05-09,21855.402563122963,22176.69287618254,21728.13540131948,21998.403193261714,283695.49289999995,0.0,0.0,21998.403193261736,21855.40256312298,22176.69287618256,21728.135401319498,0.002555859794492553,-0.003965860932995286,0.00652172072748796,0.020433883927826416,902.9740349999996,109522509.345,909.31481,900.971685,-0.0042294575281927,1.0,0.0,0.00019234160945168409,0.00013271922239916826,4.0953727142172217e-13,4.742464004270984e-13,1.7371326018420508
2019-05-10,22057.56051756672,22264.042251797484,21886.27430112643,22179.158897607424,302213.25129999995,0.0,0.0,22179.158897607445,22057.560517566737,22264.042251797502,21886.274301126447,0.008183190944720546,0.0026855551383626573,0.005497635806357941,0.017113225889501912,908.2564249999998,109316648.695,909.56272,904.118235,0.0055617142675178,1.0,0.0,0.00013475588961092217,0.00013254606825135047,1.2208550656279545e-12,5.204022897416188e-13,1.7395642492371302
2019-05-13,22182.640695993967,22346.650840849376,22035.12618681277,22168.32668046875,269074.9421,0.0,0.0,22168.32668046877,22182.640695993985,22346.650840849394,22035.126186812788,-0.0004885155139191314,0.00015697282011036472,-0.0006454883340295455,0.014038634378401499,913.96789,118895462.02,913.96789,907.50316,0.0059772001354033,1.0,0.0,9.838067605503393e-05,0.00013746510205410217,8.189779179129003e-14,5.244971793311833e-13,1.7468702622582075
2019-05-14,22161.882253710923,22536.590935364955,21914.599758388435,22241.863948535152,363799.0226,0.0,0.0,22241.863948535174,22161.88225371094,22536.590935364977,21914.599758388453,0.0033117324756001343,-0.0002907465116077338,0.003602478987207794,0.027987181728866488,920.45169,128903350.345,920.45169,907.9989799999998,0.0067403653040771,1.0,0.0,0.00038662789841304704,0.00014818496046410508,4.092819001333164e-13,5.438041465955221e-13,1.7429501645308978
2019-05-15,22263.76104749698,22562.66910066723,22123.500611658696,22334.70562548828,432079.2557999999,12.0,0.0,22334.705625488306,22263.761047497006,22562.669100667255,22123.50061165872,0.004165498246479193,0.0009840149747665538,0.003181483271712693,0.019656311198434216,930.27274,146988308.565,932.1892750000004,922.940325,0.010119776801834,1.0,0.0,0.00018927527686796088,0.00015102638284175278,4.3164161315787994e-13,5.520009345034947e-13,1.7454298884771706
2019-05-16,22354.023864835453,22483.079781804936,21996.477057131517,22150.92795839844,372703.0565000001,0.0,0.0,22150.927958398464,22354.02386483548,22483.07978180496,21996.477057131542,-0.008262384854561489,0.0008645687971365931,-0.00912695365169804,0.021880709842898895,930.320415,123929846.67,935.59327,930.320415,4.886410808065286e-05,1.0,0.0,0.00020720391573297154,0.00014269464745644492,1.0008074766734284e-12,4.687899243574421e-13,1.7478027995437468
2019-05-17,22349.079459049903,22563.27117260297,22024.375914958564,22412.627695556635,294192.9908,15.371046803000002,0.04081,22412.627695556657,22349.07945904992,22563.271172602992,22024.375914958582,0.011745146532138637,0.008905742798845364,0.002839403733293288,0.024173578786028115,931.07368,114856159.50499998,934.46814,929.576685,0.0007717207426804,1.0,0.0,0.00028906656802553474,0.0001476497548269494,1.7812847140599323e-12,4.769312572145315e-13,1.7371984064016033
2019-05-20,22453.187743940634,22757.99819050998,22212.360780308634,22600.413029394524,436800.8473,0.0,0.0,22600.41302939455,22453.18774394066,22757.998190510007,22212.36078030866,0.008343645318072449,0.0018080607266891659,0.006535584591383496,0.02426772659182113,941.228455,128091225.79,941.228455,929.157145,0.0103430666719838,1.0,0.0,0.00027796115140913904,0.00014758313013558182,8.45193184021292e-13,4.984282931825492e-13,1.751347210990712
2019-05-21,22585.588090051056,22830.963560594904,22470.73523080335,22678.579613134767,352584.43269999995,0.0,0.0,22678.579613134792,22585.588090051082,22830.96356059493,22470.735230803377,0.003452667863385501,-0.0006561740144343558,0.004108841877819731,0.01590385933266006,940.427515,118781099.23,946.6729400000002,940.217745,-0.0008117279123273,1.0,0.0,0.00011994472477220649,0.00014661328967287437,4.3179321960660153e-13,5.185391681204112e-13,1.7554516615754405
2019-05-22,22690.21344428497,22835.561646922284,22507.644104697123,22730.1745940918,369936.87510000006,30.590000000000003,0.0,22730.174594091826,22690.213444284997,22835.56164692231,22507.64410469715,0.0022724694416904694,0.0005128561119304196,0.0017596133297600766,0.014464052715566219,938.03423,121299664.595,946.11991,936.98538,-0.0024296459465542,1.0,0.0,0.00010340835078581512,0.00014657841076026363,2.702512158911699e-13,5.124022475303107e-13,1.7543065458031482
2019-05-23,22721.010396466023,22794.83385457173,22474.837257464253,22673.726121923828,304982.661,0.0,0.0,22673.726121923853,22721.01039646605,22794.833854571756,22474.837257464278,-0.002486504479195228,-0.0004032545136883953,-0.002083249965506858,0.01413758567598983,937.013985,102943311.67,938.787495,931.7315949999996,-0.0010376306014122,1.0,0.0,9.825917372454733e-05,0.00014666041012016912,3.595764166081487e-13,4.951464181031318e-13,1.7535088198458695
2019-05-24,22586.95941498628,22890.592546868025,22495.6850317274,22686.291963183587,403823.3711,0.0,0.0,22686.291963183616,22586.959414986308,22890.592546868054,22495.68503172743,0.0005540492315339519,-0.0038340918702108205,0.004388141101744623,0.017402505891481436,924.9236050000004,122098707.12999998,937.4239900000002,924.9236050000004,-0.0123831641013492,1.0,0.0,0.00014398520551894766,0.00014766285580329936,6.047743870054853e-14,4.542816537311636e-13,1.7487051808812222
2019-05-27,22742.724621294212,22877.91165964043,22516.062304376454,22782.01957495117,309454.2060999999,0.0,0.0,22782.019574951202,22742.72462129424,22877.91165964046,22516.062304376483,0.004210745900596926,0.0024844335792656327,0.001726312321331138,0.015942954015170197,929.79599,91439810.92,930.0439,925.285935,0.0050097381807596,1.0,0.0,0.00012593767459029797,0.00015395973953281425,5.972696183834036e-13,4.841451346503337e-13,1.7490702663654414
2019-05-28,22793.879270392976,22911.81609868877,22543.17292814985,22692.13696259766,327910.4266,0.0,0.038306,22692.136962597695,22793.879270393012,22911.816098688807,22543.172928149885,-0.003953134538336466,0.0005204371613049594,-0.004473571699641482,0.016220496849141036,926.802,115114853.58999996,933.2858,924.427785,-0.0030752720352339,1.0,0.0,0.00012382141032519055,0.0001601508100490738,5.31264715471976e-13,5.107083704239326e-13,1.7525509804405281
2019-05-29,22671.219846542677,22931.093213720957,22501.51358081646,22737.71295854492,359039.1815999999,0.0,0.0,22737.712958544955,22671.219846542714,22931.093213720993,22501.513580816496,0.002006434593831252,-0.0009222032498792143,0.002928637843710354,0.018911194659620042,926.36339,114703866.485,929.62436,924.465925,-0.0004513516657131,1.0,0.0,0.00017550342604218596,0.0001689259813511831,2.457742514981884e-13,5.22997082998842e-13,1.7463991102704455
2019-05-30,22712.35644556961,22977.362808668557,22455.669474050108,22817.356636181645,269650.84260000003,0.0,0.0,22817.356636181685,22712.35644556965,22977.362808668597,22455.669474050148,0.0034965925632402437,-0.0011157965626231482,0.0046123891258633585,0.022966385425361814,924.26569,100613339.07,929.24296,922.234735,-0.0021615977272179,1.0,0.0,0.0002555093519643135,0.0001742321204000942,5.683003419411509e-13,5.330139440557484e-13,1.7490613931046912
2019-05-31,22831.15750632908,22988.988775846887,22568.17262088053,22805.23157236328,306165.3529,13.632,0.0,22805.231572363315,22831.157506329117,22988.988775846923,22568.172620880567,-0.0005315377570611008,0.000604658040996826,-0.0011361957980579014,0.018474729823260618,915.2455799999998,108804771.755,924.83779,915.2455799999998,-0.0093511183755326,1.0,0.0,0.00017015913783430267,0.00017779911763615746,7.612785454067578e-14,5.281214371793096e-13,1.7515588958738668
2019-06-03,22701.329964705845,23038.502220656294,22325.49344873407,22724.654999414062,300917.23250000016,0.0,0.0,22724.6549994141,22701.32996470588,23038.50222065633,22325.493448734105,-0.0035395061634871812,-0.00456645304318875,0.0010269468797015797,0.03143759644547039,902.459145,135055103.50500005,911.33623,896.5569800000001,-0.0134147936193929,1.0,0.0,0.0004937538414160539,0.00019395527343612376,5.176048241034417e-13,5.219788984736698e-13,1.7491369398719385
2019-06-04,22614.50198556627,22942.821158155264,22514.262615238196,22814.542714550786,194717.8696,100.0,0.0,22814.542714550822,22614.501985566305,22942.8211581553,22514.262615238233,0.0039477125810920425,-0.004859077137938139,0.008806789719030022,0.01885608161207814,906.93106,98027046.6,907.17897,899.350735,0.0047131675883567,1.0,0.0,0.00014781509193619337,0.00019487471136939047,8.886442764111493e-13,5.524796734752123e-13,1.7450206911186381
2019-06-05,22776.934517063517,23185.85228764841,22619.394533678074,22856.57917700196,170578.41229999997,179.5,0.0,22856.579177001997,22776.934517063553,23185.852287648446,22619.39453367811,0.001840833882803591,-0.0016497910706604185,0.003490624953464174,0.02473457399978554,907.169435,91001038.825,913.824865,907.150365,0.0002505821088022,1.0,0.0,0.000301192786293009,0.00020174515803846787,4.721492447161553e-13,5.599866217379711e-13,1.749915441006907
2019-06-06,22873.603959116732,22995.263986565253,22585.670701175022,22853.948532470706,233258.4173,0.0,0.0,22853.94853247074,22873.60395911676,22995.26398656528,22585.67070117505,-0.00011510016033434494,0.0007445753213199799,-0.0008596754816543049,0.01797261567942543,904.118235,96091708.58,907.1122249999996,895.6702250000001,-0.0032124349987207,1.0,0.0,0.00016122196944852273,0.00020018917603830977,2.1591228772976613e-14,5.405893196055338e-13,1.7502273732491354
2019-06-07,22905.01102462536,23144.954406340843,22717.69091368273,23072.82030092773,268638.1416,0.0,0.0,23072.82030092776,22905.01102462539,23144.954406340872,22717.69091368276,0.009531409720963297,0.0022318039502585247,0.007299605770704888,0.018632848199575607,913.71998,93295074.01,913.71998,906.72129,0.0100727874730816,1.0,0.0,0.00015300811286298225,0.0002011017872009128,1.537760781551135e-12,5.564346054016929e-13,1.748803598973284
2019-06-10,23078.696829855595,23294.56858198102,22938.693901386807,23163.47312846679,335171.1142,0.0,0.0,23163.473128466823,23078.696829855624,23294.568581981053,22938.693901386836,0.003921289401704028,0.00025466243906871775,0.0036666269626353617,0.015395050671337167,918.12515,113247776.635,921.93915,914.0251,0.0045859091720964,1.0,0.0,0.00011331039198321697,0.00020184827299732193,5.050782121274206e-13,5.775936264184994e-13,1.7577854041159995
2019-06-11,23125.26600000317,23280.640171391773,22978.53694778673,23117.979036523437,336490.6246999999,0.0,0.02725,23117.97903652347,23125.266000003197,23280.640171391806,22978.53694778676,-0.0019659757621384847,-0.0016508177954219468,-0.00031515796671655494,0.01306151719027263,917.3337449999998,91247442.295,919.946335,915.34093,-0.0008222518263078,1.0,0.0,8.526324714463153e-05,0.00018678004043390118,2.527291433367375e-13,5.697659885786705e-13,1.7574948199070874
2019-06-12,23104.256819714617,23187.602814449805,22780.64050214608,23066.118195800773,315501.4422,2.35,0.0,23066.118195800802,23104.256819714647,23187.602814449834,22780.64050214611,-0.0022458320343296833,-0.000593749608073288,-0.0016520824262562907,0.017706699917107094,909.8010949999998,95368917.44,915.9321,909.4769050000002,-0.0078619511920853,1.0,0.0,0.0001557092682865093,0.0001851017400048286,3.086039001219781e-13,5.636141029268753e-13,1.7524986841777217
2019-06-13,23036.832783853268,23139.551507507826,22886.314642573987,23044.10621030273,243608.1057,0.0,0.0,23044.10621030276,23036.832783853297,23139.551507507855,22886.314642574016,-0.0009547551526218741,-0.0012704356343407996,0.0003156804817189191,0.01100422182322725,905.9012800000002,93962228.425,909.8010949999998,902.287515,-0.0040959128232557,1.0,0.0,6.050795312479959e-05,0.00017776694187441997,1.7007497191657728e-13,5.220774776890328e-13,1.7496916163001277
2019-06-14,22889.188166047526,23107.34554075336,22674.51000631577,22932.43141484374,197976.7523,65.23,0.0,22932.43141484377,22889.188166047556,23107.345540753387,22674.5100063158,-0.004857913224792485,-0.006745374297954473,0.001887461073162112,0.018909169413301247,909.2671350000002,109960976.32,910.3064500000002,904.537775,0.0035361417643959,1.0,0.0,0.00017740216669539268,0.00017218372180791288,1.070004129957014e-12,4.865134484838869e-13,1.7489971190647733
2019-06-17,22978.202794336845,23057.587069907036,22681.41127677316,22950.103164355467,265253.0486,0.0,0.0,22950.1031643555,22978.202794336874,23057.587069907066,22681.41127677319,0.0007703040186260718,0.0019939343224612337,-0.0012236303038352736,0.01644916979731932,902.916825,100053605.965,910.7641299999998,900.5521450000002,-0.0066825945966918,1.0,0.0,0.00013470920611961817,0.00016502112454343682,1.2653688451718884e-13,4.5058063350868174e-13,1.7442649678483573
2019-06-18,22915.24910976086,23002.96741023052,22541.985164834303,22809.200583984373,243963.66810000004,0.0,0.0,22809.200583984406,22915.24910976089,23002.96741023055,22541.985164834332,-0.006158442727766498,-0.0015198427386092844,-0.0046385999891571965,0.020243647735725328,900.113535,103272707.78,903.2505499999996,895.288825,-0.0029649408330138,1.0,0.0,0.0001965908917649622,0.0001688534328930746,1.106714724099864e-12,4.843267087333449e-13,1.746785881354823
2019-06-19,22870.596178554,23078.804555086037,22719.84259581501,22976.14886831055,160544.92519999994,91.65,0.0,22976.148868310585,22870.596178554035,23078.804555086073,22719.842595815047,0.007292683193497439,0.0026880868957537434,0.004604596297743712,0.0156759787637587,905.529415,108527207.905,905.86314,902.802405,0.0057199094275084,1.0,0.0,0.00011467782343888957,0.00016941690652572835,1.977031226396474e-12,5.696657092586101e-13,1.7406681605338488
2019-06-20,22905.34107266059,23413.10276563265,22782.502105302294,23114.699342724613,361079.8893999999,0.0,0.0,23114.699342724645,22905.34107266062,23413.102765632684,22782.502105302323,0.0060120781941774655,-0.0030865541618400535,0.009098632356017478,0.027303023104062837,914.57813,123250582.805,917.581655,904.842895,0.0094807813530679,1.0,0.0,0.00034074811384309623,0.0001815413535316558,7.203326013453869e-13,5.877035184954719e-13,1.7504146759246364
2019-06-21,23239.29469412372,23327.92175679528,23005.236619099986,23121.033847412116,240445.3031,0.0,0.0,23121.03384741215,23239.294694123753,23327.921756795313,23005.236619100015,0.00027400905274221806,0.005375832398072659,-0.005101823345330412,0.01392913266827881,914.5972,164913488.79,919.66982,914.52092,1.988135823025958e-05,1.0,0.0,8.695566647845893e-05,0.00017868987657963136,4.928801908368957e-14,5.87144047514629e-13,1.7541909039138766
2019-06-24,23138.62905178254,23324.48505757051,23043.812728288205,23218.212994189456,241520.5113,0.0,0.0,23218.212994189493,23138.629051782576,23324.485057570546,23043.81272828824,0.004194254152305583,0.0007607148049166762,0.00343353934738881,0.012106364508349126,918.077475,108199604.375,922.1393849999998,915.1692999999998,0.0036214241914568,1.0,0.0,6.872793223888955e-05,0.00017582938946206092,7.479489086412574e-13,5.946780120275218e-13,1.7515142948908728
2019-06-25,23229.75701875601,23358.821689797245,22990.42299402828,23240.678375585943,490010.7985999999,0.0,0.0,23240.67837558598,23229.757018756045,23358.82168979728,22990.422994028315,0.0009671080167912866,0.0004970733834450239,0.0004700346333462521,0.01589697767627664,915.4839550000004,115144783.95499998,918.439805,915.4172099999998,-0.0026973985477182,1.0,0.0,0.0001262716046192378,0.0001759518991767633,8.492206222010341e-14,5.723608793649281e-13,1.7545883238849882
2019-06-26,23151.421125211076,23501.508472648897,23002.37145477122,23287.83055073242,347880.4699,0.0,0.0,23287.830550732455,23151.421125211113,23501.508472648933,23002.371454771255,0.0020268086115856764,-0.003847955210887802,0.005874763822473506,0.021467292072287703,914.530455,113869468.17000002,917.93445,913.81533,-0.0009936122112526,1.0,0.0,0.00021709019512892587,0.00017803123763110028,2.501806176961709e-13,5.725811976748272e-13,1.753264754501842
2019-06-27,23250.70564779645,23393.03494282964,22821.622371624075,22955.027515625006,343660.535,0.0,0.0,22955.027515625043,23250.705647796487,23393.034942829676,22821.62237162411,-0.014393953791445452,-0.0015954481530135334,-0.012798505638431858,0.024729889847054876,899.2553849999999,117171944.025,914.8641799999998,899.2553849999999,-0.0160604667543247,1.0,0.0,0.00024250803487946027,0.00017738117177685763,1.8246208137004087e-12,6.3539722126279e-13,1.7539880167102542
2019-06-28,22996.466634766235,23318.97275791129,22782.58815717885,23054.688110009767,476422.3278,0.0,0.0,23054.688110009803,22996.46663476627,23318.972757911328,22782.588157178885,0.004332161105347016,0.0018036031750786551,0.002528557930268124,0.023270743786180773,905.7677900000004,116457400.66,905.7677900000004,895.4509199999999,0.0068803605377123,1.0,0.0,0.0002682939445424521,0.0001822879121122651,3.944148343174106e-13,6.513115702516268e-13,1.7380648231602809
2019-07-01,23246.11742251299,23365.171103051107,23003.993708011203,23198.5476366211,486712.8653,0.0,0.0,23198.547636621133,23246.117422513023,23365.17110305114,23003.993708011232,0.006220537360332053,0.008268988025892373,-0.002048450665560188,0.015578658840748275,920.7091350000002,117687511.01,920.7091350000002,913.1288099999996,0.0156004054200683,1.0,0.0,0.00011972635650487662,0.00016358653786670624,5.50927283321061e-13,6.529776932125078e-13,1.7474288119768282
2019-07-02,23225.59484283214,23374.16348428649,23003.649989915662,23115.06451088867,416006.3988,0.0,0.0,23115.064510888704,23225.59484283217,23374.163484286524,23003.64998991569,-0.0036051265396989706,0.0011652217069285007,-0.004770348246627429,0.015978389213776097,917.24793,102519795.575,921.8056600000002,915.1692999999998,-0.0035912295577158,1.0,0.0,0.0001188638605422266,0.0001621389762970079,3.749085910560658e-13,6.272909089447537e-13,1.7531609339513228
2019-07-03,23190.066863269956,23322.03722763397,23016.766705802376,23189.109109130863,483661.6145000001,0.0,0.0,23189.109109130895,23190.066863269985,23322.037227634002,23016.766705802405,0.00319818519872013,0.0032394862403686085,-4.130104164829893e-05,0.013175779786377507,915.731865,108442775.48,916.952345,912.413685,-0.001577287770527,1.0,0.0,8.679992755789099e-05,0.000151419333360252,2.8515298604437145e-13,6.179410960111644e-13,1.747107483929181
2019-07-04,23208.11030190026,23324.293461603644,23127.926350301,23223.858333349614,214734.2017,0.0,0.0,23223.858333349646,23208.110301900288,23324.293461603676,23127.92635030103,0.0014973931910156695,0.0008190660592540678,0.0006783271317616962,0.00845463496916909,927.79364,128836567.205,927.79364,916.933275,0.0124772524659228,1.0,0.0,3.556268149593798e-05,0.00014513636896262277,3.002619206898854e-13,6.318746306070098e-13,1.7510362647318072
2019-07-05,23256.997580279894,23318.70813445056,23142.69543760592,23234.329486083985,194652.9806,0.0,0.0,23234.329486084018,23256.997580279927,23318.708134450593,23142.695437605948,0.00045077750136879086,0.0014259312525127712,-0.0009751537511440441,0.007576763737068413,929.98669,111735535.17,929.98669,925.04756,0.0022511532849606,1.0,0.0,2.8336337460766157e-05,0.00013890278019251196,9.967150821232124e-14,5.599701669400692e-13,1.7512948223483864
2019-07-08,23241.175782461,23283.339292145905,23135.55817877645,23200.280172607425,251445.3364,0.0,0.0,23200.280172607458,23241.175782461032,23283.339292145938,23135.55817877648,-0.0014665491894735037,0.0002946195587106751,-0.001761168748184132,0.006367303865718251,921.414725,113525140.25000004,927.593405,919.02144,-0.008829448833305,1.0,0.0,1.9073104105990405e-05,0.0001341909157986506,2.513968429757142e-13,5.472860984824839e-13,1.7507265358929374
2019-07-09,23176.86689270631,23271.955866400134,23131.233650983504,23238.89813188477,107007.9965,0.0,0.0,23238.8981318848,23176.86689270634,23271.955866400167,23131.233650983533,0.0016631632853592556,-0.0010096904778229485,0.0026728537631822303,0.006065214407612573,923.9891750000002,120576053.445,923.9891750000002,918.2681749999998,0.0026603820090193,1.0,0.0,1.563366911158157e-05,0.00013070943689699814,6.688105639181598e-13,5.68090169511555e-13,1.7486509097445335
2019-07-10,23262.29377858176,23342.640831295823,23182.389499469933,23278.24519174805,247486.4061,0.0,0.0,23278.24519174808,23262.293778581792,23342.640831295856,23182.389499469962,0.0016917233706106136,0.0010062386665735093,0.0006854847040371592,0.00688884948295551,928.375275,118729409.99500003,929.62436,926.0296650000004,0.0045154766017919,1.0,0.0,2.3546608020398665e-05,0.0001241013038836926,2.936484829944668e-13,5.673423986551795e-13,1.7505594952206902
2019-07-11,23266.847399810948,23348.102845926347,23201.071086214844,23253.0949324707,234107.2588,0.0,0.0,23253.094932470725,23266.847399810973,23348.102845926373,23201.07108621487,-0.0010810031114239066,-0.0004897526905766298,-0.0005912504208473247,0.0063172871297596,933.1237050000002,127444638.36999996,934.44907,929.6911050000002,0.0048645074469182,1.0,0.0,1.9819018692799503e-05,0.00012206685716209257,1.9857807645766283e-13,5.687675538822337e-13,1.751521479201621
2019-07-12,23261.98816858165,23436.998742083342,23205.455963596927,23352.234047314458,242553.1852,0.0,0.0,23352.234047314483,23261.988168581676,23436.998742083368,23205.455963596953,0.004254417533330158,0.0003823807516367693,0.003872036781693546,0.009928494628849397,930.0439,126819237.71999998,936.4323500000004,929.0141200000004,-0.0031522625600221,1.0,0.0,4.3495919366984075e-05,0.00011537154479567216,7.51111987026576e-13,5.528229467357118e-13,1.7494769951348168
2019-07-15,23340.49095601396,23477.14295279125,23246.917101015253,23344.90690922852,285876.3520000001,0.0,0.0,23344.906909228546,23340.490956013986,23477.142952791277,23246.91710101528,-0.0003138152784508253,-0.000502994483498153,0.00018917920504714264,0.00985478208613208,927.3073549999998,112223851.125,930.29181,925.7817549999996,-0.0028096974533522,1.0,0.0,4.854453998190578e-05,0.00011106331148878655,4.702228245352682e-14,5.488472166325286e-13,1.7537650916825474
2019-07-16,23634.70185467661,23721.057538059355,23469.31501179201,23627.790644775392,379716.1697,0.0,0.0,23627.790644775418,23634.701854676634,23721.05753805938,23469.315011792034,0.012044748129801788,0.012337208793003561,-0.0002924606632017324,0.010669333626586777,936.4418850000002,135470114.37999994,936.4418850000002,929.710175,0.0093465836597111,1.0,0.0,5.6884299009592625e-05,0.00010407798185101808,1.3425037803971955e-12,5.606366694473953e-13,1.7516094121343713
2019-07-17,23750.514412902536,23927.892914835364,23493.876830349414,23763.348074365236,362248.6331,0.0,0.0,23763.348074365258,23750.514412902558,23927.892914835385,23493.876830349436,0.0057208078539437305,0.00518060080265479,0.0005402070512890406,0.018305019222160882,936.8804950000002,135699650.435,939.7600649999998,933.524175,0.0004464951116871,1.0,0.0,0.00016742413452821157,0.00010671529740548418,6.645734338432913e-13,4.950137798197361e-13,1.7631414160237409
2019-07-18,23705.975752307837,23866.76849903016,23454.53931682291,23653.294462499995,336644.5179,0.0,0.0,23653.294462500016,23705.97575230786,23866.768499030182,23454.53931682293,-0.0046419908115564994,-0.002417238981647829,-0.002224751829908771,0.01742300157116088,930.663675,121301009.03,933.943715,929.672035,-0.006348186951887,1.0,0.0,0.00014986851993587227,9.717131771012296e-05,5.82963134277755e-13,4.881453064663546e-13,1.7636991240109978
2019-07-19,23756.141926137305,24013.05900443688,23412.14806256086,23704.68874960937,574351.9352000001,0.0,0.0,23704.68874960939,23756.141926137327,24013.059004436902,23412.148062560882,0.0021704601336287816,0.004338698487371438,-0.0021682383537426006,0.02534277192473087,936.6611899999998,153179307.785,940.2654199999998,932.63742,0.0061249655310569,1.0,0.0,0.0003193119751293885,0.00010878913314266943,1.5941877488048494e-13,4.936518442561943e-13,1.7550676130999303
2019-07-22,23684.566094255635,23933.56838121885,23398.218545913584,23561.854506542968,449188.09180000005,0.0,0.0,23561.85450654299,23684.566094255657,23933.568381218873,23398.218545913605,-0.006043796224878653,-0.000849249756276875,-0.005194546468601762,0.022622119331068204,936.37514,129001656.19499998,939.321455,934.50628,-0.0002912369319825,1.0,0.0,0.00024545663985272486,0.0001176255685233612,5.710473345915104e-13,4.848067655537069e-13,1.7574563646045487
2019-07-23,23560.40913168304,23806.56533660409,23398.87929136071,23613.712947656248,388704.6976,0.0,0.0,23613.71294765627,23560.409131683064,23806.56533660411,23398.879291360732,0.00219853050212618,-6.134573124397206e-05,0.0022598762333701727,0.017273269430610798,943.45011,128449655.975,944.394075,935.07838,0.0071772796406337,1.0,0.0,0.0001472100974292509,0.00011867249316386186,2.395236640403012e-13,4.925368456447168e-13,1.750095631955002
2019-07-24,23679.750467428898,23834.99609982912,23414.078009939072,23596.74560600586,409601.15500000014,0.0,0.0,23596.745606005883,23679.75046742892,23834.996099829143,23414.078009939094,-0.0007187959151737634,0.0027926718799178426,-0.003511467795091753,0.017817459208038018,942.448935,126638883.195,948.589475,940.47519,-0.0010123770460676,1.0,0.0,0.00015396775997758507,0.00011551637140629483,7.436906430495495e-14,4.83746267975156e-13,1.7540294385885442
2019-07-25,23596.74555223214,23605.85874942801,23596.74555223214,23601.30215083008,783.996,0.0,0.0,23601.3021508301,23596.745552232154,23605.858749428025,23596.745552232154,0.00019308191990675388,-2.278862101622109e-09,0.00019308419876900416,0.0003861311232262709,948.6848250000004,134626800.84000003,951.106715,940.9614750000002,0.0062882306805098,1.0,0.0,6.014698591929181e-08,0.00010339397701161779,1.043498422321944e-11,9.142644384511076e-13,1.7526545714737942
2019-07-26,23596.745617247245,23653.703104587832,23573.962622311003,23610.415414208983,3799.179,0.0,0.0,23610.415414209005,23596.745617247267,23653.703104587854,23573.962622311024,0.0003860593921217591,-0.00019308144351133102,0.0005791408356332445,0.0033768578998777357,947.1592250000002,112566005.065,952.0888199999998,946.796895,-0.0015345776083116,1.0,0.0,5.572019922560419e-06,9.02578807806232e-05,4.303885789828696e-12,1.1097379862266717e-12,1.7528572687769213
2019-07-29,23610.415483801306,23662.816376862364,23610.415483801306,23626.363581689453,12990.258,0.0,0.0,23626.363581689475,23610.415483801327,23662.816376862385,23610.415483801327,0.0006752436734869533,2.9475264407966687e-09,0.0006752407259604006,0.0022169381047282715,951.53579,108112492.615,951.53579,942.3345149999998,0.0043957160948092,1.0,0.0,2.281276351468018e-06,8.438562677295277e-05,2.2001174429799664e-12,1.1921974942096172e-12,1.7530194825102647
2019-07-30,23619.05817172644,23629.13255509656,23618.178183866206,23628.25256723633,7.148,0.0,0.0,23628.252567236355,23619.058171726465,23629.132555096585,23618.178183866232,7.994924948420336e-05,-0.0003092536694608088,0.00038920291894500175,0.0004637034893757002,940.1700699999998,127062885.575,956.141195,940.1700699999998,-0.0114577479021747,1.0,0.0,4.899501345088048e-08,7.844488349651398e-05,4.73367288157866e-10,2.4841816472550115e-11,1.7533607708128756
2019-07-31,23672.950702024653,23974.098798386643,23513.03016095227,23751.508920068365,307412.6226,0.0,0.0,23751.508920068394,23672.950702024686,23974.098798386676,23513.0301609523,0.005202923231892611,0.0018899370419191391,0.0033129861899734983,0.019419288420520292,945.5478099999996,124527490.93499996,947.2069,936.94724,0.005438447654797,1.0,0.0,0.00018431446179503286,8.332061020837106e-05,7.125814567835679e-13,2.4863187896087074e-11,1.7529462983755142
2019-08-01,23752.866701374656,24091.363489324616,23570.042711645765,23961.98413110352,346413.2347000001,0.0,0.0,23961.98413110355,23752.86670137468,24091.36348932464,23570.04271164579,0.00882251802585427,5.716447333095517e-05,0.008765353552523282,0.021876885765553918,951.0113649999998,128737174.365,951.0113649999998,944.80408,0.0054936478357143,1.0,0.0,0.00020961951997617721,9.202345213238304e-05,1.0628581383232936e-12,2.4901317706968745e-11,1.757864228307639
2019-08-02,23852.002916526824,24131.09687804185,23650.10799004181,23894.473396875,420260.8474,0.0,0.0,23894.47339687503,23852.00291652685,24131.096878041877,23650.107990041837,-0.0028213863916863326,-0.004600386428063283,0.0017790000363768835,0.020133654527339832,945.0138499999998,137425704.73999998,945.2903650000004,939.855415,-0.0060322506057902,1.0,0.0,0.00020145946203099714,0.00010067960836089458,2.8096108524044106e-13,2.4910382185820155e-11,1.7644149382147685
2019-08-05,23875.910022303,24226.110349239734,23636.28540826139,23876.54569506836,521383.6681000001,0.0,0.0,23876.545695068387,23875.910022303025,24226.11034923976,23636.285408261414,-0.0007505681473435771,-0.000777191815418862,2.662366807521247e-05,0.024647943015182118,927.898525,141396832.00499997,943.001965,927.898525,-0.0174273147044091,1.0,0.0,0.00030376027362677866,0.00011491396683693399,6.029221104096787e-14,2.490082695422341e-11,1.7572839731636378
2019-08-06,23876.5459237973,23881.10252361999,23867.43272415192,23871.98932397461,53840.842,0.0,0.0,23871.989323974634,23876.545923797326,23881.102523620015,23867.432724151946,-0.00019084862418352689,9.579649472202921e-09,-0.0001908582038330861,0.000572574625403527,919.755635,162315439.66500005,921.224025,913.824865,-0.0084044904635586,1.0,0.0,1.4984936254589457e-07,0.00011413977584948222,1.4848704989002698e-13,2.487481077852201e-11,1.7561446895617951
2019-08-07,23763.175045258988,24105.44483947211,23576.0739278017,23985.632517822258,404785.2237000001,0.0,0.0,23985.632517822287,23763.175045259013,24105.444839472137,23576.073927801724,0.004749229196000566,-0.004568661383949558,0.009317890579950144,0.022205360774691523,921.014255,127641593.33,926.7638600000002,916.9237399999998,0.001303904810197,1.0,0.0,0.00021299975547068223,0.00012361243322199638,4.891559074150798e-13,2.4884586149743036e-11,1.7557027870208213
2019-08-08,24007.29923438043,24314.547068776195,23664.247433773555,24190.6525758789,570371.8370999999,0.0,0.0,24190.652575878925,24007.299234380454,24314.54706877622,23664.24743377358,0.00851129535334015,0.000902912876505428,0.007608382476834706,0.027109453995674514,929.89134,150420422.28,930.453905,919.374235,0.0091461881911907,1.0,0.0,0.000345099639356475,0.00013987646425518016,6.168648209850486e-13,2.490550048696941e-11,1.7601832050605957
2019-08-09,24284.25847372466,24339.79825124733,24218.518214361036,24276.59117050781,238539.9892,0.0,0.0,24276.59117050784,24284.258473724687,24339.798251247357,24218.518214361062,0.0035462583819233662,0.0038620396475616157,-0.0003157812656381544,0.004995242747275156,929.03319,127340773.615,933.180915,929.023655,-0.0008803435211276,1.0,0.0,1.2437704625273949e-05,0.00013832355351809465,6.123806725401314e-13,2.4898563921245085e-11,1.7664818478223623
2019-08-12,24184.95755606376,24382.61308692499,23860.77555397202,24085.629546679684,415384.8745,0.0,0.0,24085.629546679713,24184.957556063786,24382.613086925016,23860.775553972046,-0.007897181454707681,-0.0037817084289993664,-0.004115473025708177,0.021634379390677003,929.9580849999998,119864799.655,932.170205,927.96527,0.0009487806286393,1.0,0.0,0.0002274804725458084,0.00014727035014628977,7.893387729565572e-13,2.493567974577024e-11,1.7657847308942713
2019-08-13,24146.25101420247,24348.39942015377,23817.843955563338,24090.57590302734,659215.4594999999,0.0,0.0,24090.575903027373,24146.251014202502,24348.399420153804,23817.84395556337,0.00020534437359132806,0.0025137522626043234,-0.0023084078890129576,0.022031069345913916,921.8724049999998,136051844.73000002,927.841315,919.202605,-0.0083266205158782,1.0,0.0,0.00024062554335123055,0.0001564574123633717,1.2930289301966734e-14,2.4869201071215473e-11,1.7549208222975636
2019-08-14,24174.01901650456,24322.54664122802,23945.84781145662,24059.19463808594,417871.7324,0.0,0.0,24059.194638085974,24174.019016504593,24322.54664122805,23945.847811456653,-0.001303485729298045,0.0034577394362559637,-0.004761225165554182,0.015608825696838188,923.855685,119624584.4,930.6064649999998,923.855685,0.0020491189553356,1.0,0.0,0.00011306071054711979,0.0001537392411643171,1.296528899636967e-13,2.48424550440215e-11,1.7569116471317958
2019-08-15,23912.90707987005,24371.060708692075,23692.05205165484,24261.479195605465,686381.2311000001,15.371046803000002,0.0,24261.479195605494,23912.907079870074,24371.0607086921,23692.052051654864,0.008372637348192769,-0.006098878574145512,0.014471515922338281,0.02825675644592857,933.83883,125037870.87999998,933.83883,911.3171600000004,0.0102482085353145,1.0,0.0,0.00031832253349859383,0.0001621619418424532,5.027818660299185e-13,2.4838445980609106e-11,1.7555737494023145
2019-08-16,24265.528397304217,24381.783471441384,24164.17082472625,24256.62552099609,502289.9015,0.0,0.0,24256.625520996124,24265.52839730425,24381.783471441417,24164.170824726283,-0.00020007684364065515,0.00016688445914993057,-0.0003669613027905138,0.00896528279001108,934.43,149184190.46,939.779135,929.54808,0.0006034255935352,1.0,0.0,4.0136129122860235e-05,0.00014820314954212675,1.6421468710784046e-14,2.4831296115300617e-11,1.764281296483496
2019-08-19,24149.92741562375,24184.53999434029,23906.81626816401,24029.43011416016,452035.5904,0.0,0.0,24029.430114160194,24149.927415623784,24184.539994340324,23906.816268164042,-0.00941046355875941,-0.004408422897258565,-0.005002040661500876,0.011549968025701504,935.4121050000002,102959006.28,939.65518,933.638595,0.00100162168892,1.0,0.0,5.70356371004135e-05,0.0001387820994045112,8.663530654311047e-13,2.48460614018426e-11,1.760674752461167
2019-08-20,23991.18638924279,24113.300522572332,23914.62991862843,24049.797532128912,358783.6026,0.0,0.0,24049.79753212895,23991.186389242826,24113.30052257237,23914.629918628467,0.0008472440255048463,-0.0015928047487729566,0.0024400487742778946,0.008273175016788549,938.882845,115477307.54500002,939.531225,936.098625,0.0035313058626152,1.0,0.0,3.1922778374729583e-05,0.00013301773345178512,9.818937691435856e-14,2.4838994687486298e-11,1.7502096673744756
2019-08-21,24145.43544568041,24271.85260091925,23898.030622250462,24071.44926679688,472214.3724,0.0,0.0,24071.449266796917,24145.435445680447,24271.852600919286,23898.0306222505,0.000899882591137008,0.0039687758799582485,-0.0030688932888212283,0.015521294984797108,948.14133,139423973.76,949.15204,937.57655,0.0093565693573563,1.0,0.0,0.00011681713775529479,0.0001311602023406706,7.91670405655126e-14,2.483923458629933e-11,1.75416652592871
2019-08-22,24170.0409399168,24333.052885787336,23923.08299081396,24101.862793164066,489846.9259999999,0.0,0.0,24101.862793164102,24170.040939916835,24333.052885787372,23923.082990813997,0.00126267134674569,0.004087428060875997,-0.002824756714130318,0.016991818819273523,950.8874099999996,122419636.16,952.231845,947.044805,0.0027576087185042,1.0,0.0,0.00014127861392170422,0.00013822112568745987,1.0694964036801456e-13,2.4322832857156755e-11,1.7553813149767379
2019-08-23,24143.785920775223,24322.002334004286,23942.959901238755,24074.928428027342,435348.6925999999,0.0,0.0,24074.928428027382,24143.78592077526,24322.002334004323,23942.95990123879,-0.0011181470272392199,0.0017379033873690221,-0.0028560504146082884,0.015707055720175153,946.301075,114225600.42,951.793235,944.756405,-0.0046100627068464,1.0,0.0,0.0001202047873349098,0.0001439527640580773,1.0668335481035273e-13,2.411297273540584e-11,1.7564039940104692
2019-08-26,23998.330122830503,24245.78279990248,23749.215892949105,23989.393074804688,412087.2645000001,53.60016312,0.0,23989.39307480473,23998.330122830546,24245.782799902525,23749.21589294915,-0.0035592073639948265,-0.003186735092604448,-0.0003724722713903906,0.02069318219965606,937.17608,144598122.44,938.825635,931.5695000000004,-0.0092390298269713,1.0,0.0,0.00021405030199683617,0.00015454121534034574,3.600350961751324e-13,2.4020968618065597e-11,1.7547018558791923
2019-08-27,24031.074385333854,24185.195114760267,23703.553242655296,23863.82962265624,442137.3560000001,0.0,0.0,23863.82962265628,24031.074385333897,24185.19511476031,23703.55324265534,-0.005247869766753997,0.0017359814762920214,-0.006983851243045945,0.020115711082614972,931.369265,143840528.55,942.5252149999998,931.369265,-0.0059263383053115,1.0,0.0,0.0001834797261784993,0.00016371275189859815,4.973770009975491e-13,3.774730602221752e-13,1.7513620588748111
2019-08-28,23869.56493407156,24097.098384602526,23624.30253217865,23812.62654345703,380598.9679,0.0,0.0,23812.62654345707,23869.564934071605,24097.09838460257,23624.302532178695,-0.002147940640004552,0.00024030603715422574,-0.002388246677158811,0.01981548377237617,931.8174100000002,111784382.975,935.7172250000002,931.66485,0.0004586832564593,1.0,0.0,0.00019412338284688935,0.00016420319795119097,2.3699946626842564e-13,3.5369396069641814e-13,1.7475396036374775
2019-08-29,23875.419342201854,24073.30909163231,23664.707938445797,23863.364330566408,321970.2865,0.0,0.0,23863.36433056645,23875.419342201898,24073.309091632353,23664.70793844584,0.002128442653581746,0.0026334832501047475,-0.0005050405965228988,0.017118898402860905,933.085565,114099166.32,933.2667299999996,928.07969,0.0012967816504041,1.0,0.0,0.00014642981070462561,0.0001610437124876134,2.7702214495823273e-13,3.1440216102816507e-13,1.7478958063054755
2019-08-30,23983.68458719152,24240.81183286425,23790.26207438713,24088.39111054688,262390.3359,0.0,0.0,24088.39111054692,23983.684587191558,24240.811832864285,23790.262074387167,0.00938561809839195,0.005029380618795324,0.004356237479596751,0.018761311683385642,938.3012099999996,120337363.79,939.0735450000002,934.668375,0.0053149145333867,1.0,0.0,0.00016866277528524947,0.00015940387815032602,1.4849343352173275e-12,3.7460082352700944e-13,1.751696242842769
2019-09-02,24088.39111054688,24088.39111054688,24088.39111054688,24088.39111054688,0.0,0.0,0.0,24088.39111054692,24088.391110546916,24088.391110546916,24088.391110546916,0.0,-1.1102230246251565e-16,2.2204460492503128e-16,0.0,938.3012099999996,120337363.79,939.0735450000002,934.668375,0.0,1.0,0.0,-1.9045782462175576e-32,0.0001442158644689871,0.0,3.715862129749611e-13,1.7609285452433383
2019-09-03,24107.67317057764,24213.0004952734,23771.570649225025,23953.219804589844,309887.4393,0.0,0.0,23953.219804589884,24107.673170577684,24213.000495273445,23771.57064922507,-0.005627274359829932,0.0008001508565951904,-0.006427425216425019,0.018399343320886337,933.81976,120282184.745,939.3977349999998,933.11417,-0.0045649515232482,1.0,0.0,0.00015330940389739095,0.00015187384219572932,7.581064938918975e-13,4.0206718517505456e-13,1.7573224099917528
2019-09-04,23846.251717069383,24094.9629982541,23365.873009993185,23654.625028320315,359677.11360000004,0.0,0.0,23654.625028320355,23846.251717069426,24094.962998254145,23365.873009993225,-0.012544096156398543,-0.0044757091524359124,-0.008068387003962644,0.03072627497028905,932.170205,116166726.185,934.3441849999996,928.108295,-0.0016858087467953,1.0,0.0,0.0004469046608245233,0.00016356908746342137,1.4743836359095727e-12,4.5132857159977917e-13,1.7507079372248757
2019-09-05,23760.83510337444,23992.554181305808,23519.48265850436,23669.147450292967,378691.397,51.00000000000001,0.0,23669.14745029301,23760.835103374484,23992.55418130585,23519.4826585044,0.0006137474536750692,0.004479984055736177,-0.0038662366020612905,0.019914412790585586,931.369265,108531765.635,936.022345,931.369265,-0.0008196191702065,1.0,0.0,0.00019251767316128687,0.00015593998915366196,6.847336154654267e-14,4.239089986278539e-13,1.7399223268659085
2019-09-06,23659.29495321158,23822.411565490725,23535.646012810896,23680.428935156247,270878.599,0.0,0.0,23680.428935156295,23659.29495321163,23822.411565490773,23535.646012810943,0.00047651894432676717,-0.0004163457203896449,0.0008928646647163882,0.01211067650538213,928.7852799999998,103521113.6,933.219055,928.5850450000002,-0.0026490608416521,1.0,0.0,7.302628602070429e-05,0.0001589694182234335,7.428752881094835e-14,3.970043414413948e-13,1.7459231045052022
2019-09-09,23745.27548355532,23849.9639373332,23447.003835650983,23548.635072167966,342774.2116,0.0,0.0,23548.63507216801,23745.275483555364,23849.963937333243,23447.003835651023,-0.005581063603698879,0.0027346600163796397,-0.008315723620078489,0.01703998674498658,928.8234200000004,99438426.835,929.6911050000002,927.250145,3.915409096126117e-05,1.0,0.0,0.00011846783259286717,0.00015351878622578644,6.914218371319957e-13,3.9210849465016665e-13,1.747805395836668
2019-09-10,23667.01114941245,23802.20993221046,23251.267438637755,23363.408325878903,432530.414,0.0,0.0,23363.408325878947,23667.011149412494,23802.209932210502,23251.267438637795,-0.007896808385498338,0.005014283812477707,-0.012911092197976044,0.0234187866239382,925.14291,122371675.11,931.98904,923.33126,-0.0037857978739138,1.0,0.0,0.00020982594208528,0.0001519788061624889,7.814455994467626e-13,4.3053426015740645e-13,1.7428358629021456
2019-09-11,23384.23330538916,23663.43619845065,23183.896560782938,23448.745225781247,282836.9534,0.0,0.0,23448.74522578129,23384.2333053892,23663.436198450694,23183.896560782978,0.003645933286913907,0.0008909532186491975,0.0027549800682645123,0.02047315649498026,924.2370849999998,90669945.485,927.879455,922.16799,-0.0009340473119679,1.0,0.0,0.00020664312699990257,0.00015665792698512805,5.497344570423966e-13,4.5153833851134145e-13,1.7376366314247544
2019-09-12,23497.999581929973,23687.068630641425,23310.763201253754,23516.61552548828,591969.5172000001,0.0,0.0,23516.61552548832,23497.999581930013,23687.06863064147,23310.763201253794,0.0028902299851280306,0.0020983083884638007,0.0007919215966640562,0.0160140779549856,930.682745,117446637.84,930.682745,927.097585,0.0066266600292094,1.0,0.0,0.000127983085799908,0.00014714095460019376,2.0761476669116287e-13,4.3677998354440366e-13,1.7454648619987854
2019-09-13,23584.31344911877,23799.56847667745,23399.87723262054,23643.58603076172,564015.1652,0.0,0.0,23643.586030761755,23584.313449118807,23799.568476677487,23399.877232620576,0.005384659431942547,0.002874591721288827,0.0025100677106536383,0.016936673400330917,941.31427,139110949.24500003,941.31427,930.5683250000002,0.0108304318817452,1.0,0.0,0.00014099162852413262,0.0001521837295702574,4.0378865446419665e-13,4.561483428320743e-13,1.7484949744648173
2019-09-16,23611.00781342744,23997.406357928165,23415.03805679145,23778.959982324217,369724.8276999999,0.0,0.0,23778.959982324253,23611.007813427477,23997.4063579282,23415.038056791487,0.005709280950224224,-0.0013788383242974377,0.00708811927452176,0.02456728813754992,943.8315099999998,131617135.30000004,946.4441,940.83752,0.0025464235095279,1.0,0.0,0.00028236784023963227,0.0001634503397272183,6.493965000770849e-13,4.4530051456437333e-13,1.7532546385364398
2019-09-17,23800.75462854424,23904.38200538826,23471.8626011077,23794.96968476562,260183.96289999995,0.0,0.0,23794.969684765656,23800.754628544277,23904.382005388296,23471.862601107736,0.0006730452227841971,0.0009161319239773584,-0.00024308670119300763,0.018259421989696056,950.39159,136000393.87,950.39159,941.06636,0.0066043554081382,1.0,0.0,0.00016668041912306392,0.00017018822176463502,1.0871227042972146e-13,4.458266592401415e-13,1.7569151731489274
2019-09-18,23866.863227388047,24002.21495854999,23588.926521609264,23750.04993925781,484253.47660000005,95.3703677,0.0,23750.04993925785,23866.86322738809,24002.214958550034,23588.926521609308,-0.0018895673712362045,0.0030168204937242224,-0.004906387864960355,0.01736872929944995,948.8755250000002,134034572.455,951.9744000000002,947.7217900000002,-0.0015222379970814,1.0,0.0,0.00014153725292273057,0.00017142422752300683,1.642952874321781e-13,4.5008307158347477e-13,1.7548461435533511
2019-09-19,23823.38046364915,23934.49573749772,23589.14522230267,23814.773780566404,289193.5986,12.644628084,0.03366,23814.773780566444,23823.380463649195,23934.495737497764,23589.145222302715,0.0027215019922422544,0.003082837703624957,-0.00036133571138266947,0.014534096610357964,950.73485,133909597.20999998,950.8302,944.4894249999998,0.0018665585079852,1.0,0.0,0.00010556954619721275,0.00016963877413678224,3.951604948817116e-13,4.644936143091596e-13,1.7518602919254214
2019-09-20,23835.281371448687,24036.84714899945,23675.86189100883,23856.25848261719,619302.4013000001,0.0,0.0,23856.25848261723,23835.28137144873,24036.847148999495,23675.861891008873,0.0017404579071776073,0.0008607583803646385,0.0008796995268128042,0.015131907337315486,944.30826,160077851.68,952.1269599999998,944.30826,-0.0064671637535938,1.0,0.0,0.0001141883677295559,0.00016933795315651455,1.178035637317011e-13,4.65049624755227e-13,1.754876576125298
2019-09-23,23873.710551974527,24008.53288291329,23474.264713591656,23686.69155283203,462332.3668,0.0,0.0,23686.691552832075,23873.71055197457,24008.532882913332,23474.264713591696,-0.007133240518982736,0.0007312835305817373,-0.007864524049564454,0.02250460144871497,939.9126249999998,134868560.76500002,947.75993,939.9126249999998,-0.0044487836953358,1.0,0.0,0.00022933595165898875,0.00017010223563962217,6.513706182141561e-13,4.796164008571781e-13,1.7555134643082528
2019-09-24,23709.22999471365,23991.22462209701,23481.54305820284,23657.518156347654,478962.8088,0.0,0.0,23657.518156347698,23709.229994713693,23991.224622097052,23481.54305820288,-0.0012323956976347018,0.0009510710139020274,-0.0021834667115366675,0.021473411957165928,942.181955,114017546.71999998,945.26176,939.14029,0.0022993607511478,1.0,0.0,0.00022871204179069664,0.00017236385142023204,1.0876250445063775e-13,4.601856760298326e-13,1.7473206817284943
2019-09-25,23784.660598480197,24087.645922384345,23544.45647199257,23750.255083691405,422189.20009999984,13.3,0.0,23750.25508369145,23784.66059848024,24087.64592238439,23544.45647199261,0.003912313922093133,0.00535990335411985,-0.0014475894320268108,0.0228086929526518,941.3905499999998,115774809.08,943.1831299999998,937.34771,-0.0008012483829551,1.0,0.0,0.00025930875141278934,0.00017562311984852707,3.901739740765282e-13,4.678444014202378e-13,1.7485379621813788
2019-09-26,23803.05356077199,24124.612177007763,23591.66030938388,23692.537129687506,303592.9668,0.0,0.0,23692.53712968755,23803.053560772034,24124.612177007806,23591.660309383922,-0.0024331612785272916,0.0022206025314218765,-0.004653763809949089,0.022339298673115588,944.680125,126857082.13500004,945.5478099999996,940.484725,0.0033260820865693,1.0,0.0,0.00024115595567906383,0.00018035942709724895,3.382732222311038e-13,4.709069552838812e-13,1.7535644721356807
2019-09-27,23837.105091248613,23972.972642018307,23557.80174084661,23752.67936240235,536565.1807999999,0.0,0.0,23752.679362402396,23837.10509124866,23972.972642018354,23557.80174084666,0.0025352298661342346,0.0060832945772249436,-0.0035480647110907202,0.017470006147686373,951.44044,145015736.37,951.91719,945.39525,0.0067991326971781,1.0,0.0,0.0001477375891647503,0.00017931316779122399,1.9892174002468028e-13,4.0660632552424896e-13,1.7500360213068706
2019-09-30,23833.63030198797,24022.92583692291,23618.244113784283,23811.996355468746,426716.7152,6.791666721,0.0,23811.99635546879,23833.630301988014,24022.925836922954,23618.244113784327,0.0024941628602029855,0.0034022818009619544,-0.000908118940758881,0.01698914855185444,950.2199599999998,150402439.27000004,957.476095,950.172285,-0.0012239071074743,1.0,0.0,0.00014399701502067935,0.00018651301854225797,2.454648694520749e-13,4.188795689968527e-13,1.7533607200310293
2019-10-01,23864.3599817372,23997.12954741516,23668.45310667929,23841.19004853516,394003.2308,28.6,0.0,23841.190048535205,23864.359981737245,23997.129547415203,23668.453106679335,0.0012252568577965253,0.0021966295810623383,-0.0009713727232659139,0.013791152098704384,953.109065,134965331.48,953.23302,949.8767,0.0028946794769128,1.0,0.0,9.47334442785017e-05,0.0001835842205613135,1.3043658780403593e-13,3.8749607369245956e-13,1.7550641760074548
2019-10-02,23876.65893020459,23968.826972882674,23639.229120802414,23838.369322363287,477617.7078,23.8,0.0,23838.369322363335,23876.658930204638,23968.82697288272,23639.22912080246,-0.00011832014441321467,0.001486608845987172,-0.00160492899040027,0.013846527044212418,945.099665,148395293.16499996,954.386755,943.612205,-0.0080465420920637,1.0,0.0,9.486813971175277e-05,0.000165982394505675,1.0392061952842633e-14,3.142964949946231e-13,1.7551203043217232
2019-10-03,23877.17123636878,24013.21552689334,23649.38055284801,23784.55065751953,537853.5218999998,0.0,0.0,23784.550657519576,23877.171236368828,24013.215526893386,23649.38055284806,-0.0022602010871062028,0.0016263851191514302,-0.0038865862062576646,0.015267403425096566,946.301075,149030162.06999996,946.301075,937.6242249999998,0.0012113187489454,1.0,0.0,0.00011071161398229467,0.0001618920915467254,1.766802933473171e-13,3.1970684158466184e-13,1.7541492167818085
2019-10-04,23789.560607996205,23951.29251082808,23188.728770924838,23632.91149169922,451764.4729999999,0.0,0.0,23632.91149169927,23789.56060799626,23951.292510828134,23188.72877092489,-0.006395942586792343,0.0002106166720484819,-0.0066065592588408556,0.032355957670194904,941.667065,146490819.94,948.551335,941.667065,-0.0046807330215301,1.0,0.0,0.0005065935531653747,0.0001835704549039589,5.990668021018986e-13,3.4594580524920936e-13,1.7516069045834168
2019-10-07,23637.99786207528,23906.524910432483,23369.44546493295,23647.43124472657,458428.3607,0.0,0.0,23647.43124472662,23637.99786207533,23906.524910432538,23369.445464933,0.0006141983176706644,0.0002152008694238499,0.00039899744824685945,0.02272201071375155,937.376315,143418004.09500003,944.2891900000002,937.376315,-0.0043545958326271,1.0,0.0,0.0002580833877759437,0.00019055123266311272,5.665694766934139e-14,3.1420756077607663e-13,1.7459391466984187
2019-10-08,23736.47973477792,23863.14014127127,23504.28996409967,23657.06367919922,300376.6521,0.0,0.0,23657.06367919927,23736.47973477797,23863.140141271324,23504.28996409972,0.0004072524026001755,0.0037586004634675534,-0.003351348060867331,0.015152058783645433,942.26777,146311504.73000005,942.5442849999998,936.232115,0.0049626553326376,1.0,0.0,0.00011045376450816793,0.00018558262378425713,5.731082282226063e-14,2.780008219448515e-13,1.7492581421923123
2019-10-09,23640.92681343143,23859.713443771936,23415.56935834341,23611.933917285158,310371.0191,0.0,0.0,23611.933917285212,23640.92681343148,23859.71344377199,23415.569358343462,-0.0019094873139375375,-0.0006823489212047232,-0.0012271383927327894,0.018790248391205067,941.895905,137097681.67000002,945.8719999999998,940.85659,-0.0003763720602497,1.0,0.0,0.00017595500873933588,0.00018404821787122879,2.605577864661639e-13,2.6354198841603987e-13,1.7502298870789534
2019-10-10,23610.30550422471,23776.961779796868,23434.10599405624,23586.88405224609,376752.4637,0.0,0.0,23586.884052246143,23610.30550422476,23776.961779796922,23434.105994056292,-0.001061461641145977,-6.896805746800813e-05,-0.000992493583677918,0.014524637100424209,941.46683,131340629.835,944.813615,941.037755,-0.0004344601408696,1.0,0.0,0.00010510202469473212,0.00018290416481596996,1.1944765586007882e-13,2.591336328744857e-13,1.7485031427154638
2019-10-11,23584.39088732638,23761.42234063629,23438.244777405736,23648.101326953125,254735.199,0.0,0.0,23648.10132695318,23584.39088732643,23761.422340636345,23438.244777405787,0.0025920325153180983,-0.0001057069127441694,0.0026977394280623293,0.013694275129072403,945.71944,134130551.765,945.71944,941.6956700000004,0.0042972657896432,1.0,0.0,9.095521331820475e-05,0.0001804023440556736,4.3028401084285007e-13,2.6045840069341835e-13,1.7483880251434627
2019-10-14,23625.58920756706,23895.970876086994,23471.90486614366,23749.671789062497,553779.8942,0.0,0.0,23749.671789062548,23625.58920756711,23895.97087608705,23471.904866143712,0.004285881420539477,-0.000952416485078621,0.005238297905618236,0.017905693821314246,947.3689950000002,163973242.43999997,950.877875,946.34875,0.0016616773537775,1.0,0.0,0.00014970710914145627,0.00017376930750076478,3.258707309977322e-13,2.4428211223945073e-13,1.7517957758271852
2019-10-15,23701.32242864921,23818.077287387947,23546.59798029604,23707.587076367185,291317.7108,0.0,0.0,23707.587076367236,23701.322428649262,23818.077287388,23546.59798029609,-0.0017735842622709484,-0.002037865715687268,0.0002642814534163266,0.011463491663898184,946.873175,125223650.82,948.4941249999998,944.67059,-0.0004991593876267,1.0,0.0,6.567883995553615e-05,0.00016871922854238842,2.5680151617629285e-13,2.516865745267793e-13,1.7554251893621053
2019-10-16,23677.611889975244,23854.75861156377,23500.9561123335,23597.769905371093,277176.0078000001,0.0,0.0,23597.769905371144,23677.611889975295,23854.758611563826,23500.95611233355,-0.00464291468353871,-0.0012651710257275033,-0.0033777436578111006,0.014942613976128642,948.21761,150534298.78500003,951.030435,947.22597,0.0013528839860404,1.0,0.0,0.00010723356505287077,0.00016700404414889542,7.098459451940035e-13,2.789641074148706e-13,1.7518693733907487
2019-10-17,23642.91369190881,23794.53894992849,23366.71408484527,23480.10294589844,387042.3418,0.0,0.0,23480.102945898492,23642.91369190886,23794.538949928545,23366.71408484532,-0.004998832673232168,0.001911225530276638,-0.006910058203508721,0.018143563784024493,943.79337,149828136.68499997,949.504835,943.79337,-0.0044592981474085,1.0,0.0,0.00014614932088242798,0.00016903303288315618,5.500600758328452e-13,2.867090864624272e-13,1.747408483237475
2019-10-18,23609.646208648875,23874.982846484225,23317.60876630382,23467.587229199224,296305.7074000001,0.0,0.0,23467.58722919928,23609.646208648926,23874.98284648428,23317.60876630387,-0.0005331771147432852,0.00550198681747309,-0.006035163932216362,0.0236223517083982,943.2022000000004,146350350.32000002,946.8541049999995,942.448935,-0.0005974371348857,1.0,0.0,0.0002649376719187559,0.00017657049809261617,7.667663449127013e-14,2.846527400004057e-13,1.7442159968897677
2019-10-21,23493.925630982463,23682.66825426233,23098.55781684841,23247.804295507813,263139.9365,8.52,0.0,23247.804295507867,23493.92563098252,23682.66825426239,23098.557816848468,-0.0094095135726397,0.0011217017059597743,-0.010531215278599296,0.02497329991656335,937.82446,155293770.31500003,942.83987,937.82446,-0.005452011042174,1.0,0.0,0.00026899030063690587,0.00017855321554151202,1.5381492090300446e-12,3.289916695412001e-13,1.74619294926271
2019-10-22,23169.961729468225,23547.328660213403,22976.52784791124,23410.084829882817,283740.0337,0.0,0.0,23410.08482988287,23169.961729468276,23547.328660213454,22976.52784791129,0.006956216485507124,-0.003354001955662667,0.010310218441169862,0.024539214857275116,941.2856649999998,191281310.81,941.667065,937.7863200000002,0.0035125804027171,1.0,0.0,0.000260023208879237,0.00018011877389593906,1.0472478703771937e-12,3.759159378375279e-13,1.7378457168692805
2019-10-23,23388.68274223244,23623.4373006304,23240.24311388079,23413.00478730469,185111.3035,0.0,0.0,23413.004787304744,23388.68274223249,23623.437300630452,23240.243113880842,0.000124722971061073,-0.0009146432802716795,0.0010393662513328479,0.01635393224764494,941.857765,146853521.80499998,943.593135,939.6933199999996,0.0005793476567868,1.0,0.0,0.00013330824305629892,0.00017381874847811454,2.8777718153189517e-14,3.5784612504136097e-13,1.7490858258411368
2019-10-24,23403.26543696383,23588.4947582757,23244.81925781105,23467.800883789063,444577.3455000001,0.0,0.0,23467.800883789118,23403.26543696388,23588.494758275752,23244.8192578111,0.002337678316481067,-0.00041606691155485713,0.00275374522803593,0.014676803334682948,947.3976000000002,134804714.405,947.3976000000002,941.7242749999998,0.0055918833523873,1.0,0.0,0.00010477496435547057,0.00016699969891193487,2.2406035790151927e-13,3.5213548182488176e-13,1.747897296991784
2019-10-25,23471.699939763963,23736.113603069494,23290.236816631583,23535.766052148443,310126.7435,0.0,0.0,23535.7660521485,23471.69993976402,23736.113603069552,23290.23681663164,0.002891917365297807,0.00016613112263506202,0.0027257862426629947,0.01896341707298354,950.229495,130343736.05,950.324845,946.739685,0.0028458846252054,1.0,0.0,0.00017693546095783825,0.00016845959250158928,3.962035128466594e-13,3.619995704659807e-13,1.7502018697223747
2019-10-28,23647.29540181921,23746.123771751416,23406.437403619337,23550.133887890624,315119.7093,0.0,0.0,23550.133887890686,23647.295401819272,23746.123771751478,23406.4374036194,0.0006102818978256603,0.004727525258115011,-0.004117243360289348,0.014408220301429232,950.14368,142972767.27,953.4427899999998,950.14368,-8.611424706692404e-05,1.0,0.0,9.725006275324739e-05,0.00016612224488821766,8.22359171661253e-14,3.538381228516832e-13,1.752292882202827
2019-10-29,23562.527985755736,23762.73537550657,23422.15597121388,23568.55734804687,316433.5129999999,0.0,0.0,23568.557348046932,23562.527985755798,23762.735375506632,23422.155971213942,0.0007820022420769287,0.0005261472248913586,0.0002558550171854988,0.014436202326300794,949.562045,169554545.155,953.38558,949.562045,-0.0005838683144771,1.0,0.0,0.00010417668128267035,0.0001665944067384261,1.0485581632985885e-13,3.525590842779744e-13,1.7516270155556768
2019-10-30,23628.95489803056,23684.18264465616,23400.65471633571,23552.119829980467,312603.60549999995,0.0,0.0,23552.11982998053,23628.95489803062,23684.182644656223,23400.65471633577,-0.0006976775257728933,0.0025593545116221828,-0.0032570320373949443,0.012043425068775808,954.348615,152723591.995,956.7419,948.59901,0.0047943469266636,1.0,0.0,6.842413356564411e-05,0.00016527220643112068,9.476124287906448e-14,3.5677754332428544e-13,1.7518205566022242
2019-10-31,23563.81778686793,23766.672030699818,23429.070317466,23600.72827539062,275088.7612,0.0,0.0,23600.728275390684,23563.817786867992,23766.67203069988,23429.070317466063,0.002061740258834573,0.0004965605151682276,0.0015651797436661789,0.01430669186740624,952.37487,180311703.315,957.6954,952.1460300000002,-0.001974031939611,1.0,0.0,0.00010139437694705026,0.00016480634457935844,3.175672432609515e-13,3.638218908199672e-13,1.7505880545808097
2019-11-01,23516.761804084566,23701.1164460168,23338.93837691576,23490.353966503902,336416.92269999994,0.0,0.0,23490.353966503968,23516.761804084636,23701.11644601687,23338.93837691583,-0.0046877033081807245,-0.003564135528031782,-0.0011235677801488912,0.015399013770933313,968.3650649999996,190746034.98,968.6415800000002,953.42372,0.0158761765682925,1.0,0.0,0.00011807715279703463,0.00014538052456094147,5.931884985386325e-13,3.6352797564180386e-13,1.7527319126869507
2019-11-04,23557.52054729957,23705.64423372192,23348.763827907173,23520.53553613281,812456.6266,0.0,0.0,23520.53553613288,23557.52054729964,23705.64423372199,23348.76382790724,0.001284024790637634,0.002855245943442485,-0.0015712211528048578,0.01516913138418823,974.8870049999998,198785260.46,976.30772,968.62251,0.0064002948823142,1.0,0.0,0.00011409761471386042,0.0001381812359078373,6.719330725155884e-14,3.6405479362091473e-13,1.7472055031707097
2019-11-05,23499.07727118724,23648.75778169292,23396.17455267153,23527.906509765628,327183.7927,0.0,0.0,23527.906509765697,23499.07727118731,23648.757781692988,23396.1745526716,0.000313335505814718,-0.0009127368412505557,0.001226072347065279,0.010738060127296854,976.7081899999998,164224442.01500002,978.796355,974.1242049999998,0.0017795702776979,1.0,0.0,5.707226933687496e-05,0.00013551216114927262,4.0703761207768656e-14,3.6322444054019014e-13,1.750092330192249
2019-11-06,23598.26405970965,23749.00945542211,23377.44254716444,23552.91442236328,359241.43970000005,0.0,0.0,23552.91442236335,23598.26405970972,23749.00945542218,23377.442547164508,0.0010623398001333626,0.002985924863742905,-0.00192358506360965,0.01576925875878862,977.2516850000002,174800835.645,981.122895,975.83097,0.0005304330989546,1.0,0.0,0.0001229054024260156,0.0001328596808336066,1.2555452522642142e-13,3.5647427747820306e-13,1.750304858711118
2019-11-07,23660.97648805835,23781.69519124804,23475.116066564253,23579.8957171875,290509.5469,70.5,0.0,23579.89571718757,23660.97648805842,23781.69519124811,23475.116066564322,0.0011449051177559134,0.004577561912660935,-0.0034326567949050394,0.01297520580477515,976.412605,159104433.06499997,980.627075,975.058635,-0.0008190381871532,1.0,0.0,7.962622513076575e-05,0.0001315858908554083,1.671349237597155e-13,3.5885864087318485e-13,1.751301032317686
2019-11-08,23647.857480842824,23729.446866845763,23506.41973309769,23573.50839541015,295401.5105,0.0,0.0,23573.508395410223,23647.857480842897,23729.446866845836,23506.419733097762,-0.0002709166787263937,0.002878045469653546,-0.003148962148379923,0.009443196754943364,974.944215,150598097.47,979.6163650000002,973.628385,-0.0014350119003571,1.0,0.0,4.075650203422241e-05,0.00012907595529120918,3.8904407774869585e-14,3.3928966071978587e-13,1.7520328739409745
2019-11-11,23593.67754503766,23726.538644790944,23264.90585899738,23402.72505283203,409244.5312,0.0,0.0,23402.725052832102,23593.67754503773,23726.538644791017,23264.905858997452,-0.007271085077085092,0.0008552195961949833,-0.008126304673279953,0.01964815687991244,969.471125,162834067.38499996,977.118195,969.089725,-0.0053677884451211,1.0,0.0,0.00016751538024409925,0.00012996636884634135,7.591890077235838e-13,3.6095557455607844e-13,1.7512040487407514
2019-11-12,23449.04482367528,23583.184309580483,23313.7438145016,23430.20625371093,430547.571,0.0,0.0,23430.206253711,23449.04482367535,23583.184309580553,23313.743814501664,0.001173584623741618,0.0019772907643244,-0.0008037061405826062,0.011490878852862185,970.977655,172554732.90500006,974.32444,968.727395,0.0014805612582276,1.0,0.0,6.577062405058953e-05,0.000129970958051094,1.1633681122167498e-13,3.5393233930834755e-13,1.7438702144763916
2019-11-13,23483.010643806854,23590.033703827918,23174.58837541524,23319.071857128904,360993.2879,0.0,0.0,23319.071857128973,23483.010643806923,23590.033703827987,23174.588375415304,-0.004754495060648492,0.0022511529111705207,-0.007005647971818966,0.017767972436710754,965.676195,173790955.18999997,972.655815,963.7978,-0.0052202976143882,1.0,0.0,0.00013889144132303582,0.00013155385186460226,5.647991219750037e-13,3.4667999814739754e-13,1.7479033327708287
2019-11-14,23293.467333621866,23483.371254708694,23090.64599960961,23227.59592880859,702906.6755,0.0,0.0,23227.59592880866,23293.46733362193,23483.371254708763,23090.645999609675,-0.003930508903788505,-0.0010986110830621845,-0.002831897820726327,0.016864964058523,965.2280500000002,183727969.86,969.432985,963.6071,-0.0004425970539751,1.0,0.0,0.00013911556260279902,0.0001312021639506208,2.4073922285799854e-13,3.312139554986552e-13,1.7435240722148198
2019-11-15,23254.455860482536,23391.03989322085,22689.27391028648,23281.47975800781,409411.8053,0.0,0.0,23281.479758007878,23254.4558604826,23391.03989322092,22689.273910286545,0.0023171328396657084,0.0011557120922875256,0.0011614207473781347,0.030460740636946843,963.063605,172397214.70499998,967.95506,958.3628500000004,-0.0021405467050577,1.0,0.0,0.0004634072883256596,0.000141125644770966,2.4309721902643267e-13,3.3953498472541334e-13,1.7417999313274475
2019-11-18,23309.03172910834,23454.088087337404,23090.68987384296,23227.846881640624,452777.9481,0.0,0.0,23227.846881640693,23309.031729108407,23454.088087337474,23090.689873843025,-0.002306328816849247,0.0011827289906401475,-0.003489057807489218,0.015615311258204492,956.2746849999996,157542781.22999996,965.027815,956.007705,-0.0067453061816873,1.0,0.0,0.00011721640902080873,0.00013353695019016114,2.1929412855480427e-13,2.735922307016513e-13,1.7464608916051407
2019-11-19,23226.733663879862,23458.840494206863,23114.730363334107,23235.75859121094,247855.162,0.0,0.0,23235.758591211008,23226.733663879928,23458.840494206932,23114.730363334173,0.00034055513196894,-4.792714724384412e-05,0.00038848227921277557,0.014777324840623864,961.461725,150679726.60500005,961.461725,954.787225,0.0051580130357667,1.0,0.0,0.00010912636576435912,0.00012599210803441722,5.913336662469978e-14,2.2418650551402663e-13,1.744154058347302
2019-11-20,23300.873623262847,23410.087575560738,23032.866911190715,23166.858916406243,367181.5052,0.0,0.0,23166.858916406312,23300.873623262913,23410.087575560807,23032.86691119078,-0.0029696482284780256,0.002798443782796537,-0.0057680920112747084,0.01624483041792048,954.0339599999998,174418062.60499996,962.281735,954.0339599999998,-0.0073948581371479,1.0,0.0,0.00011909490221449129,0.00012528144099232687,3.491057934567074e-13,2.4020290927920254e-13,1.7457070472023961
2019-11-21,23204.982039465405,23485.44559930068,22906.44214985544,23089.008082324217,601460.6677000001,0.0,0.0,23089.008082324282,23204.98203946547,23485.44559930075,22906.442149855506,-0.0033660987304525904,0.0016442362805608314,-0.005010335011013469,0.02496270549657751,941.953115,163746261.76499996,953.147205,941.953115,-0.0121511815708458,1.0,0.0,0.00030187100900061893,0.00013513624322458427,2.423898010372308e-13,2.411193814359881e-13,1.7431277567409822
2019-11-22,23198.789717974643,23360.25418488783,22621.001144919395,22849.56910527344,392005.2858,198.45,0.0,22849.56910527351,23198.789717974716,23360.254184887905,22621.001144919464,-0.010424404062520367,0.004743446295161656,-0.015167850357682078,0.03215731011439897,932.31323,187600591.04,947.49295,925.877105,-0.0098083299880931,1.0,0.0,0.0004281739928864135,0.00014769816982101303,1.163807895266499e-12,2.7949960055698007e-13,1.7412611269855862
2019-11-25,22952.486620351665,23098.918967125526,22546.73347697566,22769.87744189453,269147.31319999986,0.0,0.0,22769.877441894598,22952.486620351738,23098.9189671256,22546.73347697573,-0.003493762001635806,0.00449402048269432,-0.007987782484330172,0.02419561991370814,930.949725,141390348.20499998,934.0486,926.0773399999998,-0.0013955112949382,1.0,0.0,0.0002680666276499377,0.00015623899806584756,5.700888871331175e-13,3.0389224905532967e-13,1.7327910051179476
2019-11-26,23014.888531731365,23108.90795262562,22663.51448778575,22783.54477675781,309556.1774,0.0,0.0,22783.544776757884,23014.888531731438,23108.907952625694,22663.51448778582,0.0006000574537641007,0.010702836346174752,-0.010102778892410574,0.019461828726083385,931.369265,141133341.815,936.29886,931.369265,0.0004296056678959,1.0,0.0,0.0001499538138173423,0.00015852785469258114,8.508089799408526e-14,3.02903503138541e-13,1.7342772183972865
2019-11-27,22771.30857220073,22973.85907631638,22622.891764813703,22746.071289355463,209213.3905,0.0,0.0,22746.071289355532,22771.3085722008,22973.859076316454,22622.891764813772,-0.0016461151708262905,-0.0005372075180496979,-0.0011089076527764925,0.015394704074959612,932.685095,150155959.51999998,937.06166,932.685095,0.0013461454132617,1.0,0.0,0.0001180234398025298,0.00016100782000442543,3.459109768881812e-13,3.1546098983899683e-13,1.7380440434369007
2019-11-28,22747.90231941928,22894.491152562136,22520.60820573067,22655.79418876953,383610.9762999999,0.0,0.0,22655.7941887696,22747.90231941935,22894.49115256221,22520.60820573074,-0.003976806618530831,8.04954994942539e-05,-0.00405730211802511,0.01646551033119885,925.266865,147288727.80999997,933.638595,922.6828799999998,-0.007614104179329,1.0,0.0,0.00012919745316472496,0.00016239797381530915,4.575769687353952e-13,3.2246147611271904e-13,1.7376175285501194
2019-11-29,22569.822153741487,22743.43503595385,22369.016596100897,22510.66055966797,212923.5969,0.0,0.0,22510.66055966804,22569.822153741556,22743.43503595392,22369.016596100966,-0.00642663363466235,-0.0038019222528500804,-0.002624711381812335,0.01659972020465527,925.6101249999998,132437860.425,927.650615,923.016605,0.0003536684669167,1.0,0.0,0.00013511413115293664,0.00016324982273310427,1.3408231798011247e-12,3.598432101758436e-13,1.735167666856242
2019-12-02,22541.41697379956,22732.33868226028,22327.613307083244,22580.895703710936,338448.2081,0.0,0.0,22580.895703711,22541.416973799627,22732.338682260346,22327.61330708331,0.0031152262935104248,0.0013653718360426051,0.0017498544574677207,0.0179643449043467,914.702085,172032071.88,927.6696849999996,913.7390499999998,-0.0113034493697971,1.0,0.0,0.00016017601420995954,0.00016555374270790923,4.076206862866292e-13,3.768645791275971e-13,1.7311792280185383
2019-12-06,22543.767391610632,22800.428883237422,22443.344808813355,22621.243678027346,162828.10700000002,0.0,0.0,22621.24367802741,22543.767391610698,22800.428883237488,22443.34480881342,0.0017852245749478714,-0.0016455888169349948,0.0034308133918828933,0.015785221253759897,918.7544599999997,132834707.12500004,920.518435,916.303965,0.0002870154627941,1.0,0.0,0.00012003973475869588,0.0001687021159790003,4.846709664274451e-13,3.990629393885809e-13,1.7379393805274415
2019-12-09,22734.02218661009,22926.13213421713,22499.11049230206,22744.386605175776,228877.5465,151.75,0.0,22744.386605175845,22734.02218661016,22926.1321342172,22499.11049230213,0.005428921799644341,0.004973126664305846,0.0004557951353385047,0.018801626432202113,921.1382099999998,174822928.24,922.577995,917.829565,0.0024706950941178,1.0,0.0,0.0001766703259014681,0.00017139036215277288,1.0428843921280347e-12,4.449294327336617e-13,1.7399891216545758
2019-12-10,22709.695431735367,22817.21239789039,22472.13871784531,22612.79367792969,225895.95700000005,0.0,0.0,22612.79367792976,22709.695431735436,22817.21239789046,22472.13871784538,-0.005802534268920532,-0.0015264274899689674,-0.004276106778951562,0.01523891817399982,915.64605,162799455.33499995,921.6340299999998,910.7259899999998,-0.0057021287484697,1.0,0.0,0.00010904888671219295,0.00017286149523184426,1.1359390662018743e-12,4.933696398557695e-13,1.7453067099497943
2019-12-11,22648.68616992939,22827.243866983168,22501.190179122463,22671.81916054688,170078.13730000006,25.28925678,0.0,22671.819160546944,22648.686169929457,22827.243866983234,22501.19017912253,0.002606868529698988,0.0015860064515813138,0.0010208620781177351,0.014386524413231658,917.05723,151181391.55999997,917.05723,910.17296,0.0014683887027549,1.0,0.0,0.00010308346205339231,0.00017597784323280274,6.760584877936918e-13,5.252273438567107e-13,1.737649619184868
2019-12-12,22787.38909228095,22967.17436257005,22587.7868155947,22801.369379882814,229639.4495,20.01,0.0,22801.369379882875,22787.389092281013,22967.174362570113,22587.78681559476,0.005697888095879209,0.005084566368829441,0.0006133217270498269,0.01665664106299072,923.150095,147402327.80000004,923.359865,917.95352,0.0063140363890156,1.0,0.0,0.0001385765358959568,0.00017453090101539562,1.0881944043358416e-12,5.416776136873236e-13,1.7422706009261617
2019-12-13,22835.901331970905,22972.23410869845,22683.659963816885,22789.115321289057,295525.11850000004,0.0,0.0,22789.11532128912,22835.901331970967,22972.23410869851,22683.659963816946,-0.0005375708974877951,0.0015133226917265722,-0.002050893589214379,0.01264143408951741,921.25263,164513943.68499997,926.64944,921.014255,-0.0019618638502906,1.0,0.0,7.827811028599725e-05,0.000175156275327166,7.982039691150092e-14,5.398517929718149e-13,1.7475972657926935
2019-12-16,22753.51119196956,22915.33511607209,22554.67356483865,22668.681711328125,245993.0814,91.65,0.0,22668.681711328187,22753.51119196962,22915.33511607215,22554.67356483871,-0.005298712194627911,-0.0015635521839114995,-0.003735160010716408,0.015864044260207284,916.761645,193026597.21,921.081,915.731865,-0.0046595532771207,1.0,0.0,0.00012044459515121976,0.0001742339330185752,9.502134505243419e-13,5.591225093992817e-13,1.7449086887218677
2019-12-17,22659.417824003885,22789.58628857248,22528.559573095976,22576.36619775391,313717.50470000005,0.0,0.0,22576.36619775397,22659.417824003947,22789.58628857254,22528.559573096038,-0.004080695941065498,-0.00040874810760588954,-0.003671947833459563,0.011519871221078075,909.667605,228193240.95,918.020265,909.667605,-0.0074070223696139,1.0,0.0,6.114523200082099e-05,0.0001703354164884763,5.761577965808711e-13,5.758934380854254e-13,1.7393196733646583
2019-12-18,22570.02226107093,22704.265077824064,22391.452440714744,22496.93961777344,271293.3216,0.0,0.0,22496.939617773503,22570.022261070993,22704.265077824126,22391.452440714802,-0.0035243326734509,-0.000281038503468276,-0.0032432941699826637,0.013873497159499693,906.902455,174551314.23000002,909.8106299999996,905.69151,-0.002902803056599,1.0,0.0,9.217354791514412e-05,0.00015177372946795052,5.774499533466529e-13,5.926110748014365e-13,1.7372461409945785
2019-12-19,22438.042930456864,22674.84016454853,22321.25877003752,22500.993283789063,197310.0514,0.0,0.0,22500.99328378913,22438.04293045693,22674.840164548594,22321.258770037584,0.00018017121077344323,-0.002621419557946449,0.002801590768720026,0.015716414573910285,907.97991,170476398.49,911.402975,902.71659,0.0011321433091316,1.0,0.0,0.00012047085353287076,0.00015193645169355366,4.05820981901657e-14,5.836754732832045e-13,1.7359578366355368
2019-12-20,22558.564904464645,22728.99566493959,22447.92319293772,22636.80083935548,182124.92750000005,23.8,0.0,22636.800839355546,22558.56490446471,22728.995664939655,22447.923192937786,0.006017483486063825,0.0025553580336013042,0.0034621254524626263,0.012443349648395389,911.936935,174916218.67999998,912.99532,908.408985,0.0041463754715817,1.0,0.0,7.278823024934067e-05,0.0001501195449178027,1.4595886088146168e-12,6.536982353927004e-13,1.738392872442505
2019-12-23,22603.437495177524,22749.78904162996,22436.5932040976,22611.89477070313,193850.1866,14.2,0.0,22611.89477070319,22603.437495177586,22749.78904163002,22436.59320409766,-0.0011008525585906848,-0.0014749413997165704,0.0003740888411258864,0.013862621328818717,914.816505,181300063.275,916.0369850000002,913.5197450000002,0.0030060677145035,1.0,0.0,9.603207606952305e-05,0.0001489664036105543,2.511458331577193e-13,6.48800237377751e-13,1.7452838271073698
2019-12-24,22588.328860865797,22700.390787083183,22412.698882248435,22546.88323544922,167814.1724,0.0,0.0,22546.883235449284,22588.328860865862,22700.390787083248,22412.6988822485,-0.00287924443648332,-0.001042734308780126,-0.0018365101277031451,0.012754427017351183,914.2920800000002,165153437.06499997,914.4923150000002,908.962015,-0.0005467573169818,1.0,0.0,8.003482245090241e-05,0.00013787459428306846,7.609627272671798e-13,6.747288836892483e-13,1.7423649439294504
2019-12-25,22567.69231960258,22783.132306291376,22392.055141093588,22606.525008789056,284104.4974,0.0,0.0,22606.525008789118,22567.69231960264,22783.132306291438,22392.055141093646,0.002641741137363084,0.0009224994526961372,0.0017192416846671264,0.0173142362919645,916.23722,186365141.09,918.058405,912.97625,0.0020263993458832,1.0,0.0,0.00014874958341622112,0.00012390337380955885,4.1131859255351026e-13,6.37104418553599e-13,1.7396491188413084
2019-12-26,22622.10704408577,22725.70194593943,22411.202669076178,22562.606896777343,233550.7577,6.99942846,0.0,22562.606896777404,22622.10704408583,22725.70194593949,22411.202669076236,-0.0019446079213222708,0.00068903414522835,-0.002633642066550629,0.013935575298425398,914.015565,152971130.13,917.371885,912.909505,-0.0023148158552504,1.0,0.0,9.442076451315566e-05,0.00011522108065271976,3.6902984692357637e-13,6.27051466543122e-13,1.7435476094857894
2019-12-27,22623.24561935169,22679.388189625926,22386.70626287052,22489.4054375,213982.7718,0.0,0.0,22489.405437500063,22623.24561935175,22679.388189625988,22386.70626287058,-0.003249645017081509,0.0026839710041822616,-0.005933616021263735,0.012989190449486312,918.706785,120718267.96999998,918.706785,909.820165,0.0048813591860647,1.0,0.0,7.075896001145495e-05,0.00011126133796242538,6.75272617950838e-13,6.565610525409596e-13,1.7409961804198382
2019-12-30,22744.19665302216,22926.922846810437,22301.77693271201,22581.54237753906,441978.3079,367.4199804,0.0704159999999999,22581.54237753912,22744.196653022223,22926.9228468105,22301.77693271207,0.004088534759232545,0.011265691808465489,-0.0071771570492329,0.02764553179481085,920.156105,140942679.95499998,922.53032,917.715145,0.0015030233234518,1.0,0.0,0.0003622390799441881,0.0001234721199695083,4.09650168084618e-13,6.597480121007813e-13,1.738504438761865
2019-12-31,22539.83954921232,22764.40138978253,22274.658398299256,22582.94153515625,193403.278,0.0,0.0,22582.94153515631,22539.839549212382,22764.401389782593,22274.658398299314,6.195831310030108e-05,-0.0018484735360637327,0.0019104318491639791,0.021748335656557136,916.303965,137725437.465,920.804485,913.66277,-0.0040001097077602,1.0,0.0,0.00023508517412846816,0.00012876650601769546,1.4185846105544375e-14,6.375784559692888e-13,1.7441781150207483
2020-07-29,20318.02850615298,20655.02634289301,19796.77016140281,20106.49141201172,521256.8641,4.26,0.0,20106.491412011776,20318.028506153034,20655.026342893063,19796.77016140286,-0.11615210319693094,-0.105686226276115,-0.010465876920815907,0.04243989499101296,770.752664,303101974.18600005,780.060094,760.0125720000001,-0.027364959396016,1.0,0.0,0.0008582597529299863,0.00016492378710654794,1.1082532113580637e-11,1.1246639026582645e-12,1.7431848020819363
2020-07-30,20109.274719827143,20429.97574874377,19954.45265148617,20188.487375976565,203775.11850000007,13.4,0.0,20188.487375976623,20109.2747198272,20429.97574874383,19954.45265148623,0.004069791304397547,0.00013841873909577242,0.0039313725653019015,0.023550912804153078,780.7812980000001,159081550.738,782.5745619999998,774.6900480000002,0.012599199314748,1.0,0.0,0.00027135230096469835,0.00017048260144428488,9.89275388162529e-13,1.1537466377520593e-12,1.6268844926135078
2020-07-31,20049.83648283023,20352.25737611455,19779.88252106377,20082.51055742188,424850.5792,0.0,0.0,20082.510557421938,20049.836482830287,20352.25737611461,19779.882521063828,-0.005263195283637078,-0.006891511802392068,0.0016283165187550035,0.028526446411743,778.1108939999999,214091103.20399997,783.13983,766.990708,-0.0033390099680286,1.0,0.0,0.0004058548458991199,0.0001847733570013061,6.168722949735291e-13,1.1603567041793636e-12,1.677413607864871
2020-08-03,20034.455601702717,20504.65063142048,19916.967403726965,20296.32906621094,500389.3961,0.0,0.0,20296.329066210998,20034.455601702775,20504.65063142054,19916.967403727023,0.010590720750206244,-0.0023957434125592234,0.012986464162765301,0.029079718686571988,793.9578899999998,238572275.524,794.143064,776.2396620000001,0.0196492743989307,1.0,0.0,0.00035766715089691344,0.00019382319825107835,1.0427973613778031e-12,1.160352352641852e-12,1.6845026508386471
2020-08-04,20378.80396630798,20746.758376741996,20239.082818688417,20579.347341601555,520003.915,0.0,0.0,20579.347341601613,20378.803966308038,20746.758376742055,20239.082818688476,0.01384798114848274,0.00405530391551113,0.009792677232971544,0.024774483554735237,806.549722,245078685.63200003,806.549722,799.3669200000002,0.0153354505537487,1.0,0.0,0.000269843229920512,0.0002018629154114943,1.2940416446946869e-12,1.1682574815664926e-12,1.7041943200845964
2020-08-05,20706.34047362626,21218.031467066063,20498.09809342445,20883.229843945308,528482.2511,152.75,0.0,20883.22984394537,20706.34047362632,21218.031467066125,20498.09809342451,0.014658420397544504,0.006151939776894104,0.008506480620650497,0.03451925516247234,816.51988,258114642.85200003,818.1961919999999,799.893204,0.0119736555919768,1.0,0.0,0.000567837146408627,0.00022510059962925605,1.3281866119362862e-12,1.2008638877736223e-12,1.7190574713314248
2020-08-06,20943.961645512936,21261.09951605831,20740.66500455124,21053.464280273434,427889.149,0.0,0.0,21053.464280273496,20943.961645512998,21261.099516058373,20740.665004551298,0.008118683407821353,0.0029039408137912833,0.00521474259403016,0.024782823019038214,818.702984,227792634.256,822.7183359999998,812.3875759999999,0.0026022806668404,1.0,0.0,0.00029658944711121317,0.00023300124519001886,9.012198840208871e-13,1.1915151617578746e-12,1.7305787288019392
2020-08-07,21048.161487091475,21253.26409525772,20810.07689791982,21066.98890078125,413755.5353000001,0.0,0.0,21066.98890078131,21048.161487091536,21253.264095257782,20810.07689791988,0.0006421878185632414,-0.0002519044390020563,0.000894092257565198,0.02107315241964702,820.086916,224183963.344,822.8840179999999,815.5842640000001,0.0016460687826173,1.0,0.0,0.00022173007236576952,0.00024017384329400748,7.367425959068867e-14,1.191207854891834e-12,1.7332783282238236
2020-08-10,21155.20423340045,21352.78621095813,20871.1170932668,21017.034788964844,449080.4072,0.0,0.0,21017.034788964906,21155.204233400513,21352.78621095819,20871.11709326686,-0.002374018969588914,0.004178629977798533,-0.006552648947387479,0.022815986917051185,821.78272,270376563.00600004,827.9421919999997,821.78272,0.002013230685142,1.0,0.0,0.00024369822807893503,0.00024633652494039323,2.515293300017506e-13,1.1562736488657045e-12,1.7298067266092065
2020-08-11,20986.404372723733,21088.19335079597,20739.546707162208,20892.626169335934,379203.0684,0.0,0.0,20892.626169335992,20986.404372723795,21088.19335079603,20739.546707162266,-0.005937007468643839,-0.0014584720814313104,-0.004478535387212533,0.016670980445784758,821.6657680000002,221005675.792,826.0807059999999,819.00511,-0.0001387100602478,1.0,0.0,0.00013121278065189457,0.0002498399023729469,7.493810710712447e-13,1.1649348125902232e-12,1.7261943422055541
2020-08-12,20892.980595827576,21142.33210405186,20791.446867637416,20979.430896191403,361603.5695,0.0,0.0,20979.43089619146,20892.98059582763,21142.332104051915,20791.44686763747,0.0041461947319230705,1.696404666982256e-05,0.004129230685253263,0.01673559763269615,825.408232,232366919.356,826.9870839999999,821.4708479999998,0.0044289591013091,1.0,0.0,0.00013345358426783554,0.0002519039041905815,5.465416751789717e-13,1.163389398681839e-12,1.7208723739706588
2020-08-13,21070.965569713266,21273.48677128583,20924.23874897522,21163.308047949213,591710.1876999998,0.0,0.0,21163.30804794927,21070.96556971332,21273.486771285887,20924.238748975273,0.008726453155733484,0.004353576935820011,0.004372876219913539,0.016553309109207527,833.3317299999999,230131567.05,833.4681740000001,828.273556,0.0093110433990154,1.0,0.0,0.0001296192825216948,0.00025236132564002264,6.968593981078955e-13,1.1962032636777256e-12,1.727647373096131
2020-08-14,21203.472325249084,21598.99078719008,21033.60706739118,21386.58302021484,530756.4456,0.0,0.0,21386.5830202149,21203.472325249146,21598.99078719014,21033.607067391244,0.010494833992640092,0.0018960274525634568,0.008598806540076652,0.02652509569140725,829.131204,277850156.408,838.467872,826.8311479999998,-0.0049250317318899,1.0,0.0,0.00032322794888213567,0.00026488331157166245,9.245680771032413e-13,1.1694522370921569e-12,1.7356978738245523
2020-08-17,21246.503195981048,21495.556484089702,21036.41047395994,21393.170287109373,347618.3496,17.676704213,0.0,21393.170287109435,21246.50319598111,21495.556484089764,21036.41047396,0.00030796189493074506,-0.006571437386503234,0.0068793992814338446,0.021591470149711234,828.5561900000001,210409610.18,830.4079300000001,820.242852,-0.0006761331103865,1.0,0.0,0.00021481397273226245,0.0002708224064047994,4.1411326464224396e-14,1.1589655117574821e-12,1.7428728610262691
2020-08-18,21353.03870983792,21571.07718367853,21166.71532490392,21384.260597753902,298139.8748,0.0,0.0,21384.26059775396,21353.03870983798,21571.07718367859,21166.715324903977,-0.00041656028891926873,-0.0018776677513132644,0.0014611074623940045,0.018923482086337,824.930678,178756921.72800002,829.4430759999998,823.537,-0.0042739131784404,1.0,0.0,0.00017822441240710024,0.00027573188590260933,6.533765792988543e-14,1.1241842582906174e-12,1.7382220340738694
2020-08-19,21397.434400285365,21528.75128515644,21239.3730725507,21412.29058466797,310887.825,0.0,0.0,21412.290584668033,21397.434400285427,21528.7512851565,21239.373072550763,0.0013099182129240512,0.0006158616645953877,0.0006940565483286775,0.013532631282842406,829.5892660000001,209425585.79800007,831.4799899999999,824.7260119999999,0.0054883253353842,1.0,0.0,9.137997112664575e-05,0.0002728634052881305,1.9677836034934056e-13,1.113457246680409e-12,1.7361568236307559
2020-08-20,21392.393218501133,21577.0582096676,21250.141928210294,21402.45277597656,584614.8399,0.0,0.0,21402.45277597662,21392.393218501194,21577.058209667663,21250.141928210356,-0.0004595523921132127,-0.0009296817933035393,0.0004701294011903822,0.015267055995523611,826.6654660000004,226118563.836,835.2224539999999,825.9150240000001,-0.0034409422475482,1.0,0.0,0.00011645611996665382,0.0002739651730608054,3.672836944667468e-14,1.0968421728065638e-12,1.7368591220848373
2020-08-21,21413.2195234414,21658.59780110416,21335.208104060235,21522.92014121093,560328.6009000001,0.0,0.0,21522.920141210987,21413.219523441458,21658.597801104217,21335.208104060293,0.005612889222366028,0.0005029348887243811,0.005109954333641663,0.015043831978024067,833.0685879999997,256115007.302,834.6961699999999,826.6654660000004,0.0075198959093672,1.0,0.0,0.00010307166359121714,0.00027558080823979355,4.654172608966291e-13,1.0863494049538534e-12,1.7355098401489197
2020-08-24,21624.749917642937,21880.710943483093,21499.23029486193,21761.292975781245,930860.3064999998,0.0,0.0,21761.292975781307,21624.749917643,21880.710943483155,21499.23029486199,0.011014419683207282,0.00472006786687931,0.00629435181632811,0.01758833561868261,846.6155279999999,336945933.78599995,846.6155279999999,838.4971100000004,0.015720972625618,1.0,0.0,0.00013937023085624475,0.0002644373657853964,5.437414147107052e-13,1.0930539672851578e-12,1.7409371025677611
2020-08-25,21818.34444779357,22068.842938549104,21679.84108489286,21907.686784960937,901943.8418,0.0,0.0,21907.686784961,21818.344447793632,22068.84293854917,21679.841084892923,0.006704729919942663,0.00261826430770504,0.004086465612237439,0.017783945492860824,851.9173519999999,333750230.132,855.2797219999999,848.7986319999999,0.0060842795720151,1.0,0.0,0.00015168355138775623,0.00026026728464836077,3.3931672560708826e-13,1.109310511260235e-12,1.749547970650024
2020-08-26,21898.73771170904,22028.17914867567,21708.895524361335,21832.385547460937,581993.1959,0.0,0.0,21832.385547461,21898.737711709102,22028.179148675732,21708.895524361396,-0.0034431269943872625,-0.00040857355875132035,-0.0030345534356360235,0.014600395592520719,851.2838619999999,312675684.39799994,854.694962,849.6367879999998,-0.0007249870155039,1.0,0.0,0.00010302857848265272,0.0002225057259259941,2.709779430711628e-13,5.687328027347612e-13,1.7510703938829462
2020-08-27,21833.482967802425,22128.857480260507,21720.85947963437,21895.098661425774,710946.2342999997,0.0,0.0,21895.09866142584,21833.482967802487,22128.857480260573,21720.859479634433,0.002868363369041638,5.026444584904858e-05,0.002818098923192517,0.018609459918821944,852.4923660000001,272016960.996,853.466966,849.7829779999998,0.00138258554917,1.0,0.0,0.00017008817243806108,0.00021744251949966224,1.8426824641579337e-13,5.284824456474244e-13,1.7431995235070339
2020-08-28,22055.246368141343,22278.702874523115,21846.946968726024,21988.421236230468,766949.9846,0.0,0.0,21988.421236230533,22055.246368141405,22278.70287452318,21846.946968726086,0.004253201005930582,0.00728769775989,-0.0030344967539592525,0.019570009140799077,856.6539079999999,320388220.482,863.3591559999999,855.4064200000001,0.0047460500134342,1.0,0.0,0.00018793556452586588,0.00020654655543099959,2.522056529395326e-13,5.102491135457246e-13,1.7456703033267225
2020-08-31,22041.79096145678,22379.21782970859,21798.881383447493,22124.337085253905,525796.6784000001,0.0,0.0,22124.337085253974,22041.79096145685,22379.217829708658,21798.881383447562,0.006162220830836552,0.0024242332116912076,0.00373798761914556,0.026274096958911867,859.2560899999999,324846810.816,865.8736239999998,856.9267959999999,0.0029559691642403,1.0,0.0,0.0003397665676710792,0.00020565152626970783,5.297233937798646e-13,4.845954151658277e-13,1.7481391678182252
2020-09-01,22221.840423255,22456.74164944404,21985.17830299887,22208.819430175783,532725.1895000002,0.0,0.0,22208.819430175852,22221.840423255067,22456.74164944411,21985.17830299894,0.00381125341958821,0.004397379913992988,-0.000586126494404696,0.021222352486089162,869.0800579999999,278163324.6259999,869.8402459999999,858.4179340000001,0.0110794909172702,1.0,0.0,0.00022506141330859908,0.00020341243543911219,3.2213589595305696e-13,4.3600012772874614e-13,1.7517573089132306
2020-09-02,22208.819430175783,22208.819430175783,22208.819430175783,22208.819430175783,0.0,0.0,0.0,22208.819430175852,22208.819430175852,22208.819430175852,22208.819430175852,0.0,0.0,0.0,0.0,869.0800579999999,278163324.6259999,869.8402459999999,858.4179340000001,0.0,1.0,0.0,0.0,0.00017502057811868082,0.0,3.695907971319318e-13,1.7520198637111548
2020-09-03,22296.07619324679,22518.39982283216,22135.26719115686,22385.331042285157,707086.1381,0.0,0.0,22385.331042285226,22296.07619324686,22518.39982283223,22135.26719115693,0.0079163985437948,0.003921225908016499,0.003995172635778161,0.017160607830492003,881.0091619999998,315013564.6240001,881.3502719999999,873.494996,0.013286505267073,1.0,0.0,0.0001410774300446877,0.00016724497726535456,5.001402486288519e-13,3.495368153623301e-13,1.7490648206614559
2020-09-04,22120.587387117204,22455.96256578993,22005.66734635881,22291.81654736328,538694.6420999999,0.0,0.0,22291.816547363345,22120.58738711727,22455.962565789996,22005.66734635887,-0.004186240014595748,-0.011897149287218405,0.007710909272622638,0.020256145219513567,878.6408840000001,308153569.6360001,880.1710060000003,871.1559560000001,-0.0026233910972108,1.0,0.0,0.00018218737239878994,0.0001652678422670056,3.4860692358342837e-13,3.632834485619671e-13,1.7556241292217116
2020-09-07,22370.57977979203,22584.993683565444,22098.01699839461,22166.83194218749,746571.7282000004,0.0,0.0,22166.831942187557,22370.579779792097,22584.99368356551,22098.016998394676,-0.005622525141056399,0.0035270527583728803,-0.00914957789942918,0.021797813514221456,865.6884499999998,373101245.0,882.79268,865.6884499999998,-0.0144739573493274,1.0,0.0,0.0002052337911904892,0.0001633446204225833,3.397474749580873e-13,3.676943558097839e-13,1.7473741831073912
2020-09-08,22227.38029000338,22454.513554771976,22074.69038328116,22326.25987509765,464280.00170000014,0.0,0.0,22326.259875097716,22227.380290003446,22454.513554772042,22074.690383281224,0.007166443540858443,0.00272776032346702,0.004438683217391242,0.017059922471676817,867.530444,260101277.238,871.8576679999999,862.404048,0.0020715306468037,1.0,0.0,0.00013790974113402226,0.00016367946844668966,6.913655428077713e-13,3.6479357939661025e-13,1.7418246057657356
2020-09-09,22215.37007885689,22572.821661749804,22088.022098553203,22458.32784101562,428150.5711,0.0,0.0,22458.327841015685,22215.370078856955,22572.82166174987,22088.02209855327,0.005897937459836301,-0.004979163333458756,0.010877100793295203,0.02171112615341675,866.731272,275063570.342,869.73304,859.178122,-0.0008982186242656,1.0,0.0,0.0001899835030079904,0.00016650596438369742,6.133752078814833e-13,3.6813525603173587e-13,1.7507284191968147
2020-09-10,22540.580310208825,22762.04387735241,22319.48127901837,22506.30676201172,585546.9563999998,0.0,0.0,22506.30676201179,22540.580310208894,22762.04387735248,22319.48127901844,0.0021340744622426796,0.0036557580696174453,-0.0015216836073747458,0.01963450946018077,866.243972,275830327.146,874.0017879999999,866.243972,-0.000548100838903,1.0,0.0,0.00019186250816524125,0.00016961812566587475,1.6193607432326576e-13,3.4138908984250436e-13,1.7536940125096443
2020-09-11,22508.3299716568,22575.728761078837,22469.501946430508,22511.08631787109,64049.38119999999,0.0,0.0,22511.08631787116,22508.32997165687,22575.728761078906,22469.501946430577,0.0002123426324951489,8.989119065475993e-05,0.0001224514418404498,0.00471645987367314,866.390162,262737969.824,868.3491080000001,862.199382,0.0001644626197098,1.0,0.0,1.1116704634964118e-05,0.00015401256345351616,1.4727390610961764e-13,3.0252438129282317e-13,1.752318785528372
2020-09-14,22640.861540518566,22897.31631968137,22497.469935743866,22796.600931640627,475683.4233000001,0.0,0.0,22796.600931640696,22640.861540518636,22897.316319681442,22497.469935743935,0.012603529801122022,0.0057483934209125636,0.006855136380209527,0.017616856825039755,871.8479219999998,310671994.5119999,872.5691260000001,869.235994,0.0061201631981281,1.0,0.0,0.00013702373192640618,0.00015012305141322334,1.1622621064016917e-12,3.585669202896965e-13,1.7501532911997515
2020-09-15,22884.45059182324,23112.548825376067,22678.818447673224,22837.88563818359,618117.3138,0.0,0.0,22837.88563818366,22884.45059182331,23112.54882537614,22678.818447673293,0.0018093648426592767,0.0038462235676569264,-0.002036858724997605,0.018944328381487796,873.494996,334640702.66,875.912004,871.9356359999999,0.0018394537604812,1.0,0.0,0.0001778411333916101,0.00015010388746244883,1.281738250235557e-13,3.6170872864438007e-13,1.7614004983003326
2020-09-16,22924.496548679475,23092.063939992528,22714.87603543101,22899.5573453125,554736.5181999999,0.0,0.0,22899.55734531257,22924.496548679548,23092.0639399926,22714.87603543108,0.0026967727307015527,0.0037852493585864605,-0.0010884766278848113,0.01646896431038294,874.6742620000001,256195772.40400004,874.7814679999999,871.9063980000001,0.0013148759053747,1.0,0.0,0.00013515571836615451,0.00015229267482442428,2.1229047280631168e-13,3.624843342672286e-13,1.7572474286086788
2020-09-17,22915.715101356,23059.129852363185,22712.86720918522,22876.031538867188,564219.8043000002,0.0,0.0,22876.031538867257,22915.715101356072,23059.129852363258,22712.86720918529,-0.0010278757342103875,0.0007053436922020783,-0.001733219426412487,0.015130178754962417,871.3313839999998,361688601.032,876.5649859999997,868.3003779999999,-0.0037319156293901,1.0,0.0,0.00011330070716524329,0.00015213490418435375,7.963639662035782e-14,3.646297356259127e-13,1.7570123655089862
2020-09-18,22906.14089599309,23130.375172552533,22775.336010308645,22955.85762763672,522856.6358000001,17.85,0.0,22955.85762763679,22906.14089599316,23130.375172552605,22775.336010308714,0.0034834335193580377,0.0013153312682901896,0.002168102251067897,0.015468499774204525,878.0658700000001,296010472.714,879.1964059999998,873.066172,0.0075036844410472,1.0,0.0,0.00011782140133333207,0.0001528723910714595,2.9022270107586394e-13,3.558700076348745e-13,1.7533220548025792
2020-09-21,23038.16803830344,23246.49437181187,22878.089757070666,23028.54075791016,710437.1507000001,107.7,0.0,23028.54075791023,23038.168038303513,23246.494371811943,22878.08975707074,0.003161210904291829,0.0035791821805134464,-0.00041797127622158364,0.01597466757032276,884.8783240000001,340556125.074,886.6715879999997,881.5256999999999,0.0075322301622534,1.0,0.0,0.00012752751637100672,0.0001522802553471976,1.9322414242833033e-13,3.3834414402075576e-13,1.7557744218156213
2020-09-22,23034.901647414103,23271.586996601516,22873.77254479464,23046.31726826172,658862.0687000001,0.0,0.0,23046.317268261788,23034.901647414175,23271.58699660159,22873.772544794712,0.0007716360720418979,0.00027617951295987037,0.000495456559082157,0.0172422237631323,883.1727740000001,358407532.1639999,886.5838739999997,879.5472619999999,-0.0018802958211736,1.0,0.0,0.00014855231369007016,0.00015212369346231328,5.08178725571449e-14,3.239192013682586e-13,1.7566153460648266
2020-09-23,23100.825526731023,23195.42669047501,22906.97794542905,23005.96648808594,520635.1308,0.0,0.0,23005.966488086007,23100.825526731096,23195.426690475084,22906.977945429124,-0.0017523904228191585,0.0023623687412833144,-0.004114759164102542,0.012513555911361824,889.3224999999999,316427299.892,890.3165919999998,885.8821619999999,0.0067628355313344,1.0,0.0,7.17540970840185e-05,0.00015055996939238159,1.463042420646485e-13,3.1768551631793286e-13,1.7549218835523366
2020-09-24,22983.522233575157,23150.49956610012,22807.04381808077,22941.06582412109,488703.3406,0.0,0.0,22941.06582412116,22983.52223357523,23150.499566100192,22807.043818080838,-0.0028250228083007687,-0.0009760602657920419,-0.001848962542508786,0.014946932190615565,885.5020680000001,348894792.928,891.2814460000001,884.2740720000002,-0.0041957935958227,1.0,0.0,0.00011038478091544288,0.00014757479981625067,2.5197825253443793e-13,3.210710166238651e-13,1.751602077229185
2020-09-25,23035.771730775523,23170.761116361125,22831.50048523589,22940.54505693359,551379.1440999999,0.0,0.0,22940.54505693366,23035.771730775596,23170.7611163612,22831.500485235963,-2.2700475311218782e-05,0.004119728351838644,-0.004142428827149841,0.01475000446329337,885.1999419999999,317843247.50200003,888.1529800000001,882.558776,-0.0003325822197011,1.0,0.0,0.00010215261407722653,0.0001432856522938187,1.7946546290386626e-15,3.0855046670834043e-13,1.7484882229644452
2020-09-28,23022.946495587606,23275.65144120107,22880.869578765654,23094.487373925786,374112.1142,0.0,0.0,23094.487373925855,23022.946495587672,23275.651441201135,22880.86957876572,0.006688075697460869,0.0035855207752859305,0.003102554922175052,0.01710663979795121,889.3224999999999,368914460.86,890.3945599999998,886.9249840000001,0.0045283758155237,1.0,0.0,0.00014260015215389452,0.00013342733151795947,7.740893310904307e-13,3.207687635738687e-13,1.749060466727844
2020-09-29,23116.455105154244,23244.345474886584,22851.100189318666,22943.38582558593,667970.1403000002,0.0,0.0,22943.385825586003,23116.455105154317,23244.345474886657,22851.10018931874,-0.0065642515785881445,0.0009507589200632806,-0.007515010498651469,0.017062632562753848,881.018908,427043103.6740001,894.1857539999999,881.018908,-0.0091425756332557,1.0,0.0,0.0001237505930700393,0.00012836179050603147,4.283222742455499e-13,3.2607808248849336e-13,1.7555933656393403
2020-09-30,22954.311966531044,23108.555792484607,22753.006996406053,22998.26149355469,731261.0457,0.0,0.0,22998.261493554764,22954.311966531117,23108.55579248468,22753.006996406122,0.002388930187263471,0.00047610846195361706,0.001912821725309832,0.015505617252088778,882.2176659999999,302284557.6740001,883.9621999999998,877.861204,0.0013251877190276,1.0,0.0,0.00011879867578628812,0.00013430172429534587,1.4204829051033364e-13,3.3318049701401005e-13,1.7460820779660136
2020-10-01,23065.166461219986,23352.77852724408,22945.14800908245,23182.10543017578,535828.8349,0.0,0.0,23182.105430175852,23065.16646122006,23352.778527244154,22945.148009082524,0.007962037553370277,0.0029049081965440075,0.005057129356826332,0.01760947334953643,890.8721139999999,321830482.29199994,890.8721139999999,886.038098,0.009514117220087,1.0,0.0,0.00014516746853865362,0.0001345062262200442,6.409811591063719e-13,3.4022254253788606e-13,1.7500054879481795
2020-10-02,23209.260426152872,23405.10271576112,22873.75856039648,23188.48399453125,732113.0516,0.0,0.0,23188.48399453132,23209.260426152945,23405.102715761193,22873.758560396553,0.0002751125001789493,0.0011706919413652424,-0.0008955794411862699,0.022963724261981355,886.798286,488564601.976,893.3865820000001,874.917912,-0.0044669244863806,1.0,0.0,0.00026335648375543585,0.0001385646817878765,1.6205402342052748e-14,3.2360246647581727e-13,1.7570865727946465
2020-10-05,23263.16158081308,23552.60730867324,23166.890142063643,23340.39699179687,561459.4286,0.0,0.0,23340.396991796948,23263.161580813157,23552.60730867332,23166.89014206372,0.006529859899086122,0.0032152854733991103,0.0033145744256872526,0.01651241780207555,891.4471279999997,410072286.668,892.29503,886.798286,0.0050957777811633,1.0,0.0,0.0001320859850664365,0.00013490729148167384,4.982843480461006e-13,3.3152931013021793e-13,1.753772408528949
2020-10-06,23426.69883923772,23702.63801156174,23286.215010689484,23575.18008535156,523108.7401,0.0,0.0,23575.180085351636,23426.698839237797,23702.63801156182,23286.21501068956,0.010008831529385582,0.0036907121928194406,0.0063181193365662155,0.017724795404674563,892.4119820000001,460542659.1259999,895.5891779999998,889.5856419999998,0.0010542837097711,1.0,0.0,0.00014166384364245913,0.0001350949966070957,8.115894333313945e-13,3.375405046563991e-13,1.7589364063441124
2020-10-07,23605.291322535613,23954.49335794393,23417.310182636105,23739.765133593748,556899.3797,113.6,0.0,23739.765133593824,23605.291322535686,23954.493357944004,23417.310182636178,0.006957028537591403,0.0012764281650348363,0.005680600372556545,0.022680420092829917,896.3591119999999,483661360.138,900.111322,889.5076740000002,0.0043011418896371,1.0,0.0,0.00024473530984093166,0.00013783258694874276,5.262239772082725e-13,3.331829431227386e-13,1.7655425765417974
2020-10-08,23793.76417233537,23925.86618541933,23441.48827198167,23665.954653515622,680108.7234000001,0.0,0.0,23665.954653515702,23793.76417233545,23925.86618541941,23441.488271981747,-0.0031139929972293793,0.0022720409260348303,-0.0053860339232642985,0.020452685355707295,895.5014640000002,434975226.88400006,898.6591680000002,890.677194,-0.0009329562978563,1.0,0.0,0.0001979500163925604,0.0001381369623601087,1.9347072460075123e-13,3.347596756366128e-13,1.7671318611669378
2020-10-09,23721.794772144098,23918.392217561704,23497.99475458798,23795.188597558597,382509.41570000007,0.0,0.0,23795.18859755868,23721.79477214418,23918.392217561788,23497.994754588064,0.005445897616022649,0.0023567333393469726,0.00308916427667565,0.017732623921188382,900.5304,335064127.3759999,900.5304,894.39042,0.0054578250337439,1.0,0.0,0.0001535365932275248,0.00014525795678973675,5.98326434762804e-13,3.573123020692721e-13,1.7591602937424806
2020-10-12,23924.695506367832,24109.34583755093,23418.21088044749,23528.584391894536,525911.4828,0.0,0.0,23528.58439189462,23924.695506367916,24109.345837551016,23418.210880447572,-0.011267361384904714,0.0054278097775161665,-0.0166951711624209,0.029085596969210047,902.3139179999998,403643084.372,909.4284979999998,899.8286879999999,0.0019283053922021,1.0,0.0,0.00031531463492854954,0.0001541725019398439,9.105709107559922e-13,3.447277422869872e-13,1.7637333395704253
2020-10-13,23556.30035407599,23698.861532137977,23168.08932095585,23358.810925097656,448878.8489,0.0,0.0,23358.810925097736,23556.30035407607,23698.861532138057,23168.089320955925,-0.007241784603611216,0.0011772765520029426,-0.00841906115561419,0.022651138813828613,906.2415559999998,314768715.86599994,907.313616,900.3159879999998,0.004233082222382,1.0,0.0,0.00022915627226519612,0.00015673825888352322,6.906622670963842e-13,3.728521643906286e-13,1.7492984243930945
2020-10-14,23387.98510918597,23834.902235776863,23156.513741780916,23470.537227539065,589502.5572000002,0.0,0.0,23470.537227539146,23387.985109186047,23834.902235776943,23156.513741780993,0.0047716450831116084,0.00124817914171388,0.003523465941397612,0.028874874849779634,916.2994279999998,376927095.7759999,916.2994279999998,906.2415559999998,0.0107569614615668,1.0,0.0,0.00041208342683247105,0.00017058464430683905,3.448731702962916e-13,3.794812992651276e-13,1.745110849213729
2020-10-15,23503.38160825357,23716.943947483574,23251.48144466432,23448.137986328125,493411.2354,0.0,0.0,23448.137986328205,23503.38160825365,23716.943947483654,23251.481444664398,-0.0009548113969780804,0.0013984094527740188,-0.002353220849752017,0.019820879136607034,918.813896,428465093.804,921.903378,914.85702,0.0026707909690068,1.0,0.0,0.0001942944625356818,0.00017463433207536095,8.252778681354047e-14,3.7962586877478675e-13,1.753123299760535
2020-10-16,23455.553135954324,23677.147078302587,23162.719678944624,23358.53075996094,786416.3052,0.0,0.0,23358.530759961017,23455.5531359544,23677.147078302667,23162.7196789447,-0.0038288277391603054,0.00031618618963873856,-0.004145013928798907,0.021966248828836736,919.34018,385532638.348,922.195758,912.206108,0.0005580777010068,1.0,0.0,0.00023462106612404023,0.00018047431531489637,2.084336318199518e-13,3.7553641531199113e-13,1.7510843978374364
2020-10-19,23416.863415479587,23582.587980723853,23199.252771478896,23377.437214843747,410248.7305000001,13.55,0.0,23377.437214843827,23416.863415479664,23582.587980723933,23199.252771478972,0.000809075182709581,0.0024941611625846393,-0.0016850859798750585,0.01638857227047951,919.720274,344184326.97,922.254234,917.9952319999998,0.00040285746656,1.0,0.0,0.00013319576199242582,0.00018075772759596734,8.436158580389944e-14,3.7009328748076954e-13,1.7473608532981153
2020-10-20,23343.717245817374,23605.0592780949,23130.36232330039,23398.147528125,533210.2035000001,0.0,0.0,23398.14752812508,23343.71724581745,23605.05927809498,23130.362323300466,0.0008855181500508696,-0.0014434564072933495,0.0023289745573442018,0.020314924478415198,920.431732,375863280.892,920.548684,913.512072,0.0007536192652442,1.0,0.0,0.00020425277035042623,0.00018354275042898515,7.09769839460942e-14,3.711012430502171e-13,1.7495968071189605
2020-10-21,23488.158234569702,23664.756943075343,23206.91897633009,23358.97950722656,592216.8489,0.0,0.0,23358.979507226635,23488.158234569783,23664.756943075423,23206.918976330166,-0.001675382237688542,0.003839535470277658,-0.005514917707966194,0.01953642662288985,915.178638,362889756.548,924.11572,915.1494,-0.0055781765807812,1.0,0.0,0.00017908710331557428,0.0001889094007405629,1.2110979860894056e-13,3.6984152087743163e-13,1.7504924654161282
2020-10-22,23380.37186464093,23608.825755169782,23195.423487273627,23443.251911816405,379071.9938000001,0.0,0.0,23443.251911816482,23380.371864641005,23608.825755169863,23195.423487273703,0.003601216998011735,0.000915389635511117,0.0026858273625007534,0.017665619064217975,925.77254,308263816.388,925.77254,910.0619879999998,0.0112169523932018,1.0,0.0,0.00015325044894969004,0.00019105268414227526,4.0523760272564047e-13,3.775044883869918e-13,1.7484855625082592
2020-10-23,23507.60712873775,23850.214796364933,23361.461090247863,23648.0573,555014.5530999999,28.6,0.0,23648.057300000077,23507.60712873783,23850.214796365013,23361.46109024794,0.008698279275260054,0.0027413878484873993,0.005956891426772811,0.02070552075505545,936.8439959999996,382463155.14,936.8439959999996,928.930244,0.0115862475075814,1.0,0.0,0.00020065181118397022,0.0001959776439976125,6.62725234446731e-13,4.105510173778764e-13,1.75263367246656
2020-10-26,23636.29170129017,23846.44129791892,23387.080800054224,23475.14605703125,673654.6120000002,0.0,0.0,23475.14605703132,23636.291701290244,23846.44129791899,23387.080800054297,-0.007338720914005965,-0.0004976529951732023,-0.006841067918832683,0.019451227036728008,926.6496799999998,394492681.9240001,945.50819,926.6496799999998,-0.0106632822152629,1.0,0.0,0.00017109645929061157,0.0001974024593544483,4.640606902650233e-13,3.9504958533660597e-13,1.759993088396083
2020-10-27,23384.28355617399,23613.27112370204,23234.795771526424,23346.867779589844,534247.5183,146.7,0.0,23346.86777958992,23384.283556174065,23613.27112370212,23234.7957715265,-0.0054794139714220615,-0.0038780930747666937,-0.0016013208966553821,0.016157916922977515,922.429662,404374804.30600005,930.470112,922.244488,-0.0044485237491333,1.0,0.0,0.00012954859259068594,0.00019769235933048064,4.3930179270009624e-13,3.955985612593333e-13,1.7487849870545737
2020-10-28,23342.45967076886,23538.68219139323,22837.267622087853,23015.14516054688,638516.8475000001,141.75,0.0,23015.145160546956,23342.459670768938,23538.68219139331,22837.26762208793,-0.014310348451278014,-0.00018882725773964161,-0.014121521193538376,0.030251372216743202,897.6553299999999,422068404.1639999,922.858486,897.6553299999999,-0.0265334370767288,1.0,0.0,0.0003805389585039671,0.0002107793734663646,9.737873523989848e-13,4.371855143537659e-13,1.744976324626407
2020-10-29,22738.72688733049,23153.129008682903,22578.037766977963,22986.53752099609,553617.1995999998,0.0,0.0,22986.537520996168,22738.726887330566,23153.12900868298,22578.03776697804,-0.0012437650786261828,-0.01208298331442048,0.010839218235794246,0.025152280189245858,895.7353679999999,346869954.22200006,902.323664,891.1060180000001,-0.00208676857995,1.0,0.0,0.00027093339561021316,0.00021706766981994255,9.773614982455094e-14,4.100232638896748e-13,1.7330286159445887
2020-10-30,23040.412572617915,23348.29947034411,22785.9158005497,23019.54523896484,397102.1685,0.0,0.0,23019.545238964918,23040.412572617992,23348.299470344187,22785.915800549777,0.001434928672566954,0.0023410230796058933,-0.0009060944070388253,0.024381536598558684,901.963062,290059633.336,902.7914719999998,888.0555199999999,0.0067525617773735,1.0,0.0,0.00029691251305012217,0.00021874547128467687,1.5697529768621136e-13,4.1706175865688283e-13,1.7381496392194666
2020-11-02,23135.17974209494,23318.66153798305,22650.54077909978,23156.815919628905,305640.0597,0.0,0.0,23156.815919628978,23135.179742095013,23318.661537983124,22650.54077909985,0.0059455133140066275,0.00501074354225015,0.000934769771756298,0.029070237278864486,909.9645280000002,266146185.008,909.9645280000002,900.6668439999999,0.0086077164433992,1.0,0.0,0.00042220180582649687,0.00023325126232267993,8.400405233187522e-13,4.341495674205154e-13,1.7420965887239408
2020-11-03,23239.764304640637,23410.5487496812,23013.699797422512,23300.662679199228,414923.1927000001,0.0,0.0,23300.6626791993,23239.76430464071,23410.54874968127,23013.699797422585,0.006192639962575103,0.0035756287634214345,0.002617011199153708,0.017097040081470765,911.6505859999996,295155495.11800003,913.755722,908.5026279999998,0.0018041490580823,1.0,0.0,0.00014350875718872324,0.00023334350799999312,6.40530548798567e-13,4.2559662319387405e-13,1.7487024602538614
2020-11-04,23292.83877381665,23472.311534129047,23156.38724509101,23370.323656835943,308697.6266,0.0,0.0,23370.323656836015,23292.838773816722,23472.31153412912,23156.387245091082,0.002985196364462056,-0.00033583676745153386,0.003321033131913556,0.01355084450583104,915.890096,319094263.5540001,919.593576,910.139956,0.0045217421405971,1.0,0.0,8.75521520545462e-05,0.00022548435011067385,4.137851366810676e-13,4.1997468116751373e-13,1.7531238398516216
2020-11-05,23366.704075688736,23541.90937654972,23116.20502179698,23272.080754296883,335368.2223,0.0,0.0,23272.080754296956,23366.70407568881,23541.909376549793,23116.205021797054,-0.004212606492511057,-0.0001548913711482587,-0.004057715121362767,0.018248322870234927,913.93115,263577402.55,921.4940459999998,913.93115,-0.0020867497359715,1.0,0.0,0.00016014028704265345,0.00022359386364317847,5.397513891128882e-13,4.372887143931206e-13,1.7533694872850472
2020-11-06,23291.14787836101,23398.446097824504,23127.90064608913,23281.821873730463,423367.4993,8.52,0.0,23281.82187373054,23291.147878361087,23398.44609782458,23127.900646089205,0.0004184877754967507,0.0008189777938418595,-0.00040049001834499635,0.011629905206019368,914.457434,242927675.21,917.29352,910.890398,0.0005610584151026,1.0,0.0,6.756538892690398e-05,0.00021929530342814746,4.2456901739315284e-14,4.094952377419462e-13,1.7471781924445864
2020-11-09,23362.07247918841,23592.054523423714,23234.793385988483,23462.2941265625,680103.4330000001,0.0,0.0,23462.294126562578,23362.072479188486,23592.054523423794,23234.79338598856,0.00772174831833347,0.0034409941860464427,0.004280754132287207,0.015259112472045965,927.8094540000002,360204411.93,927.8094540000002,918.21939,0.0141272761614739,1.0,0.0,0.00010934146819889543,0.00020899664509166474,4.839162435429008e-13,3.881625043812916e-13,1.748546378358201
2020-11-10,23724.751195944875,23850.890908871905,23311.799785624124,23465.60891699219,444300.0095000001,0.0,0.0,23465.60891699227,23724.751195944955,23850.890908871985,23311.7997856242,0.0001412716196642361,0.011124230141497826,-0.01098295852183369,0.022861910358818557,927.7217400000002,411321197.58399993,938.997862,927.7217400000002,-9.214187801328154e-05,1.0,0.0,0.00021473656933956877,0.00020827565994538337,1.355023332347705e-14,3.5430690269264623e-13,1.7562099105394182
2020-11-11,23556.49803414322,23798.820873487904,23383.741791020133,23599.96073779297,536322.8100000002,0.0,0.0,23599.96073779305,23556.4980341433,23798.820873487984,23383.74179102021,0.005709149457333743,0.003865808498811015,0.001843340958522789,0.017595050693345243,928.033612,344750891.188,932.35109,923.540706,0.0003275759961937,1.0,0.0,0.00015348031256601566,0.0001953455042320606,4.510595308429879e-13,3.5961622071998104e-13,1.753212097587479
2020-11-12,23613.83801271575,23860.796873082032,23521.560340110555,23738.907546679697,547265.1022,0.0,0.0,23738.907546679773,23613.838012715823,23860.796873082105,23521.560340110627,0.005870322335057283,0.0005878482854441865,0.005282474049612912,0.014319352156988156,934.9142879999998,311951069.298,934.9142879999998,929.398052,0.007199275216051,1.0,0.0,9.174255970386029e-05,0.00019021790909046953,4.518595490295604e-13,3.78082808830782e-13,1.757898863476198
2020-11-13,23744.902449321773,23995.469399691145,23636.122124004192,23846.435293457027,432569.4155,0.0,0.0,23846.435293457107,23744.902449321853,23995.469399691225,23636.122124004272,0.004519371864450153,0.00025250301837354965,0.004266868846076826,0.015088897180468224,941.7462339999998,409018539.402,941.7462339999998,934.768098,0.0070960559021209,1.0,0.0,0.00010680446834950084,0.00018382707920174256,4.381257719700921e-13,3.8956741583828905e-13,1.7609596335447577
2020-11-16,23900.81892944429,24106.93800629133,23571.7868708994,23755.545648046875,797975.3637000002,0.0,0.0,23755.545648046955,23900.81892944437,24106.93800629141,23571.78687089948,-0.003818738382911455,0.00227798060389638,-0.006096718986807768,0.02244915783106704,926.6399339999998,471881642.8259999,948.266308,926.3573,-0.0157600404600252,1.0,0.0,0.00023762378905644902,0.0001890484805549437,2.0144913770139672e-13,3.9542179343316385e-13,1.762105631903383
2020-11-17,23913.36447232032,24104.711305896137,23653.52053075105,23945.052803125,697952.3132,12.0,0.0,23945.05280312508,23913.3644723204,24104.711305896217,23653.52053075113,0.007945734781959425,0.006621481401278474,0.0013242533806808422,0.01889534775151247,944.28994,361981945.886,944.28994,929.008212,0.0183889374079625,1.0,0.0,0.00017783965937152367,0.0001877278250059986,4.754364941093204e-13,4.1564476894132516e-13,1.755180499075971
2020-11-18,23927.854358525343,24206.15229337237,23733.85559393172,23997.777698730464,611832.3797999999,0.0,0.0,23997.777698730544,23927.854358525423,24206.152293372452,23733.8555939318,0.0021994911985555783,-0.0007185043215141084,0.0029179955200697707,0.019704292981293996,948.8023379999998,434872513.79,949.55278,941.775472,0.0046461458543375,1.0,0.0,0.0001908404011782529,0.00018831548989913253,1.4980239100042872e-13,4.170793985608996e-13,1.7633496847021526
2020-11-19,24066.70486932896,24448.486048864583,23892.215493074364,24310.82949003906,841628.7657000001,29.65,0.0,24310.82949003914,24066.70486932904,24448.486048864663,23892.215493074444,0.012960678922306445,0.0028681144231990515,0.010092564499107245,0.023015599416824847,958.2851959999996,461448296.43,958.2851959999996,949.582018,0.0096923391430693,1.0,0.0,0.0002255110194228567,0.00019192851842279087,6.334427997262411e-13,4.284896584109296e-13,1.7620285697453415
2020-11-20,24181.432431760368,24488.26024751797,24046.25730803561,24346.21297685547,607257.5333,0.0,0.0,24346.21297685555,24181.432431760448,24488.26024751805,24046.25730803569,0.001454403772184871,-0.005336825310724746,0.0067912290829095535,0.018214465985623,964.854,459550136.23199993,964.854,955.809712,0.0066578449325332,1.0,0.0,0.00014806718351436003,0.00018929928703931035,9.837407557718277e-14,4.0027210046745223e-13,1.7728263131812163
2020-11-23,24351.40172439209,24606.378711304493,24130.580739640227,24448.50345078125,676379.6542999998,18.9,0.0,24448.50345078133,24351.40172439217,24606.378711304576,24130.580739640307,0.004192692621614194,0.00021310068626917734,0.003979591935345014,0.019525760065339317,968.9375740000002,438677936.95,970.60414,960.351348,0.0041161179825569,1.0,0.0,0.00018450985056167035,0.00018996995660286328,2.5354217329698536e-13,3.8974617461905035e-13,1.7680588709713394
2020-11-24,24460.09097458607,24564.48258731127,24155.227375216466,24321.697975390623,712329.4729000002,0.0,0.0,24321.697975390704,24460.09097458615,24564.48258731135,24155.227375216546,-0.0052001327627096035,0.0004738440823244122,-0.005673976845034009,0.01680079125896381,970.467696,498572360.0439999,972.6410539999996,959.903032,0.0015378500138018,1.0,0.0,0.0001286969276879858,0.00018992737335772828,3.00150883905154e-13,3.8278862917930323e-13,1.7693967961147177
2020-11-25,24392.63500032424,24613.06853469348,24191.896516575936,24398.30190429688,502807.78080000007,0.0,0.0,24398.301904296964,24392.63500032432,24613.068534693564,24191.896516576016,0.003144663063335126,0.0029123697581580526,0.000232293305176946,0.017259820727996603,974.541524,434034971.7880001,976.851326,971.48128,0.0040826115721135,1.0,0.0,0.0001489298612681745,0.00017834691849593867,2.5633772695952013e-13,3.4691614790733e-13,1.7609597541379642
2020-11-26,24404.99073574681,24656.30868048329,24292.437558837988,24542.65907109376,538709.0296,0.0,0.0,24542.65907109384,24404.99073574689,24656.308680483373,24292.437558838068,0.00589925422671805,0.0002741139431367875,0.005625140283581192,0.014867707647192,980.4183620000002,400890404.64,980.4183620000002,969.639286,0.0058595407596348,1.0,0.0,9.830116066776545e-05,0.00016971530674881626,4.4619144876555715e-13,3.643389128543803e-13,1.7646155095920353
2020-11-27,24563.05090421892,24912.88329155307,24389.703224285546,24716.85733847657,778019.9226,70.5,0.0,24716.85733847665,24563.050904219,24912.883291553153,24389.703224285626,0.007072704169318558,0.0008305280305513013,0.006242176138767347,0.021224026704143,984.5604120000002,372027567.1639999,984.5604120000002,978.4983999999998,0.0041087954358847,1.0,0.0,0.00021017778656013512,0.0001653785704243169,3.677913612640229e-13,3.7487971603327084e-13,1.7688035621430913
2020-11-30,24786.70945358294,24894.564627661184,24552.89608825268,24685.08005107422,661349.6661,68.0,0.0,24685.0800510743,24786.709453583022,24894.564627661268,24552.89608825276,-0.0012864795780971575,0.0028221062033752763,-0.004108585781472398,0.013819677378709346,977.601768,438614295.57000005,986.7825,977.1437059999996,-0.0069127036937712,1.0,0.0,8.897090829990016e-05,0.0001487170255479871,7.880199599051e-14,3.368177896668588e-13,1.7726421483042127
2020-12-01,24583.16410752321,24938.681768361406,24365.099750015503,24886.20169580078,745403.0644000001,127.47,0.0,24886.20169580086,24583.164107523287,24938.681768361483,24365.09975001558,0.00811448650134733,-0.004137191842763092,0.012251678344110273,0.023268312459721822,983.2447020000002,522587985.43599993,983.2447020000002,963.596766,0.0056094332144338,1.0,0.0,0.0002127229995037278,0.0001521777376637373,4.374327063831843e-13,3.2666289754608965e-13,1.7671663594325207
2020-12-02,24923.07706057206,25341.268506917037,24771.82271711648,25178.683932226555,794962.8189000001,0.0,0.0,25178.683932226642,24923.07706057215,25341.268506917128,24771.822717116567,0.011684259746888175,0.0014806627371042045,0.01020359700978392,0.022727406641152744,988.556272,472347803.7519999,990.057156,982.3090860000002,0.0052507009698897,1.0,0.0,0.00021804909009341488,0.00015870258456568073,5.837425622031139e-13,3.3516076882219195e-13,1.7740393566523611
2020-12-03,25211.245281340503,25435.476841997493,24899.102208251945,25129.289702246093,546064.9301,95.3703677,0.0,25129.28970224618,25211.245281340594,25435.476841997584,24899.102208252032,-0.001963674633823899,0.0012923754470078692,-0.003256050080831867,0.021313178645714935,993.89708,484153133.552,994.43311,988.302876,0.0052512348543681,1.0,0.0,0.0002230303524343207,0.0001618470878352641,1.4310177846585368e-13,3.1532828828984026e-13,1.7814816220146596
2020-12-04,25159.456440555878,25476.55985023901,24945.770180392265,25233.476096777347,470417.1640000001,0.0,0.0,25233.476096777435,25159.45644055597,25476.5598502391,24945.770180392352,0.0041374432680150374,0.001199741263883211,0.0029377020041318103,0.021054531884531328,995.544154,513632775.8759999,999.130682,992.795782,0.0016137583354828,1.0,0.0,0.00021831290015139284,0.00016938446339648854,3.4855539611075675e-13,3.306332130084123e-13,1.7730978031156415
2020-12-07,25240.77437050092,25531.00765249272,24938.316994782374,25229.40529628906,538495.9293000001,0.0,0.0,25229.405296289144,25240.774370501003,25531.007652492804,24938.316994782457,-0.00016133840893519917,0.0002891880000937265,-0.00045052640902892415,0.023488244015034285,1003.818508,461526196.20800006,1004.237586,996.1776440000004,0.0080668020874587,1.0,0.0,0.0002757703957257699,0.00017770590977283227,1.1875402315643779e-14,3.0703117094704944e-13,1.7754877347461733
2020-12-08,25219.2461633173,25550.49069611376,25020.67415434807,25320.63795683594,677642.3571,0.0,0.0,25320.637956836028,25219.24616331739,25550.49069611385,25020.67415434816,0.0036096016435667832,-0.0004027514240776296,0.0040123530676443985,0.02095407249864857,1003.116796,488519010.188,1006.3524679999998,999.5789979999998,-0.0006815252506701,1.0,0.0,0.00021331763305054827,0.00017763496295838125,2.1037013599234261e-13,3.168721660804927e-13,1.77229073888323
2020-12-09,25325.01595830051,25611.01718288739,25102.989529568385,25352.160567578125,660021.3681,0.0,0.0,25352.160567578216,25325.015958300603,25611.01718288748,25102.989529568476,0.0012441631694472823,0.00017288754856700927,0.0010712756208804877,0.020035673805297666,1012.736098,540664846.7440001,1013.14543,1004.071904,0.0093013164950307,1.0,0.0,0.0002002707888560903,0.00017997448677288498,7.435400531436232e-14,2.9803688980406144e-13,1.7743939434325124
2020-12-10,25353.95941906328,25568.720978473066,24935.926552650573,25127.73642646485,685787.0351000001,0.0,0.0,25127.73642646494,25353.959419063372,25568.720978473157,24935.92655265066,-0.008891682950808912,7.095204627701135e-05,-0.008962634997086008,0.025060170629576797,1004.724886,551954262.288,1017.5798600000002,1004.724886,-0.0077401925646407,1.0,0.0,0.0002829755034374216,0.00018953613395956303,5.159900538770874e-13,3.012434150464378e-13,1.773046536797935
2020-12-11,25190.890431479747,25578.367419496968,24985.68342156828,25393.53737275391,533566.1049,0.0,0.0,25393.537372754,25190.89043147983,25578.36741949705,24985.683421568363,0.010522434562267771,0.0025101654047090297,0.008012269157558798,0.02344397387992448,1019.392616,403340519.802,1019.392616,1003.896476,0.0141250889555541,1.0,0.0,0.00025001122627777664,0.00019669647185597685,7.766132527391667e-13,3.181677890848915e-13,1.762299575825379
2020-12-14,25539.073312388995,25703.70694286796,25232.45244926227,25474.252401953123,528540.5993,12.6828302,0.0,25474.25240195321,25539.07331238908,25703.706942868048,25232.452449262353,0.0031735248297015332,0.005714858664132735,-0.0025413338344311394,0.018504258896350014,1037.0621139999998,493450369.236,1037.0621139999998,1022.326162,0.0167483546293461,1.0,0.0,0.00016870896378029678,0.00019325073059216924,2.357013664197171e-13,3.1988040052080756e-13,1.7752260099853086
2020-12-15,25548.527977621416,25745.259682803426,25202.381988935624,25408.75345732422,696664.2284999999,0.0,0.0,25408.753457324303,25548.5279776215,25745.259682803513,25202.381988935707,-0.002574493377509462,0.0029114692528740696,-0.005485962630383582,0.02131200675410036,1028.466142,605356767.5759999,1040.33677,1025.288946,-0.0081119032402432,1.0,0.0,0.0002154749835251055,0.0001951324967998483,1.4544034908728832e-13,3.0338059326970594e-13,1.774375640314723
2020-12-16,25473.728168957943,25715.938300182584,25314.261425586723,25469.70451464844,526882.9526,0.0,0.0,25469.704514648525,25473.728168958027,25715.93830018267,25314.261425586807,0.0023959486553469063,0.0025539142303351295,-0.00015796557498812952,0.01574303736981492,1039.888454,542410598.9940001,1039.888454,1030.356866,0.0107644003258684,1.0,0.0,0.00012391197356303313,0.00019178607541908734,1.7854161271555672e-13,3.048175543554623e-13,1.7691203868000187
2020-12-17,25500.74516609781,25688.202845748805,24895.81994021173,25394.06430009765,763355.4208000002,33.25,0.0,25394.064300097732,25500.745166097895,25688.202845748892,24895.819940211815,-0.0029742298721904038,0.0012179863227093912,-0.004192216194899734,0.03133193778263371,1025.055042,618561661.9599999,1039.888454,1024.713932,-0.0140022155902779,1.0,0.0,0.0004840561641287571,0.00020471333265438231,1.5343185026227943e-13,2.8081700688226426e-13,1.7712527980823563
2020-12-18,25399.40424811127,25636.94221952703,25195.432107095337,25489.656789453125,601877.2367000001,14.2,0.0,25489.65678945321,25399.404248111354,25636.942219527115,25195.43210709542,0.0037572960376067543,0.00021026120821925618,0.0035470348293875314,0.017371654236539517,1040.3465159999998,545842516.45,1041.4185760000005,1028.93395,0.0144314240584109,1.0,0.0,0.000146027039918216,0.00020461132547457513,2.4490830255035923e-13,2.881437182309231e-13,1.7667109464036255
2020-12-21,25522.397853535367,25755.695507300545,25302.748393690417,25563.031142675776,645311.4778,0.0,0.0,25563.03114267586,25522.39785353545,25755.695507300632,25302.7483936905,0.0028744580047006733,0.0012836600606359132,0.00159079794406476,0.017742765406435514,1053.620568,643703564.35,1054.1273599999995,1043.660156,0.0123565116884837,1.0,0.0,0.00015642529090628508,0.0002032070974918059,1.7425057874837507e-13,2.841791385034926e-13,1.7708082853574503
2020-12-22,25600.826129050805,25738.477762611063,25483.56139642791,25651.645760058596,613760.2109000001,56.7,0.0,25651.645760058676,25600.826129050885,25738.477762611143,25483.56139642799,0.003460519959251695,0.0014774098461349083,0.0019831101131167587,0.009953468270473581,1055.9303699999998,678185935.68,1056.690558,1049.702676,0.0021342304546909,1.0,0.0,4.801657553590685e-05,0.00019917307988420193,2.1979985128241512e-13,2.801615868723556e-13,1.7718984568185938
2020-12-23,25634.85000387051,25831.747991149077,25390.77178970136,25502.0664859375,486924.6203,0.0,0.0,25502.06648593758,25634.85000387059,25831.747991149157,25390.77178970144,-0.005848244198852962,-0.0006549777495362413,-0.005193266449316712,0.01721848508015672,1051.4959399999998,723987564.8059999,1066.3001139999997,1050.540832,-0.0041014974862362,1.0,0.0,0.00013781974896790575,0.00019861757426918846,4.709647367607515e-13,2.9089293736241717e-13,1.7734145460861814
2020-12-24,25550.78800800297,25693.860472162567,24918.22448903816,25348.054596289065,615644.7840000001,0.0,0.0,25348.05459628914,25550.78800800305,25693.860472162647,24918.224489038235,-0.0060575022164937285,0.0019086704294816131,-0.007966172645975312,0.030652628280649383,1040.4049920000002,669119075.9440001,1057.207096,1020.298994,-0.0103344656894395,1.0,0.0,0.00044527760616921346,0.00021596639654426086,3.8816711839205223e-13,2.8799172084374196e-13,1.765268961169438
2020-12-25,25337.733335165613,25684.657338175224,25208.84638083989,25609.136928222648,452306.0142,0.0,0.0,25609.136928222724,25337.733335165685,25684.657338175297,25208.84638083996,0.010247213737894393,-0.0004072645089418312,0.010654478246836172,0.018698843125200083,1056.875732,577170692.34,1056.875732,1034.859518,0.015308120697196,1.0,0.0,0.00013097203986132394,0.00021200610920932031,8.846642758882827e-13,3.1383536657495494e-13,1.7604971972869077
2020-12-28,25650.81744422607,25844.118278483595,25350.081130073937,25526.580941503904,590693.1079,0.0,0.0,25526.58094150398,25650.817444226144,25844.11827848367,25350.08113007401,-0.0032288999503256575,0.0016262412130325981,-0.004855141163358141,0.01930111188822087,1063.6102179999998,647006815.1140002,1068.2688059999998,1056.3689400000003,0.0061905169642439,1.0,0.0,0.00017716057651758106,0.0002164155926202044,2.1414110327935058e-13,3.20602321939397e-13,1.7731463061990578
2020-12-29,25528.25958364005,25914.451774446527,25356.930327238337,25692.71648007813,634121.6766999998,0.0,0.0,25692.7164800782,25528.259583640123,25914.451774446603,25356.93032723841,0.006487247173614868,6.575839311157555e-05,0.0064214887805035354,0.0217487182958994,1071.562954,602313043.0459999,1074.779134,1060.296578,0.0072600877991941,1.0,0.0,0.00022057432561485107,0.00021680815892576055,3.9817851424798927e-13,3.186396123326372e-13,1.7663426710662584
2020-12-30,25697.34967501665,25934.849393337685,25529.02000453656,25711.060178417967,454819.6772,0.0,0.0,25711.06017841804,25697.34967501672,25934.84939333776,25529.020004536633,0.0007137101711560129,0.00018031480781097016,0.0005333953633451796,0.015771756222837344,1069.6624840000002,604059886.8480002,1080.6657180000002,1067.099286,-0.0017300360022777,1.0,0.0,0.00012426424233057706,0.00021211891653761866,6.103271019454528e-14,2.925041197322088e-13,1.7730584689166662
2020-12-31,25667.956903987146,25930.041828187663,25404.076900519543,25661.528763378905,493828.1725,0.0,0.0,25661.528763378978,25667.95690398722,25930.04182818774,25404.076900519616,-0.0019283213638856746,-0.0016778555523439993,-0.0002504658115416576,0.020492543629787384,1075.831702,488253938.48,1077.254618,1068.424742,0.005604803287573,1.0,0.0,0.0002099479387577955,0.0002114647958537924,1.5216719142617611e-13,2.929573903802249e-13,1.7709407075734127
2021-01-01,25661.52876337891,25661.52876337891,25661.52876337891,25661.52876337891,0.0,0.0,0.0,25661.52876337898,25661.52876337898,25661.52876337898,25661.52876337898,2.2204460492503128e-16,2.2204460492503128e-16,0.0,0.0,1075.8317019999995,488253938.4800001,1077.254618,1068.4247419999997,0.0,1.0,0.0,0.0,0.00020054915084622275,2.2204460492503127e-08,1.1104985542457311e-09,1.767725975589265
2021-01-04,25960.575591030043,26242.421537993632,25679.047317384386,26037.812833007807,62507.7967,0.0,0.0,26037.812833007876,25960.575591030112,26242.4215379937,25679.047317384455,0.014556886127665748,0.011586128720646882,0.002970757407019043,0.021701864139371033,1092.010062,691675179.36,1097.818678,1085.304814,0.0145469310983461,1.0,0.0,0.00023207625147281353,0.00019836444363357494,8.94395885966785e-12,1.1109451584185987e-09,1.7677900617123363
2021-01-05,26047.46461811764,26304.262712920976,25815.23988222329,26118.92142568359,55083.5202,23.8,0.0,26118.921425683657,26047.4646181177,26304.26271292104,25815.23988222335,0.0031101892866083614,0.00037061471850121204,0.002739574568107227,0.018765995742822967,1103.78323,692186746.9000001,1104.377736,1088.1311540000002,0.01045111079288,1.0,0.0,0.00017318205508820274,0.00019635766473545765,2.161772039843077e-12,1.1110427285137912e-09,1.7820811127170533
2021-01-06,26120.12986082322,26321.26809334141,25837.55542762581,26096.987105859374,57035.5548,0.0,0.0,26096.98710585944,26120.129860823286,26321.268093341474,25837.555427625874,-0.0008401394031526578,4.626558523119975e-05,-0.0008864049883838138,0.018548214889610233,1114.172466,706989264.0800002,1123.5676099999996,1104.9040200000002,0.0091304109267205,1.0,0.0,0.00017171462098385966,0.0001949298563418461,5.644367889628546e-13,1.1110672326529736e-09,1.779087630418104
2021-01-07,26127.98264815521,26353.18665600169,25793.032538152413,26150.680841992194,61458.70199999998,0.0,0.0,26150.68084199226,26127.982648155277,26353.186656001755,25793.032538152474,0.0020553550864231447,0.0011870010104801218,0.000868354075942856,0.021484804591930876,1127.115154,701251111.66,1127.115154,1114.3966239999995,0.0112561045949415,1.0,0.0,0.0002305071332397553,0.00019230643783196282,1.2788525623179918e-12,1.1111053757783956e-09,1.7750058265736044
2021-01-08,26163.083763773207,26488.783885277626,25992.01992158209,26226.428720117183,68387.4681,0.0,0.0,26226.428720117252,26163.083763773277,26488.783885277695,25992.01992158216,0.002892405921870589,0.00047417432512747903,0.0024182315967431994,0.0189318289675805,1138.0306739999996,743713264.1400001,1146.4512180000002,1131.003808,0.0093930801349095,1.0,0.0,0.0001769480848455169,0.0001886532807603498,1.6126627722781922e-12,1.1111471782543725e-09,1.7758782264867161
2021-01-11,26334.028539925068,26604.978907320838,26069.02681364686,26375.41143955078,47008.1338,9.42766687,0.0,26375.41143955085,26334.028539925137,26604.978907320907,26069.026813646928,0.005664559161862114,0.004094331584233204,0.001570227577628729,0.020350477731743213,1154.7937940000002,756603128.8199999,1156.31417,1145.155,0.0142510934263816,1.0,0.0,0.00020611851892081925,0.00019052375851737595,4.568712858384762e-12,1.111363828828971e-09,1.7770663709804548
2021-01-12,26544.027234197547,26959.92860026101,26306.704879102726,26840.663727832038,70724.92739999999,25.28925678,0.0,26840.66372783211,26544.027234197616,26959.928600261082,26306.704879102796,0.017485849574188823,0.006372568171200505,0.011113281402988496,0.024527792620948487,1161.9960880000003,665973125.6199999,1161.9960880000003,1149.2873040000002,0.006059572686629,1.0,0.0,0.00025309701126386975,0.00019240485990431417,9.211301052881766e-12,1.1118171218641607e-09,1.7806501823216525
2021-01-13,26976.444157393653,27439.71619142641,26708.0956813481,27011.71212070313,68185.18660000002,0.0,0.0,27011.7121207032,26976.444157393726,27439.716191426483,26708.09568134817,0.006352513343704682,0.005046005740645877,0.0013065076030587734,0.027024731439262765,1155.92433,728183500.4399998,1170.3191719999998,1153.127228,-0.0051059120370923,1.0,0.0,0.0003645086648417541,0.00020443469446825021,3.449081368411044e-12,1.1119806488519454e-09,1.7948659066241088
2021-01-14,27117.98382836425,27279.653896564523,26726.63452950112,26938.856265429687,59311.06970000001,0.0,0.0,26938.856265429753,27117.983828364315,27279.65389656459,26726.634529501185,-0.002700838999116505,0.003926563500435412,-0.00662740249955175,0.020480529711392775,1157.24004,718687485.34,1160.2613,1148.8974639999997,0.0011086900013804,1.0,0.0,0.0001927590485020108,0.0001898698386869129,1.6903778224133885e-12,1.112057496150553e-09,1.7928646560244523
2021-01-15,26958.22347573068,27202.87171904109,26639.024428202585,26897.644736718747,57139.18059999999,0.0,0.0,26897.644736718812,26958.223475730745,27202.871719041155,26639.02442820265,-0.0015309886784443344,0.0007186738586798621,-0.002249662537124141,0.02094532119624593,1163.8673200000003,727262016.1400001,1167.317404,1158.643464,0.0055654165344985,1.0,0.0,0.00021739821137982052,0.00019343839725999312,9.961476571374525e-13,1.1120950581182822e-09,1.7846296702111673
2021-01-18,26955.259911513647,27261.08978826936,26642.57887759853,26991.953002246093,60000.0494,58.8,0.0,26991.95300224616,26955.259911513713,27261.089788269426,26642.578877598597,0.00350005810992918,0.002139724761494462,0.0013603333484347659,0.022949757327135452,1161.6647240000002,693662778.5999999,1170.3484099999996,1160.0956179999998,-0.0018461587824905,1.0,0.0,0.0002626308403378627,0.000198748674731572,2.1611720277803917e-12,1.112194404190734e-09,1.7816348352778366
2021-01-19,26957.30982999367,27088.800483622774,25606.847879610374,26123.95674677735,77292.43620000001,4.7,0.0,26123.95674677741,26957.309829993734,27088.80048362284,25606.847879610435,-0.03268600827872438,-0.0012842873172089926,-0.031401720961515396,0.05626056516831745,1102.2726,899658815.2200001,1161.6647240000002,1088.7938820000004,-0.051147041791163,1.0,0.0,0.001201713057798001,0.0002564334988446767,1.6187729334037153e-11,1.1129928006648716e-09,1.7844063053816779
2021-01-20,26170.95622095297,26429.1614841758,25449.119270669533,26198.52028544922,83013.2526,0.0,0.0,26198.520285449278,26170.956220953027,26429.161484175856,25449.11927066959,0.0028501551676014137,0.0017974783458936862,0.0010526768217076945,0.03778686606486165,1105.859128,782398354.3199999,1113.461008,1070.15953,0.0031659644379883,1.0,0.0,0.0007134955597144422,0.00028521728938200354,1.3105219855569898e-12,1.1130347785273114e-09,1.749454555270546
2021-01-21,26357.717783938464,26737.13028157541,26045.07805529424,26633.061595312494,55555.17180000001,0.0,0.0,26633.061595312556,26357.717783938522,26737.130281575468,26045.0780552943,0.01645042960510749,0.006058195610606169,0.010392233994501277,0.026224438469501093,1134.639066,649091494.26,1134.639066,1103.890436,0.0250394939098929,1.0,0.0,0.00030214136437781684,0.0002780604772924337,1.1118127641470816e-11,1.1135712765534656e-09,1.7642095714602313
2021-01-22,26670.78325406652,27006.41312593484,26457.063272019317,26837.564226269533,79498.33190000002,0.0,0.0,26837.564226269595,26670.783254066577,27006.413125934898,26457.063272019375,0.007649195233375022,0.001415344996505198,0.006233850236869758,0.02055119590771796,1137.143788,698045554.8000002,1145.8567119999998,1131.9296779999995,0.0021490637153328,1.0,0.0,0.00019616408441653342,0.0002813200795201942,3.585210279241818e-12,1.113706303853633e-09,1.7825547813361133
2021-01-25,26936.36459582354,27208.94934174917,26606.753081128627,27054.01953173828,75231.47580000001,100.749257434,0.0,27054.019531738344,26936.364595823605,27208.949341749234,26606.753081128692,0.008033034264547288,0.003674661044651406,0.004358373219895781,0.02238088030682718,1136.43233,648827767.5,1142.4066280000002,1133.26488,-0.0006099527382813,1.0,0.0,0.00024311407913217778,0.00028461775465092403,3.94682834784641e-12,1.1138929382158614e-09,1.7846759785994823
2021-01-26,27040.862484804184,27230.171666407696,26263.318560081407,26667.29244570313,64809.2836,0.0,0.0,26667.292445703195,27040.86248480425,27230.17166640776,26263.318560081472,-0.014397778176247591,-0.0004864433270975693,-0.013911334849150156,0.03615237689300383,1107.262552,724282858.8599999,1136.43233,1092.555838,-0.0253425434212759,1.0,0.0,0.000578739469609245,0.0003025260118506437,8.330658539115865e-12,1.1142895622171048e-09,1.7882713682496316
2021-01-27,26487.201281022823,26783.507614650563,25884.299724521825,26285.74976611328,80418.36869999999,0.0,0.0,26285.749766113346,26487.201281022888,26783.50761465063,25884.299724521887,-0.014410854093750992,-0.0067761666473957986,-0.0076346874463552785,0.03414971391844386,1069.301882,726146488.98,1104.2120539999996,1061.202956,-0.0339987369383467,1.0,0.0,0.0005605849798738886,0.0003243420487278093,6.8173264801051325e-12,1.1146273769056005e-09,1.7690420564752483
2021-01-28,25443.59792974745,25783.47001358008,24570.6712827588,24664.958195312494,117931.53669999998,0.0,0.0,24664.958195312556,25443.597929747513,25783.470013580143,24570.67128275886,-0.06364341856543274,-0.032562801822522,-0.031080616742910776,0.04818008204991172,997.931924,680861017.7599999,1025.435136,996.7916420000004,-0.067321670592681,1.0,0.0,0.0007874979704036682,0.00035321955031010293,2.1879790440624076e-11,1.1157137580680602e-09,1.7584762386749642
2021-01-29,24331.141362548035,25944.314147426667,23977.643354181397,25187.96838691406,82061.5508,0.0,0.0,25187.968386914123,24331.141362548093,25944.31414742673,23977.643354181455,0.020982895755395255,-0.01362647235354792,0.03460936810894324,0.07883060830724492,1029.772106,725098404.1400001,1048.776806,972.9724180000002,0.0306099823048189,1.0,0.0,0.0026444257875270767,0.0004854408396864567,1.0151554802295977e-11,5.99831118301865e-12,1.7011348453510031
2021-02-01,25248.66263970506,25578.966365168377,24815.458217523028,24971.97574091797,62237.3202,0.0,0.0,24971.97574091803,25248.662639705122,25578.96636516844,24815.45821752309,-0.008612209792792635,0.002406754014018446,-0.01101896380681101,0.030303613191577247,1009.208046,573499958.9000001,1047.2271919999998,1009.208046,-0.0196592521249313,1.0,0.0,0.00041225156615937457,0.0004944496054207848,5.541289137163724e-12,5.828177696893443e-12,1.7493762463656282
2021-02-02,24971.625443155404,25603.345596219708,24740.55571772718,25444.93199589843,72696.09059999998,0.0,0.0,25444.93199589849,24971.62544315546,25603.345596219766,24740.555717727235,0.0187623616975789,-1.4027733454275721e-05,0.018776389431033113,0.034279201269747275,1048.211538,540810900.2999998,1048.211538,1003.214256,0.036956348951289,1.0,0.0,0.00045134266118347025,0.0005083576357255481,1.0143203837624599e-11,6.227249286782521e-12,1.740873695010123
2021-02-03,25581.4048347292,25981.97258149735,25213.987723232935,25735.00146708984,80644.46549999999,0.0,0.0,25735.0014670899,25581.40483472926,25981.972581497408,25213.98772323299,0.011335402666989163,0.005349126459674109,0.00598627620731503,0.03000402637844156,1083.063234,619812561.06,1084.963704,1055.4430699999998,0.0318771576995841,1.0,0.0,0.00043627774678788077,0.0005215857920157493,5.461830106198306e-12,6.472118952644293e-12,1.7651388574849172
2021-02-04,25800.098411904924,26142.90900886821,25490.13281094801,25837.49431474609,74860.4143,80.0,0.0,25837.494314746145,25800.098411904983,26142.909008868268,25490.132810948067,0.0039747148567202935,0.0025263162229291402,0.0014483986337910657,0.02528655903973566,1083.9403740000002,459383752.5199999,1089.4858480000005,1070.9392099999998,0.0007889794807269,1.0,0.0,0.00031889464308649704,0.0005260051675080862,2.0549599292224637e-12,6.510924320989516e-12,1.7716105927625172
2021-02-05,25906.31129401337,26168.37718141671,25723.88006217241,26040.25637373047,54705.52879999999,26.9,0.0,26040.256373730528,25906.311294013427,26168.377181416767,25723.88006217247,0.007816957704249883,0.0026599133570403767,0.0051570443472096945,0.017131958199895013,1098.286486,447058766.0,1098.286486,1083.9403740000002,0.0128143617322499,1.0,0.0,0.00013647845624612396,0.0005239816860781167,5.487332617983527e-12,6.7046578132747825e-12,1.770567553603458
2021-02-08,26206.34137805176,26369.26673466145,25255.07700276504,25567.60675185547,83649.52329999999,0.0,0.0,25567.60675185553,26206.341378051817,26369.26673466151,25255.077002765094,-0.018317473688921337,0.006357756137704249,-0.024675229826625664,0.04317198825166374,1055.6672280000005,619248754.96,1098.432676,1047.79246,-0.038572927992202,1.0,0.0,0.0006967084087778629,0.0005485111805709689,8.564697491345891e-12,6.904457044922839e-12,1.775566904698442
2021-02-09,25572.262656481376,25572.262656481376,25565.24794709821,25567.60675185547,210.839,0.0,0.0,25567.60675185553,25572.262656481435,25572.262656481435,25565.24794709827,0.0,0.00018208512038213543,-0.00018208512038209466,0.0002743469263312326,1086.610778,477731377.2000001,1086.610778,1051.5739079999998,0.0281566457054399,1.0,0.0,2.4825531902476765e-08,0.0005358575712843705,0.0,6.443891992278751e-12,1.753175859479974
2021-02-10,25567.60675185547,25567.60675185547,25567.60675185547,25567.60675185547,0.0,0.0,0.0,25567.60675185553,25567.60675185553,25567.60675185553,25567.60675185553,0.0,0.0,0.0,0.0,1086.610778,477731377.2000001,1086.610778,1051.5739079999998,0.0,1.0,0.0,0.0,0.0005176321380422828,0.0,6.2714379238581985e-12,1.7591298855399984
2021-02-11,25567.60675185547,25567.60675185547,25567.60675185547,25567.60675185547,0.0,0.0,0.0,25567.60675185553,25567.60675185553,25567.60675185553,25567.60675185553,0.0,0.0,0.0,0.0,1086.610778,477731377.2000001,1086.610778,1051.5739079999998,0.0,1.0,0.0,0.0,0.0005079941856171823,0.0,6.1869190327375285e-12,1.7606026527454013
2021-02-12,25567.60675185547,25567.60675185547,25567.60675185547,25567.60675185547,0.0,0.0,0.0,25567.60675185553,25567.60675185553,25567.60675185553,25567.60675185553,0.0,0.0,0.0,0.0,1086.610778,477731377.2000001,1086.610778,1051.5739079999998,0.0,1.0,0.0,0.0,0.0004971242750481913,0.0,6.1371116498806574e-12,1.761323621544303
2021-02-15,25567.60675185547,25567.60675185547,25567.60675185547,25567.60675185547,0.0,0.0,0.0,25567.60675185553,25567.60675185553,25567.60675185553,25567.60675185553,0.0,0.0,0.0,0.0,1086.610778,477731377.2000001,1086.610778,1051.5739079999998,0.0,1.0,0.0,0.0,0.0004839927330312981,0.0,6.029053048491637e-12,1.7617817737927126
2021-02-16,25567.60675185547,25567.60675185547,25567.60675185547,25567.60675185547,0.0,0.0,0.0,25567.60675185553,25567.60675185553,25567.60675185553,25567.60675185553,0.0,0.0,0.0,0.0,1086.610778,477731377.2000001,1086.610778,1051.5739079999998,0.0,1.0,0.0,0.0,0.000423907080141398,0.0,5.219666581789779e-12,1.7621475191549063
2021-02-17,26292.64697416248,26781.37982832141,26034.816422292708,26560.98187158203,77802.1229,0.0,0.0,26560.981871582087,26292.646974162537,26781.379828321467,26034.816422292766,0.038117102997147566,0.02796312837737999,0.010153974619767529,0.02827212811731932,1126.4231879999995,447550939.0,1122.290884,1098.8225159999995,0.0350698290693122,1.0,0.0,0.0003598284291440233,0.0004062237236128771,1.84452401089586e-11,6.0764024879598596e-12,1.762446330834731
2021-02-18,26644.85391539373,27099.974877108205,26350.57760667157,26963.96200371093,59565.0269,0.0,0.0,26963.962003710996,26644.853915393796,27099.97487710827,26350.577606671635,0.015057941859885614,0.0031527411248627154,0.011905200735022915,0.02804260553733251,1144.5507480000003,570180666.22,1144.5507480000003,1119.484036,0.0155593993761406,1.0,0.0,0.00033844289318688545,0.0004080388000533305,9.375416435198082e-12,5.989266927646224e-12,1.8008114919803617
2021-02-19,26822.66122814124,27160.142561661654,26639.080956171307,26981.818141894528,61322.7035,0.0,0.0,26981.818141894597,26822.661228141314,27160.142561661727,26639.08095617138,0.0006620031738357198,-0.005254135401739391,0.005916138575575136,0.019371205198456,1143.6930999999995,533666984.84,1148.254228,1128.1969599999998,-0.0007305722951436,1.0,0.0,0.00017410122405724972,0.0004069356570353663,4.0009909374351984e-13,5.830011368371309e-12,1.8008407962892559
2021-02-22,26974.332084458725,27209.86966328687,26716.40122397488,26932.32673310547,56222.90379999998,0.0,0.0,26932.32673310554,26974.332084458798,27209.869663286943,26716.401223974954,-0.0018359346255178866,-0.00027748671661821997,-0.0015584479088996757,0.01830210788763606,1145.193984,556669006.7400002,1152.6301820000003,1139.4243520000002,0.0012781423481102,1.0,0.0,0.00016654536031734046,0.0004031072210946245,1.2124673872298364e-12,5.69329332034048e-12,1.791104194194661
2021-02-23,26887.49085781154,27086.034334470944,26546.051206172346,26838.130917285165,72251.41150000002,0.0,0.0,26838.130917285234,26887.490857811612,27086.034334471016,26546.051206172415,-0.0035036306661387954,-0.0016661478122032515,-0.0018374828539356278,0.020137250679720053,1147.7279440000002,557183595.54,1154.238272,1138.644672,0.0021541059826007,1.0,0.0,0.00020145017011470218,0.00038424275611989735,1.8068400813140985e-12,5.367102397450391e-12,1.784947795347266
2021-02-24,26844.57715513663,26955.569256232877,26638.79469506397,26722.670495507824,231529.34000000003,0.0,0.0,26722.67049550789,26844.577155136696,26955.569256232942,26638.794695064036,-0.004311384354986254,0.0002401606816761594,-0.004551545036662329,0.01182132697339237,1132.494946,558086854.82,1155.466268,1125.0392559999998,-0.013021797804551,1.0,0.0,6.186919453825595e-05,0.0003593069668531157,6.968364362738598e-13,5.061077895258828e-12,1.779763408614052
2021-02-25,26795.578706639742,27010.2082878438,26680.10936780869,26910.011018945304,268812.9478,0.0,0.0,26910.011018945366,26795.5787066398,27010.20828784386,26680.10936780875,0.006986086844167394,0.002724612905756861,0.0042614739384104205,0.012296559001036347,1135.828078,480527602.06,1140.2527619999998,1126.384204,0.0028642065092825,1.0,0.0,6.858751417859942e-05,0.0003233614440418623,9.657615729382037e-13,4.0153764518745344e-12,1.7754751871972871
2021-02-26,26899.93920143231,27208.063038376786,26660.796872800776,27050.084791699224,52141.7361,201.75,0.0,27050.08479169929,26899.939201432375,27208.06303837685,26660.79687280084,0.0051917657032855054,-0.0003743477772924861,0.005566113480577987,0.020319160101710098,1138.7908619999998,514734990.0,1139.580288,1119.698448,0.002538913985661,1.0,0.0,0.00019446610879374947,0.0002008634601051959,3.680958889801725e-12,3.691846656249822e-12,1.7835606372415018
2021-03-01,27125.29953717199,27390.88122242864,26832.381514271423,27273.68485214844,61945.445900000006,0.0,0.0,27273.684852148504,27125.299537172057,27390.881222428707,26832.38151427149,0.008232172570873181,0.0027767147286875482,0.0054554578421856775,0.02060073229252724,1156.041282,577949300.28,1156.674772,1144.6189700000002,0.0146525540470063,1.0,0.0,0.00020069818488917506,0.00019028579104168593,4.872605651391254e-12,3.658412481961198e-12,1.7858845735087439
2021-03-02,27378.530766859265,27510.40565100829,26957.230715412374,27291.757673828128,54120.33379999999,51.00000000000001,0.0,27291.757673828193,27378.53076685933,27510.405651008354,26957.23071541244,0.0006624274084082867,0.003836845117670898,-0.0031744177092626748,0.020312757914324506,1156.4701059999998,519756324.12,1165.7775360000005,1151.967454,0.0003614528147701,1.0,0.0,0.0002024114066591744,0.00017783922831547113,4.484833457874078e-13,3.1736764573693386e-12,1.7909804249245642
2021-03-03,27344.361721668432,27577.99932975512,27131.774465538416,27349.604860351563,65838.34409999999,0.0,0.0,27349.60486035163,27344.361721668498,27577.99932975519,27131.77446553848,0.002117341349189041,0.0019256149476552004,0.0001917264015338731,0.016312798556027613,1156.80147,569689955.12,1158.9748279999997,1150.27165,0.0002792126613749,1.0,0.0,0.0001330394985653086,0.00016267731590434252,1.1758743671857179e-12,2.9593786704187094e-12,1.7869637293225207
2021-03-04,27394.763967114337,27491.418242608248,26606.290249668597,26924.308000585937,69293.0883,0.0,0.0,26924.308000586,27394.7639671144,27491.41824260831,26606.290249668655,-0.015672559531903253,0.0016498177976370923,-0.017322377329540284,0.03272622868212985,1138.8395919999996,613656012.86,1161.6257400000004,1130.0292080000002,-0.0152515163066143,1.0,0.0,0.00041958969852988037,0.00016771206867651167,8.400506273027221e-12,3.2766559876089475e-12,1.7869129312656131
2021-03-05,26893.32403961804,27090.42981159075,26498.20686357794,26912.10659863281,55087.0093,0.0,0.0,26912.106598632872,26893.3240396181,27090.429811590813,26498.206863577998,-0.00045327692242756496,-0.0011514428716602701,0.0006981659492326782,0.02210345685467423,1139.005274,553831946.14,1139.853176,1126.2477599999995,0.0001417775897692,1.0,0.0,0.00024409310880373644,0.00017309280130439232,3.057501784482428e-13,3.0175768656321828e-12,1.7691320649150537
2021-03-08,27001.43306192002,27292.77484877659,26709.574797722555,26921.75861923828,49553.9906,0.0,0.0,26921.758619238342,27001.433061920077,27292.77484877665,26709.574797722613,0.00035858546176571824,0.003313696173082074,-0.0029551107113161704,0.02159990183047196,1138.595942,611557114.2999998,1151.2462499999997,1134.453892,-0.0003503115195871,1.0,0.0,0.0002299044947657215,0.00014975260560378523,2.6878845916379513e-13,2.602781414023078e-12,1.7738039956959195
2021-03-09,26858.68542573332,27090.822410174314,26545.898964530617,26826.513095800776,78801.88349999998,0.0,0.0,26826.513095800834,26858.68542573338,27090.822410174376,26545.898964530676,-0.0035441371450966866,-0.0023455820621336022,-0.0011985550829631104,0.02031974293319906,1132.455962,597523556.5199999,1136.7929319999998,1121.7061239999998,-0.005269839123743,1.0,0.0,0.000205891051341063,0.00016004591689424325,1.6765236889601258e-12,2.686607598471084e-12,1.7754176038376688
2021-03-10,26814.019381956663,27091.80958540457,26667.8251692882,26931.988123925777,57962.26209999999,0.0,0.0,26931.98812392584,26814.01938195672,27091.809585404633,26667.82516928826,0.003924036610933712,-0.00046583109797501736,0.004389867708908879,0.015773663973882572,1140.3599680000002,555033140.64,1140.8570139999997,1125.555794,0.0067786178372012,1.0,0.0,0.00011695998270377749,0.00016589391602943212,2.513733945965306e-12,2.8122942957693496e-12,1.7721234685988723
2021-03-11,27102.3663081557,27423.27483340732,26903.63683209801,27270.133599121087,47088.49100000001,0.0,0.0,27270.13359912115,27102.36630815576,27423.27483340738,26903.63683209807,0.012477366252091374,0.006306312000056016,0.0061710542520353575,0.019130623604671347,1151.7140579999998,571361589.04,1153.663258,1146.6071539999998,0.0096556974177444,1.0,0.0,0.0001682795524334743,0.00017430789365110584,9.716746764775212e-12,3.29813163400811e-12,1.7775226544950211
2021-03-12,27354.42115759292,27499.80487968063,27114.22883971056,27324.29671748047,48503.2071,0.0,0.0,27324.29671748053,27354.42115759298,27499.80487968069,27114.22883971062,0.0019842000663995154,0.0030860709342996192,-0.001101870867900148,0.014120269831769883,1151.548376,580502752.28,1156.382392,1148.2152440000002,-0.0001402130083788,1.0,0.0,9.922200257936885e-05,0.0001792689937800743,1.4971524018717166e-12,3.372989254101696e-12,1.788678143581409
2021-03-15,27355.219183821817,27602.1508540109,27191.93003983518,27472.700142187496,47714.13170000001,107.7,0.0,27472.700142187554,27355.21918382188,27602.15085401096,27191.930039835242,0.005416493459066759,0.001131044016324282,0.00428544944274261,0.014973459610997721,1154.472176,618490613.62,1155.9340759999998,1148.85848,0.0024713890814802,1.0,0.0,0.00010500792070292616,0.0001845193898152206,4.1320907602373315e-12,3.5795937921135626e-12,1.785262773176557
2021-03-16,27421.015489617497,27704.323183272165,27136.548171434937,27524.858276855462,75121.5792,0.0,0.0,27524.858276855524,27421.01548961756,27704.323183272227,27136.548171435,0.0018967442120879456,-0.001883081414617993,0.0037798256267061354,0.02070701231511201,1149.93054,613625605.34,1154.8132860000003,1141.9972960000002,-0.0038415890988271,1.0,0.0,0.00020887116038514542,0.00019496294783447786,9.173159964207058e-13,3.625459591934598e-12,1.788083694340866
2021-03-17,27491.89820399157,27678.895523973093,27346.39954379241,27496.58334013671,40903.29249999998,0.0,0.0,27496.583340136767,27491.898203991634,27678.895523973155,27346.39954379247,-0.0010277789304231674,-0.001198183205097078,0.00017040427467387685,0.01208535189764223,1155.963314,632288123.28,1155.963314,1146.382996,0.0050995885563898,1.0,0.0,7.301664817728166e-05,0.0001806223587861408,9.138243153601546e-13,2.7488888022546756e-12,1.7865581843084897
2021-03-18,27626.638247886018,27692.57343016065,27254.352228292577,27495.689227050774,49777.6068,0.0,0.0,27495.68922705083,27626.638247886072,27692.573430160704,27254.35222829263,-3.251777183514229e-05,0.004718706393474453,-0.00475122416530957,0.015951046875781447,1170.4361239999998,555621019.36,1170.4361239999998,1161.6647240000002,0.0121263634850362,1.0,0.0,0.00011849768867754416,0.00016962509856067372,2.3758671682268575e-14,2.281305914078885e-12,1.7833031183996653
2021-03-19,27425.70268873275,27562.21763457237,27189.353803442034,27429.13079824218,56802.67480000001,0.0,0.0,27429.130798242233,27425.702688732803,27562.217634572426,27189.35380344209,-0.002423620554712495,-0.0025486089758224406,0.00012498842110992634,0.013620416205844883,1163.7211299999997,585662284.68,1169.198382,1161.684216,-0.005607549530455,1.0,0.0,9.275183407899166e-05,0.00016555762906176084,1.55554935388549e-12,2.339078427085984e-12,1.7825001811738819
2021-03-22,27387.198394661023,27517.55417111793,27131.71119793541,27352.066309570306,51572.35500000001,0.0,0.0,27352.066309570357,27387.19839466107,27517.554171117976,27131.711197935456,-0.0028135398121043706,-0.0015299241075684218,-0.0012836157045359763,0.014120935826172014,1164.091478,610694788.22,1169.7246659999998,1159.101526,0.0003101118729273,1.0,0.0,9.906392895276508e-05,0.00016218355749353207,1.994554743892633e-12,2.3781827949191233e-12,1.779396557730049
2021-03-23,27254.10938357681,27486.93900125161,27005.27157306249,27235.56676289063,48891.160500000005,0.0,0.0,27235.566762890685,27254.109383576866,27486.939001251663,27005.271573062546,-0.0042683559259318994,-0.0035877638316756115,-0.0006805920942563198,0.017678856047631218,1153.3903699999998,627235991.7999998,1161.206662,1147.2016599999995,-0.0090006089935295,1.0,0.0,0.00015609204186559168,0.00015991565108107653,3.2054858464577512e-12,2.4481150831763062e-12,1.776947083587455
2021-03-24,27033.08692334604,27358.86337149867,26676.21813603701,26964.17292441406,56472.2507,0.0,0.0,26964.172924414113,27033.086923346094,27358.863371498726,26676.218136037063,-0.0100146645829615,-0.0074621633433675635,-0.002552501239593943,0.025268086476040643,1132.300026,633237676.0600001,1144.37532,1124.9028120000005,-0.0179860165380289,1.0,0.0,0.0003167212878851875,0.0001726582557484231,6.576793526036018e-12,2.7421129376644143e-12,1.773582047675136
2021-03-25,27060.86702400501,27273.529805267168,26755.26657001209,27019.097745410152,49359.518,0.0,0.0,27019.09774541021,27060.86702400507,27273.52980526723,26755.266570012147,0.0020348837433186314,0.003579606898323292,-0.00154472315500465,0.019185292532599985,1133.5572599999996,598322533.5999999,1141.0226959999998,1125.117224,0.0010815335897058,1.0,0.0,0.00018311596090967062,0.00017838467808497664,1.5258008400296297e-12,2.7701149010189853e-12,1.7653231640381222
2021-03-26,26912.457843578235,27206.509512124863,26370.79547657286,26907.15406669921,51929.158500000005,0.0,0.0,26907.154066699266,26912.45784357829,27206.509512124918,26370.795476572912,-0.00415173818859311,-0.003954643608831515,-0.00019709457976158917,0.031199099090038717,1132.6898660000004,614501380.9000001,1136.149696,1108.99734,-0.000746045939987,1.0,0.0,0.00048667688591867345,0.00019299521694122288,2.971330140343385e-12,2.734633463546068e-12,1.7717651224048012
2021-03-29,27000.310985429744,27405.52038331501,26854.06480309778,27294.960256445316,44085.49899999999,0.0,0.0,27294.960256445367,27000.31098542979,27405.52038331506,26854.064803097826,0.01430987747395618,0.0034561822327163066,0.010853695241239632,0.020327268133212444,1145.8177280000004,577734011.14,1145.9054419999998,1136.1691879999996,0.0112306458109607,1.0,0.0,0.00016109239599451698,0.00019101492749648997,1.1892076328273602e-11,3.0856069973901855e-12,1.7681133816845325
2021-03-30,27376.655735470755,27634.70795831889,27096.00575524711,27450.92087314453,37717.93250000001,0.0,0.0,27450.920873144576,27376.655735470802,27634.707958318937,27096.00575524716,0.00569763552596478,0.0029885906370119273,0.0027090448889528925,0.019686189492735172,1156.226456,689571407.8000001,1157.132834,1143.0596099999998,0.0088133976844006,1.0,0.0,0.00019093804333278935,0.00019044125933017072,5.502877782484449e-12,3.3383267192250383e-12,1.7844809207778933
2021-03-31,27406.34190061535,27764.234994091665,27062.510559310427,27657.275956054684,35929.377400000005,0.0,0.0,27657.27595605473,27406.341900615396,27764.234994091716,27062.510559310474,0.007489123552156837,-0.0016252718450793992,0.009114395397236215,0.025599285481950784,1161.1774240000004,653473490.7799999,1166.0601699999995,1156.2654400000004,0.0041643330243363,1.0,0.0,0.0002955713848319027,0.00019856785364350042,7.536538131689387e-12,3.656359907450221e-12,1.7851864277931355
2021-04-01,27603.706135102704,27920.156241301804,27329.009893718376,27752.791658886727,51065.5535,0.0,0.0,27752.791658886774,27603.70613510275,27920.156241301855,27329.009893718423,0.003447597216574619,-0.0019387942705764508,0.005386391487151065,0.0214001024485195,1185.21106,620877896.32,1186.3415960000002,1162.532118,0.0199660039311442,1.0,0.0,0.00021777455172601896,0.00018847709630330733,2.4326621748112513e-12,3.3579677025394226e-12,1.7891685528711516
2021-04-02,27785.23278150124,27937.49129435177,27531.176187765643,27775.91148916016,41367.20750000001,0.0,0.0,27775.911489160208,27785.23278150129,27937.49129435182,27531.17618776569,0.0008327164258731661,0.0011682491997528964,-0.0003355327738797173,0.014650518663929482,1193.3489699999998,593300322.34,1197.091434,1190.0548220000005,0.0066689408154264,1.0,0.0,0.000107275358675692,0.00018163620879690513,7.247239390367322e-13,3.3789163905688476e-12,1.78838722352525
2021-04-05,27961.3955832964,28084.8671202686,27434.183097831334,27639.52165058593,33754.11830000001,0.0,0.0,27639.52165058598,27961.39558329645,28084.86712026865,27434.18309783138,-0.00492245954771824,0.006655677806962435,-0.011578137354680598,0.02344110047672081,1204.65433,619166791.0999999,1213.649888,1196.9842279999998,0.0091895498965983,1.0,0.0,0.00022295857557368034,0.00018128891283730308,5.2762439250519565e-12,3.629289163863255e-12,1.7862570506674231
2021-04-06,27603.87997473981,27779.840056757344,27321.063176443276,27573.36604374999,40184.6961,0.0,0.0,27573.366043750037,27603.87997473986,27779.840056757395,27321.063176443324,-0.0023963839334489425,-0.0012903506932156862,-0.001106033240233202,0.01665263018568966,1208.465016,639807162.28,1213.0163980000002,1199.8690440000005,0.0030780886729915,1.0,0.0,0.00013818248847790712,0.0001779034846941453,2.1627480278880505e-12,3.653600380809651e-12,1.7796529878667844
2021-04-07,27500.17557253904,27804.35372343033,27346.59246272835,27699.06094160157,34002.145099999994,0.0,0.0,27699.060941601612,27500.175572539083,27804.353723430373,27346.592462728393,0.0045482031959067325,-0.002657919289409029,0.007206122485315862,0.01660068611341295,1210.823548,658991870.9000001,1210.823548,1201.213992,0.0019002495606454,1.0,0.0,0.00011773181838302732,0.00017794207647810775,4.8291255540137246e-12,3.769369961212073e-12,1.778254527047439
2021-04-08,27741.44543531075,27822.318817893283,27425.734830797486,27557.054846386724,31079.4313,0.0,0.0,27557.054846386767,27741.445435310794,27822.318817893327,27425.73483079753,-0.005139934496914481,0.0015290084718371883,-0.006668942968751812,0.014356733775511013,1203.523794,617473910.9000001,1214.7414400000002,1200.960596,-0.0058934038224841,1.0,0.0,8.587753777472092e-05,0.0001738219757451701,6.0013882057356254e-12,3.583602033260093e-12,1.7836576718954618
2021-04-09,27551.819216319007,27760.387141078896,27422.387968775747,27639.7034913086,54017.9036,0.0,0.0,27639.703491308643,27551.81921631905,27760.38714107894,27422.38796877579,0.0029946942240208943,-0.00019001041746971316,0.0031847046414904398,0.012250322626667665,1200.3758360000002,639180689.4000001,1203.6115080000002,1196.41896,-0.0025525205646941,1.0,0.0,7.111727206682384e-05,0.00017241673921954283,2.005771146968996e-12,3.609032970514957e-12,1.7767843450915368
2021-04-12,27755.38719306833,27963.80270483084,27488.77536765496,27784.297547363283,51613.9378,0.0,0.0,27784.297547363327,27755.387193068374,27963.802704830883,27488.775367655002,0.005217753370089922,0.004176683114066062,0.0010410702560238944,0.017133160397473916,1220.6377700000005,835862766.1999998,1220.6377700000005,1201.04831,0.016313615010276,1.0,0.0,0.0001463539162368736,0.00017448403899624022,3.638456037902646e-12,3.5843512343982226e-12,1.7812454070871073
2021-04-13,27833.492458087,27890.47123574472,27450.39358909229,27548.730924414067,51044.0092,0.0,0.0,27548.730924414107,27833.492458087043,27890.471235744764,27450.393589092335,-0.008514554602278419,0.0017690355387534307,-0.010283590141031897,0.015904591469520984,1216.6224180000004,952774320.3000002,1235.812292,1215.969436,-0.0032112825861069,1.0,0.0,8.562652625359883e-05,0.00016832180728966288,6.055019685455843e-12,3.84123641884998e-12,1.7855256737033862
2021-04-14,27419.274367763108,27601.105091864178,27168.53555083803,27471.74865576172,43662.18029999999,0.0,0.0,27471.748655761756,27419.274367763144,27601.105091864214,27168.535550838067,-0.002798315081014014,-0.004710259916192131,0.00191194483517812,0.015796288986899276,1223.970902,792840511.0999999,1223.970902,1201.6915459999998,0.0058689451375086,1.0,0.0,0.00012334926107364746,0.0001708384379344812,2.3329470932324473e-12,3.912192557743594e-12,1.7746286615846856
2021-04-15,27435.78412610616,27722.69162850637,27215.84721478044,27352.519073828124,46790.9918,0.0,0.0,27352.51907382816,27435.784126106195,27722.691628506407,27215.847214780475,-0.0043495253047694535,-0.0013100036725996848,-0.003039521632169716,0.018451848366888422,1215.56985,751849030.0199999,1233.7169020000003,1215.56985,-0.0067124909791248,1.0,0.0,0.00016666649954923384,0.00017324687847806568,3.3984609303557317e-12,4.0809276706772675e-12,1.7744236382320242
2021-04-16,27293.79600150293,27512.079780192016,26873.81791559351,27116.8873196289,48381.31090000001,0.0,0.0,27116.887319628935,27293.796001502968,27512.079780192053,26873.817915593547,-0.008651947567412473,-0.0021492060296527666,-0.006502741537759707,0.023472672013847173,1207.2467660000002,924885069.24,1222.742906,1195.970644,-0.0066960986831023,1.0,0.0,0.00025914845854660125,0.00018156670970144613,6.594720759487669e-12,4.332886240957376e-12,1.7716998322175694
2021-04-19,27182.47827501792,27463.464148503084,26859.53808631127,27333.67396933593,53584.76619999999,25.38,0.0,27333.673969335963,27182.478275017947,27463.464148503113,26859.5380863113,0.007962738676119338,0.002415902527514665,0.005546836148604545,0.02223555105157516,1228.5612680000002,753411606.1999998,1228.5612680000002,1202.432242,0.0170568809935377,1.0,0.0,0.00023532459553370145,0.00018837974303049298,5.436546575744085e-12,4.5049858325499495e-12,1.7652942272620997
2021-04-20,27322.617044459206,27643.305124553248,27083.888881455783,27375.364747656247,77399.24780000001,0.0,0.0,27375.36474765628,27322.617044459235,27643.305124553277,27083.888881455812,0.0015240913519287598,-0.00040459843953820373,0.0019286897914669583,0.020444524461978798,1236.065688,778202019.0999999,1253.647472,1229.2434880000003,0.0059350404463443,1.0,0.0,0.0002075523353563677,0.00019095275770503176,7.193070955008118e-13,4.380676895002102e-12,1.7774781875386285
2021-04-21,27375.364747656247,27375.364747656247,27375.364747656247,27375.364747656247,0.0,0.0,0.0,27375.36474765628,27375.364747656276,27375.364747656276,27375.364747656276,0.0,-1.1102230246251565e-16,2.2204460492503128e-16,0.0,1236.065688,778202019.0999999,1253.647472,1229.2434880000003,0.0,1.0,0.0,-1.9045782462175576e-32,0.00017511669331077238,0.0,4.051837218700301e-12,1.7772522928555183
2021-04-22,27348.76790750748,27514.457175477623,26759.2942994339,26944.04115175781,64085.8201,0.0,0.0,26944.041151757843,27348.76790750751,27514.45717547765,26759.29429943393,-0.01588134679752056,-0.0009720333955964459,-0.014909313401924145,0.027829718563258776,1196.633372,713655333.16,1239.671708,1196.633372,-0.031597908769273,1.0,0.0,0.0003013781611394506,0.0001810298033222614,9.197348652732252e-12,4.4354146093354326e-12,1.77649262849574
2021-04-23,26846.496288855604,27172.706831378506,26529.47202003844,27035.131600488283,63004.2612,0.0,0.0,27035.131600488312,26846.496288855633,27172.706831378535,26529.47202003847,0.0033750252385153284,-0.003626844960801593,0.007001870199317062,0.023956777507587537,1216.8173379999996,666843540.8800001,1216.8173379999996,1185.25979,0.0163017639563635,1.0,0.0,0.00026802505496372576,0.00017009721177451402,1.981429449760878e-12,4.385919574806307e-12,1.760475954852886
2021-04-26,27084.296687194543,27210.94204327624,26451.439674750716,26776.91214423828,46989.89980000001,0.0,0.0,26776.912144238308,27084.296687194572,27210.94204327627,26451.439674750745,-0.00959716153598609,0.001816911293670427,-0.011414072829656487,0.028308586541112613,1184.889442,667977682.9000001,1219.4682500000004,1183.300844,-0.0259138717120816,1.0,0.0,0.0003503611976951015,0.00017956065185954323,7.627422298903855e-12,4.17268687333782e-12,1.7701838495853153
2021-04-27,26680.94585625979,26939.00949433053,26359.837510848047,26741.86073076172,33324.654200000004,0.0,0.0,26741.86073076175,26680.94585625982,26939.00949433056,26359.837510848076,-0.0013098737734552562,-0.0035903567653852338,0.0022804829919300306,0.02173385782301688,1188.7683499999996,530816767.1399999,1189.9476159999997,1173.5548439999998,0.0031852840073593,1.0,0.0,0.00023417132444720592,0.00018172231591526405,1.4698471425148429e-12,3.971035341339339e-12,1.7611673390059845
2021-04-28,26727.830654772384,27048.495563880177,26506.01115480294,26868.34235585937,33702.18380000001,0.0,0.0,26868.342355859404,26727.830654772413,27048.495563880206,26506.01115480297,0.004718574170245421,-0.0005247861338927417,0.00524336030413818,0.020259843584641096,1198.31943,574525140.64,1199.644886,1186.565754,0.0077990699127942,1.0,0.0,0.00019461030688793602,0.00017667426201806573,5.210889572422597e-12,3.854752913376e-12,1.7643461532575468
2021-04-29,26873.078611277702,27068.21918195128,26501.88235039549,26778.32987753907,47915.09139999999,0.0,0.0,26778.3298775391,26873.07861127774,27068.219181951317,26501.88235039553,-0.0033557556896951215,0.00017626089319422415,-0.0035320165828893204,0.021144553233735333,1207.9094940000004,598631286.88,1207.9094940000004,1199.97625,0.0077686090206787,1.0,0.0,0.0002187269890498796,0.00017672188388425874,2.6153783662028635e-12,3.863888722945581e-12,1.7712223309909536
2021-04-30,26778.32987753907,26778.32987753907,26778.32987753907,26778.32987753907,0.0,0.0,0.0,26778.3298775391,26778.329877539105,26778.329877539105,26778.329877539105,0.0,2.2204460492503128e-16,-1.1102230246251565e-16,0.0,1207.9094940000004,598631286.88,1207.9094940000004,1199.97625,0.0,1.0,0.0,-4.7614456155438954e-33,0.00017135811595047414,0.0,3.827652525993744e-12,1.767121710376637
2021-05-03,26778.32987753907,26778.32987753907,26778.32987753907,26778.32987753907,0.0,0.0,0.0,26778.3298775391,26778.329877539105,26778.329877539105,26778.329877539105,0.0,2.2204460492503128e-16,-1.1102230246251565e-16,0.0,1207.9094940000004,598631286.88,1207.9094940000004,1199.97625,0.0,1.0,0.0,-4.7614456155438954e-33,0.00016021018717179012,0.0,3.563840329741146e-12,1.768672387291348
2021-05-04,26604.163349465536,26842.51865679344,26122.39037933044,26439.010065820312,53863.68310000001,0.0,0.0,26439.010065820345,26604.163349465573,26842.518656793476,26122.390379330478,-0.0127524002710924,-0.00652525333793772,-0.006227146933154784,0.027194331863437546,1210.6481199999998,694531731.9600002,1211.23288,1181.7609760000005,0.0022071552274799,1.0,0.0,0.0003547863676567269,0.0001710403811307311,8.954692960862956e-12,3.903437576389891e-12,1.7693483786621957
2021-05-05,26486.05147368812,26779.49813470102,26202.74892324497,26455.500637011726,52606.9353,0.0,0.0,26455.500637011755,26486.05147368815,26779.49813470105,26202.748923245,0.0006235267707960302,0.0017776614287193114,-0.0011541346579232018,0.02177227378720162,1224.5166780000002,668023586.5600001,1233.775378,1210.6481199999998,0.0111010497291567,1.0,0.0,0.00023650139848740317,0.00017697886013594993,4.4801867569449187e-13,3.684382232473929e-12,1.7570599912300278
2021-05-06,26483.634040160123,26741.5659175201,26162.243355396684,26451.51159951172,57535.78349999999,0.0,0.0,26451.51159951175,26483.634040160152,26741.56591752013,26162.243355396713,-0.00015079428374191716,0.0010628585438128653,-0.0012136528275548382,0.021901852735855282,1218.8055219999997,655319773.02,1229.4481540000002,1214.975344,-0.0045561758287795,1.0,0.0,0.00023927658312166534,0.00018464881240329713,9.908236219680064e-14,3.3892669402969885e-12,1.763123861802585
2021-05-07,26341.866589766825,26498.100749946138,25958.098415501576,26189.606483691405,56970.6936,0.0,0.024265,26189.606483691434,26341.866589766854,26498.100749946167,25958.098415501605,-0.00995067302586072,-0.004153746971806339,-0.005796926054054419,0.020589422015974294,1210.268026,726287123.76,1218.7373,1200.629232,-0.0068509064873018,1.0,0.0,0.00019898097791434737,0.00019104199769567329,6.669172888013163e-12,3.622437027349197e-12,1.764534385008707
2021-05-10,26050.993807249437,26353.283408248823,25782.689627600823,26089.280405078127,78250.2621,0.0,0.0,26089.280405078156,26050.993807249466,26353.28340824885,25782.689627600852,-0.0038381154513261397,-0.005306715503336183,0.001468600052010225,0.02188955267133874,1227.5866680000004,713471815.9799999,1227.5866680000004,1205.4340099999995,0.0138474475006631,1.0,0.0,0.00023874310376215393,0.00019566145707193734,1.880053174560369e-12,3.5345168841820824e-12,1.7556110349330858
2021-05-11,26084.092768339877,26528.403036777687,25876.050561082822,26112.481647558598,50926.9193,0.0,0.0,26112.481647558627,26084.092768339906,26528.403036777716,25876.05056108285,0.0008889065462881467,-0.00019886146667586404,0.0010877680129641597,0.024898119563800256,1224.136584,691513493.2200001,1240.2272300000002,1224.136584,-0.0027429311878,1.0,0.0,0.000309501100256505,0.00020685518577208262,6.68437107752317e-13,3.2651877552969064e-12,1.7564873424876453
2021-05-12,26058.48579996446,26397.695008953484,25915.62818481128,26189.88708710937,37528.4463,0.0,0.0,26189.887087109404,26058.485799964496,26397.69500895352,25915.628184811314,0.002959923152115965,-0.0020699584276728236,0.005029881579788898,0.018430504524621704,1236.855114,647288289.34,1236.855114,1217.4508280000005,0.0100736542148889,1.0,0.0,0.00016006861370467668,0.0002086911534036341,3.0115232811981515e-12,3.2991165646951918e-12,1.7606824956198164
2021-05-13,26118.271598951844,26523.360442427947,25976.88605213016,26246.51349814453,56912.7211,23.8,0.0,26246.513498144563,26118.27159895188,26523.360442427984,25976.886052130198,0.0021598138856096603,-0.0027382165498909135,0.004898030435500518,0.020818726172147528,1229.935454,663087140.0999999,1241.1433539999996,1229.935454,-0.0054677672374985,1.0,0.0,0.00020744220675670275,0.00021072993876400755,1.4458903431290659e-12,3.201488035333858e-12,1.7648706456123868
2021-05-14,26316.689194411407,26584.956355303297,26068.585289312763,26285.62386630859,47052.3323,0.0,0.0,26285.62386630862,26316.689194411436,26584.956355303326,26068.585289312792,0.0014890075809719707,0.002670146960851855,-0.0011811393798799863,0.019614544627289916,1234.1944560000002,661769480.9000001,1239.15517,1227.9667620000002,0.0033690005268842,1.0,0.0,0.00019182626497705454,0.00020736382908553022,1.2039195429210224e-12,2.9319479745055264e-12,1.766818332834788
2021-05-17,26395.358961843027,26505.487065317506,26081.602263566707,26249.761058984368,40654.3579,59.2,0.0,26249.7610589844,26395.358961843063,26505.487065317542,26081.602263566743,-0.001365282197737463,0.004166029119238222,-0.0055313113169756616,0.01612159896922922,1226.7290200000002,687911274.16,1245.3731179999995,1226.5341,-0.0059130942637318,1.0,0.0,0.00011813414427895379,0.00020150430652279283,1.2793517475020151e-12,2.7240882330934224e-12,1.7678539579843893
2021-05-18,26207.895408654385,26388.76073811377,25956.835630962643,26191.753770117182,41811.066000000006,0.0,0.0,26191.753770117215,26207.89540865442,26388.760738113808,25956.83563096268,-0.002212266854385489,-0.0015961696361496008,-0.0006160972182358447,0.016503199511292487,1220.861928,644448987.16,1230.1596120000002,1217.294892,-0.0046724137625849,1.0,0.0,0.0001360311690704352,0.0001979282482084962,2.020141046180923e-12,2.7891299306274283e-12,1.766061289287702
2021-05-19,26125.53032651757,26353.99806313248,25873.450965507986,26138.52836552734,46233.5099,0.0,0.0,26138.528365527374,26125.530326517608,26353.998063132516,25873.45096550802,-0.0020342111974796977,-0.0025316099683764647,0.0004973987708966075,0.01840260890264144,1230.4227539999997,634383220.9000001,1230.6371660000002,1218.8152679999998,0.0076025672078649,1.0,0.0,0.00016923243584782428,0.00020638987000088743,1.6832865104846352e-12,2.87329425615166e-12,1.764470400717597
2021-05-20,26062.54081617554,26329.031188582245,25799.80086291313,26167.132216601563,62141.6855,0.0,0.04117,26167.132216601596,26062.540816175577,26329.03118858228,25799.800862913162,0.0010937192497813043,-0.0029113427833939976,0.0040050620331753,0.02030540446062822,1245.7532119999998,688250727.34,1245.7532119999998,1223.8831879999998,0.0120680076675099,1.0,0.0,0.00019995836199948437,0.00020131888004388908,6.726152325144336e-13,2.447057585140769e-12,1.7636663413430629
2021-05-21,26032.392286755166,26573.174942864604,25786.742638681408,26315.076569921865,68374.0582,2.35,0.0,26315.076569921897,26032.392286755203,26573.17494286464,25786.74263868144,0.005637900866592642,-0.005162507910938181,0.010800408777530681,0.03004173750748387,1251.3181780000002,637511979.28,1256.288638,1236.241116,0.0043439886135453,1.0,0.0,0.00040619221106607894,0.00020822723784900675,3.1334404095549255e-12,2.5046581331304714e-12,1.7661205234436324
2021-05-24,26371.072716898256,26740.763159604237,26104.173487572683,26531.907067675776,58929.6796,0.0,0.0,26531.907067675806,26371.072716898285,26740.763159604267,26104.173487572712,0.00820602046079939,0.002125650434459156,0.006080370026340165,0.02409390598287286,1265.011308,653676987.26,1266.814318,1254.6610559999997,0.0106070817058426,1.0,0.0,0.00027597650269264645,0.00020450800309888402,5.2484377217616025e-12,2.3857089042733585e-12,1.7719673958451434
2021-05-25,26588.09025151385,26861.41862947888,26322.637117373743,26638.14240957031,46757.703700000005,0.0,0.0,26638.142409570344,26588.090251513888,26861.418629478918,26322.63711737378,0.003996064863867407,0.0021153316123261766,0.0018807332515412638,0.020261709525001705,1275.3420680000002,623130489.2999998,1275.3420680000002,1264.2803579999998,0.0079267823873007,1.0,0.0,0.00020390205241661795,0.0002029945394973546,3.208303301143499e-12,2.4726317122047918e-12,1.7782608643969677
2021-05-26,26647.39914920249,27083.091148388783,26366.34668832349,26896.49806132813,48098.3105,0.0,0.0,26896.498061328162,26647.39914920252,27083.091148388812,26366.34668832352,0.009651980668925034,0.00034743907838803934,0.009304541590537065,0.0268211399712169,1283.25582,659060385.2799999,1283.84058,1271.541128,0.0060289014781128,1.0,0.0,0.0003262435357476617,0.00020957620094034086,7.460894234764868e-12,2.5851319453219053e-12,1.7785922727825607
2021-05-27,26942.50778936696,27061.93162281244,26460.455378501378,26708.750540527348,54720.9094,0.0,0.0,26708.75054052738,26942.507789366995,27061.931622812477,26460.455378501414,-0.007004847226525567,0.0017091600601553832,-0.008714007286681069,0.02247663454127624,1270.459322,667684425.7599999,1286.1503820000005,1266.9702539999996,-0.0097673942807391,1.0,0.0,0.00022326670388139676,0.00020980318668191678,4.792827404831872e-12,2.694004397253356e-12,1.785558177577224
2021-05-28,26561.57740654675,26899.911965985542,26407.773151568745,26763.780417578128,47296.99219999999,0.0,0.0,26763.78041757816,26561.577406546785,26899.91196598558,26407.77315156878,0.002058249179236635,-0.005525534161469567,0.007583783340706292,0.018464609589034398,1286.920316,703939545.7599999,1289.483514,1267.0384760000002,0.0125465191598604,1.0,0.0,0.00014825365869316833,0.0002172158696165752,1.6259866281060473e-12,2.775303728658658e-12,1.7736762875297831
2021-05-31,26628.868533740617,26796.05941397365,26079.70814332305,26445.79361982422,65181.08550000001,0.0,0.0,26445.793619824253,26628.868533740653,26796.059413973686,26079.708143323085,-0.011952382221266301,-0.00505358597523742,-0.006898796246028901,0.02709729374148242,1294.31753,682531774.5399998,1294.31753,1274.3479759999998,0.0055859590865832,1.0,0.0,0.0003487466060099462,0.0002346531999170725,6.933879334654241e-12,3.1219976953913698e-12,1.7767951261675012
2021-06-01,26477.1836481466,26725.479512848917,26158.81960245052,26383.04563388673,68441.92210000001,17.676704213,0.0426649999999999,26383.045633886766,26477.183648146638,26725.479512848953,26158.819602450556,-0.0023755212619344843,0.0011862534431667832,-0.003561774705101199,0.021430995892323272,1303.800388,585225079.12,1312.142964,1295.0874639999995,0.0071144072275496,1.0,0.0,0.00022474316985959366,0.00022815104002721584,1.3155634395514486e-12,2.7400412193257947e-12,1.7638862792262806
2021-06-02,26349.23848487073,26719.490558031204,26179.826630728512,26523.503363964843,55107.8049,0.0,0.0,26523.50336396488,26349.238484870766,26719.49055803124,26179.82663072855,0.00530966629753896,-0.0012822184440818346,0.006591884741620794,0.020404144287797996,1306.724188,736431247.8599999,1310.817508,1297.017172,0.0021831142274577,1.0,0.0,0.00019137892464478004,0.0002258949163350847,3.6326472517573766e-12,2.899272648128939e-12,1.7658545691097167
2021-06-03,26613.64840720967,26990.450250033107,26352.35635508684,26730.58058613281,61970.2655,0.0,0.0,26730.580586132848,26613.648407209705,26990.450250033144,26352.356355086875,0.007776991002514859,0.0033929229068049467,0.0043840680957097046,0.02392541276681811,1329.627288,835117587.0399998,1331.3036000000006,1311.041666,0.016933950597611,1.0,0.0,0.00027878808991078767,0.0002278704916745408,4.694829750620622e-12,3.1290600175501303e-12,1.7732536816368931
2021-06-04,26849.30690079405,27031.02927179765,26441.97615887497,26779.90754726563,67934.14479999998,0.0,0.0,26779.907547265666,26849.306900794087,27031.029271797688,26441.976158875008,0.0018436376428376394,0.0044317565620181345,-0.002588118919180312,0.02203268498220653,1339.1491300000002,865182730.0600002,1339.1491300000002,1325.865332,0.0069545178292236,1.0,0.0,0.0002401320652435889,0.00022992804604100286,1.0133941219408584e-12,2.846271079246515e-12,1.7797041044064024
2021-06-07,26809.37136142674,27052.20132543689,26261.43293535816,26785.116940625,672037.5892,0.0,0.0,26785.11694062504,26809.37136142678,27052.201325436934,26261.4329353582,0.00019450727132494432,0.001099616107176084,-0.0009051088358510191,0.029666947237563007,1324.266988,818783778.34,1340.796204,1312.990866,-0.0108914911527641,1.0,0.0,0.000439747418357239,0.00023997826177075713,1.0805596080702245e-14,2.7528087003225313e-12,1.7782579026592913
2021-06-08,26785.116940625,26785.116940625,26785.116940625,26785.116940625,0.0,0.0,0.0,26785.11694062504,26785.11694062504,26785.11694062504,26785.11694062504,0.0,0.0,0.0,0.0,1286.355048,852359040.7200001,1329.822208,1284.630006,-0.0283086360117208,1.0,0.0,0.0,0.00022450320675793185,0.0,2.7193868449349154e-12,1.77672329539946
2021-06-09,26655.265445888286,27016.173130882955,26349.44741797029,26802.649448828128,580407.2189999999,0.0,0.0,26802.64944882817,26655.265445888326,27016.173130883,26349.44741797033,0.0006543474382300526,-0.004859686420323971,0.005514033858554047,0.024988387607590153,1299.04434,750275635.7799999,1305.125844,1278.7531679999995,0.009566864868122,1.0,0.0,0.0003004646439046799,0.00023152300826793202,4.206277052663311e-14,2.5709138194013393e-12,1.7759019788641126
2021-06-10,26822.98086423852,27141.54838532501,26544.954438490327,26915.810547070312,607987.7326,0.0,0.0,26915.810547070356,26822.98086423856,27141.548385325055,26544.954438490367,0.004213123966651318,0.0007582723509587392,0.0034548516156926385,0.02222601491338423,1289.9610679999998,657089744.0800002,1302.757566,1284.0257539999996,-0.0068386054241651,1.0,0.0,0.00024238706009178316,0.00023327025093468606,2.5745537228652185e-13,2.511492070859213e-12,1.776090808299534
2021-06-11,27008.22709537988,27398.490467414314,26801.4611011938,27204.19493544922,580869.8071000001,0.0,0.0,27204.194935449264,27008.227095379923,27398.490467414358,26801.46110119384,0.010657320350365559,0.0034276601987673176,0.0072296601515981765,0.022031514714264774,1317.4058039999998,687125064.34,1318.1172620000002,1288.499168,0.0205177321833978,1.0,0.0,0.0002225029920792303,0.00023480408728979483,6.744245011258848e-13,2.485017318769456e-12,1.7797167701936587
2021-06-14,27410.814318615823,27605.610156801435,27144.950866720683,27420.44545625,542314.5122000001,28.6,0.0,27420.445456250043,27410.814318615867,27605.61015680148,27144.950866720726,0.007917732693030949,0.007566431709877627,0.0003513009831534911,0.016827961292809675,1327.132312,697434285.6800001,1333.769338,1318.370658,0.0071691138682476,1.0,0.0,0.0001415424671293686,0.00023597450343231557,5.324454297812813e-13,2.447672002883419e-12,1.7883678644885617
2021-06-15,27391.83120727466,27807.561480860863,27209.72789764281,27630.83533652344,564484.5186,13.4,0.0,27630.835336523483,27391.831207274703,27807.561480860906,27209.727897642853,0.007643451761050184,-0.0010440818486842115,0.008687533609734469,0.021733426768358554,1332.629056,688620198.1999999,1337.8529119999998,1322.132614,0.0040282819305268,1.0,0.0,0.00020701603243526638,0.0002395237466005571,4.900534812846372e-13,2.3711676246386046e-12,1.7912852727631137
2021-06-16,27613.21383386419,27812.52648395689,27265.732429868985,27632.34315800781,492104.5251,6.3,0.0,27632.343158007854,27613.213833864233,27812.526483956935,27265.73242986903,5.456875720217737e-05,-0.0006379511828518255,0.0006925199400541133,0.019855820767800778,1322.0643919999998,721516164.3800001,1335.3384440000004,1316.421458,-0.0077571110127006,1.0,0.0,0.00019694154863786424,0.00024090920224005912,4.012998437939337e-15,2.2872039490362696e-12,1.7940023044568587
2021-06-17,27422.623941439066,27986.4494033387,27231.26555818665,27790.679128320306,587301.3012000001,53.85,0.0,27790.679128320346,27422.623941439102,27986.44940333874,27231.265558186686,0.005713741133001142,-0.007618576197789284,0.013332317330790468,0.027354660933702184,1325.3780320000003,694243445.2799999,1330.8650300000002,1303.5177540000002,0.0024396944017777,1.0,0.0,0.0003054746499402542,0.0002461850166370976,3.500744679225707e-13,2.2710769108066764e-12,1.7890175751769473
2021-06-18,27856.86702272972,28346.52975866903,27681.672540753912,28154.39127597656,471632.5887,0.0,0.0,28154.391275976603,27856.867022729763,28346.529758669072,27681.672540753956,0.013002656691163798,0.0023788263885649343,0.010623830302598822,0.023734062495591336,1342.7746420000003,731522090.1999998,1342.7746420000003,1328.8865919999994,0.0127091500686971,1.0,0.0,0.0002380534506425863,0.00023777807861592297,9.79224222711992e-13,2.1633661014645302e-12,1.7925664598544078
2021-06-21,28156.43516375361,28476.13205126475,27877.031454535045,28217.730356933596,658874.962,0.0,0.0,28217.73035693364,28156.435163753653,28476.132051264794,27877.03145453509,0.002247178419988932,7.259306627780836e-05,0.0021745853537110463,0.021263160096066484,1337.7651980000005,712705488.0,1346.643804,1333.1066099999998,-0.0036427063931168,1.0,0.0,0.00022423427157051433,0.0002351909670598164,1.2086831627486455e-13,1.906987631190193e-12,1.8018891905048928
2021-06-22,28285.61783918861,28465.329255705656,27839.37856963293,28119.305987695312,458796.7751,0.0,0.0,28119.305987695352,28285.617839188646,28465.329255705692,27839.378569632965,-0.0034941301766151594,0.0024029554739185034,-0.005897085650533681,0.022235315649037295,1344.9187619999998,677100621.1199999,1350.7761079999998,1340.0749999999998,0.0051976901514469,1.0,0.0,0.0002337710054164418,0.0002366844147098076,2.70840824181912e-13,1.7601145073421137e-12,1.797222863087752
2021-06-23,28022.742475891653,28239.328099611444,27734.15425046269,27987.56502890625,431165.8355,0.0,0.0,27987.56502890629,28022.74247589169,28239.32809961148,27734.154250462725,-0.00469608083683235,-0.0034399744814925175,-0.001256106355339826,0.018050960737087236,1341.897502,628359997.9799999,1353.0664179999997,1337.209676,-0.0021918292490008,1.0,0.0,0.00016230909529611558,0.00022848769268723028,3.891581295263758e-13,1.406527702080189e-12,1.7901008356974586
2021-06-24,28003.568412700304,28229.648264743657,27722.70029419529,27959.651620703124,336570.28299999994,0.0,0.0,27959.651620703164,28003.56841270034,28229.648264743693,27722.700294195325,-0.0009978480500311907,0.0005716399453327691,-0.001569487995363941,0.018121199773415277,1344.675112,524435671.0999999,1349.5383659999998,1338.1160539999998,0.0020152514444891,1.0,0.0,0.00016323738458536382,0.0002254862267224286,1.0603686745210605e-13,1.1721881752112009e-12,1.7848126180953052
2021-06-25,27934.66147000937,28239.73582181276,27635.131646052752,28026.14315742188,345221.0782,0.0,0.0,28026.143157421917,27934.661470009407,28239.735821812796,27635.13164605279,0.0023753013865277775,-0.0008941930216885344,0.0032694944082163288,0.02164220881219202,1354.8109519999998,505429704.12,1354.8109519999998,1337.93088,0.007318753164134,1.0,0.0,0.00023006327137194447,0.00022957670735636743,2.455037225004223e-13,1.1031640299309196e-12,1.7847142460279937
2021-06-28,27986.005659295628,28202.099895643816,27792.970380454048,28049.633557324218,404375.5713,0.0,0.0,28049.633557324258,27986.005659295664,28202.099895643853,27792.970380454084,0.0008378092164777094,-0.0014331714045724081,0.0022709806210501984,0.014613314847613475,1370.102426,637990410.42,1370.3070919999998,1355.239776,0.0109384959710482,1.0,0.0,0.00010478222904280339,0.00021737848850801028,7.386403528839369e-14,7.601632649626272e-13,1.7871989616364754
2021-06-29,28005.87244816432,28280.807827476663,27830.50242407865,28030.34051132813,625660.3657000001,0.0,0.0,28030.34051132817,28005.872448164355,28280.8078274767,27830.502424078688,-0.000688054767415204,-0.0015613494968979588,0.0008732947294827164,0.016050777247002244,1374.2249839999995,594120253.32,1380.364964,1371.135502,0.002928111299283,1.0,0.0,0.00012851912016156007,0.00021256728602310859,3.923340401935423e-14,6.963467631860224e-13,1.7867740865852273
2021-06-30,28053.08641310827,28297.127578148826,27864.42566629109,28120.59113466797,448533.5518,0.0,0.0,28120.591134668015,28053.086413108314,28297.12757814887,27864.425666291132,0.003214575374308818,0.0008111452625013501,0.0024034301118077035,0.01540949097745087,1372.77283,518797999.94000006,1383.5519059999997,1372.412228,-0.0010304117557144,1.0,0.0,0.00011649478586933173,0.00020882307908433616,2.5486149846063424e-13,5.274574755211853e-13,1.7850867286801542
2021-07-01,28104.670934673937,28341.047225957434,27883.22312098435,28125.459271093747,428116.96440000006,0.0,0.0,28125.45927109379,28104.67093467398,28341.047225957478,27883.223120984392,0.00017310144989066256,-0.0005663006212354828,0.0007394020711260672,0.016285999669000586,1381.086168,681520724.5,1381.2713420000002,1366.564628,0.0058842546643707,1.0,0.0,0.00013240569952438426,0.00020150395956501605,1.4376019236414692e-14,2.9343478895197494e-13,1.7879421961261368
2021-07-02,28199.080961856947,28524.426935057403,27914.47348250517,28313.785928906254,568469.0555999998,14.2,0.0,28313.785928906294,28199.080961856984,28524.42693505744,27914.473482505207,0.006673631304206397,0.0026141973777831892,0.0040594339264230705,0.021615488497010362,1384.195142,637008598.3800001,1388.103288,1379.8581719999995,0.0021914640844032,1.0,0.0,0.0002272489252362236,0.00020085980256464775,4.1462686354369633e-13,2.634964260321168e-13,1.7863995920369735
2021-07-05,28313.785928906254,28313.785928906254,28313.785928906254,28313.785928906254,0.0,0.0,0.0,28313.785928906294,28313.78592890629,28313.78592890629,28313.78592890629,0.0,-1.1102230246251565e-16,2.2204460492503128e-16,0.0,1375.2872980000002,724686928.0199999,1385.4133920000002,1358.709352,-0.0062922052282881,1.0,0.0,-1.9045782462175576e-32,0.0001788724316467858,0.0,2.629561462280817e-13,1.7922325973659774
2021-07-06,28313.785928906254,28313.785928906254,28313.785928906254,28313.785928906254,0.0,0.0,0.0,28313.785928906294,28313.78592890629,28313.78592890629,28313.78592890629,0.0,-1.1102230246251565e-16,2.2204460492503128e-16,0.0,1320.3783339999998,753865379.9600002,1382.947654,1320.3783339999998,-0.0397094348307398,1.0,0.0,-1.9045782462175576e-32,0.0001788724316467858,0.0,2.629561462280817e-13,1.7890036118071553
2021-07-07,28313.785928906254,28313.785928906254,28313.785928906254,28313.785928906254,0.0,0.0,0.0,28313.785928906294,28313.78592890629,28313.78592890629,28313.78592890629,0.0,-1.1102230246251565e-16,2.2204460492503128e-16,0.0,1353.2808299999997,715162746.9799999,1353.2808299999997,1300.681668,0.0239883915869486,1.0,0.0,-1.9045782462175576e-32,0.0001638491994515518,0.0,2.608530077017501e-13,1.787763315556207
2021-07-08,28313.785928906254,28313.785928906254,28313.785928906254,28313.785928906254,0.0,0.0,0.0,28313.785928906294,28313.78592890629,28313.78592890629,28313.78592890629,0.0,-1.1102230246251565e-16,2.2204460492503128e-16,0.0,1339.763128,515400251.96,1350.55195,1329.276432,-0.0097840683034396,1.0,0.0,-1.9045782462175576e-32,0.00015172984644696268,0.0,2.4798023908742397e-13,1.7869852884548951
2021-07-09,27764.28566959972,28147.636977780323,27405.99138081856,27751.493791015622,749867.4511000001,0.0,0.0,27751.493791015662,27764.285669599758,28147.63697778036,27405.991380818596,-0.020059152283838533,-0.01959831470091114,-0.00046083758292739057,0.02670175408708062,1312.9226439999995,695855726.0600001,1338.6228460000002,1301.9681400000004,-0.0197231264519685,1.0,0.0,0.00035640979783637056,0.00015842518673481965,9.639215893741391e-13,2.624550934998367e-13,1.7863855152162635
2021-07-12,27751.493791015622,27751.493791015622,27751.493791015622,27751.493791015622,0.0,0.0,0.0,27751.493791015662,27751.49379101566,27751.49379101566,27751.49379101566,0.0,-1.1102230246251565e-16,2.2204460492503128e-16,0.0,1263.3739799999998,889553675.1199999,1306.59749,1237.800476,-0.0374926418117111,1.0,0.0,-1.9045782462175576e-32,0.00015134806337835125,0.0,2.3583282201077256e-13,1.765843632756642
2021-07-13,27238.47226477533,27554.212583183664,26787.881967264857,27227.58118593749,480714.455,71.8,0.0,27227.58118593753,27238.472264775373,27554.212583183707,26787.881967264897,-0.019059195324790668,-0.018659273601331995,-0.0003999217234586197,0.028205810881843454,1264.5824840000002,487474355.94000006,1274.5136580000003,1245.8311799999994,0.0009318262437642,1.0,0.0,0.00039772210084124246,0.00016088336679865003,1.456157387009989e-12,2.841380172970402e-13,1.7734306733949214
2021-07-14,27213.4284649414,27218.146074991568,27213.4284649414,27213.4284649414,1458.78,0.0,0.0,27213.42846494144,27213.428464941444,27218.14607499161,27213.428464941444,-0.0005199286863219691,-0.000519928686321858,-1.1102230246251565e-16,0.00017334093683150285,1247.400286,534055362.94000006,1272.2136019999996,1232.5571280000004,-0.0133329189506631,1.0,0.0,1.502354019081153e-08,0.00015103704054376637,1.3096966591372117e-11,9.38785696943749e-13,1.7563906350326075
2021-07-15,26960.220340426727,27474.614177364285,26733.57967184782,27233.351116308582,582346.3294,244.5,0.0,27233.35111630862,26960.220340426764,27474.61417736432,26733.579671847856,0.000731821143860329,-0.009348086164199776,0.010079907308060122,0.027342016691433234,1261.054432,408492479.56,1266.1808280000002,1238.4924420000002,0.0106100875777792,1.0,0.0,0.00033454368085678943,0.0001524904920895931,4.614477420162037e-14,9.235892122577016e-13,1.7644441189823663
2021-07-16,27233.351116308582,27233.351116308582,27233.351116308582,27233.351116308582,0.0,0.0,0.0,27233.35111630862,27233.35111630862,27233.35111630862,27233.35111630862,0.0,0.0,0.0,0.0,1266.3075259999996,404576439.3,1271.2390019999998,1263.140076,0.0040513965708237,1.0,0.0,0.0,0.0001405878195574638,0.0,8.746280011221018e-13,1.7682219436908149
2021-07-19,26828.102900778667,27255.884603463463,26534.086383528185,26785.325957812496,829993.3494000001,0.0,0.0,26785.325957812533,26828.102900778704,27255.8846034635,26534.08638352822,-0.01658816750820033,-0.01499241237914913,-0.0015957551290513021,0.026839261478393415,1211.924846,658456328.2,1244.12563,1206.3501339999996,-0.04278038694406,1.0,0.0,0.00035918930509078433,0.0001473355712334773,7.461512381718427e-13,9.058921472169508e-13,1.7695586684901397
2021-07-20,26782.459668046697,27224.4666615189,26538.88742427981,27082.56155234375,598367.9415999999,0.0,0.0,27082.56155234378,26782.459668046726,27224.46666151893,26538.887424279837,0.011035836931795889,-0.00010701542858471546,0.011142852360380477,0.025504971287812716,1240.948434,525108827.32000005,1240.948434,1194.3917919999994,0.0230649575830965,1.0,0.0,0.0002772882521216826,0.00014951143356873935,6.81000166663697e-13,9.264001143410401e-13,1.7539375776765258
2021-07-21,27174.217465666872,27429.040451940386,26943.36911519516,27132.456369140626,574496.1674999999,0.0,0.0,27132.456369140662,27174.21746566691,27429.040451940422,26943.369115195197,0.001840627663564841,0.0033786008741854955,-0.0015379732106205446,0.017865099518444127,1238.5119340000003,385078396.7800001,1251.708018,1234.5355659999998,-0.0019154278043669,1.0,0.0,0.0001586671645551854,0.00014932933703169286,1.1808363013589332e-13,9.128463893715162e-13,1.7723089265310836
2021-07-22,27094.969043520803,27585.13269382275,27029.47860702805,27361.93518925781,728207.5559999999,0.0,0.0,27361.93518925785,27094.969043520847,27585.132693822794,27029.478607028093,0.008422157584164893,-0.001382596769298608,0.009804754353463502,0.020348886390165407,1260.8107820000002,480729246.7999999,1261.2883360000008,1234.369884,0.017391138641834,1.0,0.0,0.00016990287251952407,0.00014966261142840086,4.2268941494611853e-13,9.286790167462166e-13,1.772255647464485
2021-07-23,27251.59269545174,27699.90024964793,26963.49508674605,27222.16067783203,1075385.6528000005,8.52,0.0,27222.16067783207,27251.592695451785,27699.900249647973,26963.495086746094,-0.005121448462968391,-0.004040853913810916,-0.0010805945491573325,0.02694489473336196,1236.601718,536869910.28,1262.7209980000002,1236.601718,-0.0188954710846869,1.0,0.0,0.00036256260612728587,0.00015628757816616793,1.7494678894576524e-13,9.25151170068484e-13,1.7801019432224514
2021-07-26,27055.91143561869,27640.196597177048,26883.340142041776,27530.711066113283,868358.302,0.0,0.0,27530.71106611332,27055.911435618727,27640.196597177084,26883.340142041812,0.01127077520207139,-0.006125853613804023,0.017396628815875313,0.02776434248009071,1240.3831659999998,449369542.6,1244.8858180000004,1222.703922,0.0029757162489651,1.0,0.0,0.00026852019048877147,0.00016447447623846632,4.714519088595151e-13,9.450305637470398e-13,1.771739100773308
2021-07-27,27632.754233038904,27917.6317985514,27293.175808171844,27503.922412890628,835136.2682,37.93388364,0.0,27503.922412890664,27632.75423303894,27917.631798551436,27293.17580817188,-0.0009735198962886246,0.0036996690750166904,-0.004673188971305403,0.02262175278140916,1244.4959779999997,506725337.3600001,1255.6259099999995,1244.106138,0.0032261933101561,1.0,0.0,0.00024743568465648115,0.0001704203044632124,4.238311309297734e-14,9.45188049200721e-13,1.7842882204161334
2021-07-28,27434.173689627278,27728.6793135112,27170.77387445783,27483.23046513672,623918.9433999999,0.0,0.0,27483.23046513676,27434.17368962732,27728.679313511242,27170.773874457875,-0.0007526102970452757,-0.002539176479946096,0.0017865661829007836,0.02032532614791302,1244.6324219999997,352719435.2000001,1248.628282,1239.476788,0.0001068472984623,1.0,0.0,0.00020532645993399224,0.0001748618881664454,4.389087150498669e-14,9.346395178529384e-13,1.7791454843125827
2021-07-29,27507.109089375845,27750.320388420063,27182.12950930977,27549.34931572265,735609.0234000001,19.95,0.0,27549.349315722688,27507.10908937588,27750.3203884201,27182.129509309805,0.0024028996155730023,0.0008684662045518601,0.0015344334110211609,0.020687631607963115,1260.7425599999997,434199991.06,1260.7425599999997,1250.294848,0.0125339775587102,1.0,0.0,0.0002130795261496499,0.0001788955794977087,1.185706591748912e-13,9.398492498498625e-13,1.7776544844550433
2021-07-30,27624.49221919461,27902.646248622183,27280.681861028905,27720.344933496093,908661.1183,0.0,0.0,27720.34493349613,27624.492219194646,27902.64624862222,27280.68186102894,0.006187700716669017,0.002723861447426577,0.0034638392692424823,0.022542704381789958,1276.77473,603032288.0999999,1278.6459619999998,1264.0074699999998,0.0123153137542257,1.0,0.0,0.00024945193018545924,0.00018000572974517047,2.456567629669059e-13,9.314007448210229e-13,1.7799543695326872
2021-08-02,27694.703907648895,28245.20284614773,27496.11520106925,27998.957483203125,4112925.791400001,0.0,0.0,27998.95748320316,27694.70390764893,28245.202846147768,27496.115201069286,0.010000659006704595,-0.0009254174890510685,0.010926076495755761,0.026878903139175146,1280.838812,571859219.8,1288.7623100000003,1271.3559540000003,0.0030973073811444,1.0,0.0,0.00031512222543283617,0.0001957618410168123,8.684321332104395e-14,9.35742905487075e-13,1.785073326646696
2021-08-03,28049.247284302863,28366.40509588931,27834.422851895062,28184.43727802734,863385.1231999999,0.0,0.0,28184.437278027377,28049.2472843029,28366.405095889346,27834.4228518951,0.006602679295204724,0.0017945200851317738,0.0048081592100728465,0.01893203900518075,1298.596024,602270638.2,1298.596024,1282.154522,0.0134187938923799,1.0,0.0,0.00017028054482429186,0.00020427586825802688,2.7133528492729077e-13,9.493096697334395e-13,1.792257701114762
2021-08-04,28277.70356396485,28277.70356396485,28277.70356396484,28277.70356396484,0.0,152.75,0.0,28277.703563964875,28277.703563964886,28277.703563964886,28277.703563964875,0.0033036781593676905,0.003303678159368133,-3.33066907387547e-16,4.440892098500625e-16,1300.837604,610379992.4199998,1306.7046960000002,1294.6586400000003,0.0016808618508147,1.0,0.0,5.575460261273135e-32,0.00020427586825802688,330367.81593676907,16518.390796838452,1.793938243822348
2021-08-05,28079.91780510298,28352.335854928,27895.28477663037,28169.18681464844,520458.9521,0.0,0.0,28169.186814648478,28079.917805103018,28352.335854928035,27895.284776630408,-0.00384491979188863,-0.007018982209246126,0.0031740624173575843,0.01625175012887955,1311.37303,575432688.1600001,1312.415852,1293.0992799999997,0.0078614501599187,1.0,0.0,0.0001281679020534655,0.00021068426336070013,2.6225663924531713e-13,16518.390796838452,1.7928916866662163
2021-08-06,28207.173395200654,28515.61684350913,28009.060266630197,28213.98775195312,666855.4426000001,0.0,0.0,28213.98775195315,28207.173395200687,28515.616843509164,28009.06026663023,0.0015891601378430309,0.0013476069103996041,0.00024155322744335696,0.017923857835777778,1307.3771700000002,664756922.2799999,1317.51301,1307.3771700000002,-0.0029742189066947,1.0,0.0,0.0001606098003700032,0.00020089426348738178,8.446396977345045e-14,16518.390796838452,1.7859637730307671
2021-08-09,28199.35801619244,28760.202447806045,28035.70953100689,28610.11792265625,625080.4833,0.0,0.0,28610.117922656285,28199.358016192476,28760.202447806085,28035.709531006927,0.013942554242330171,-0.0005186622381436424,0.014461216480473708,0.025513534029936065,1325.319556,620117415.94,1326.547552,1300.788874,0.0132844166707398,1.0,0.0,0.00024468571266585815,0.0002131285491206747,7.796267926052884e-13,16518.390796838452,1.7876315201638793
2021-08-10,28610.11792265625,28610.11792265625,28610.11792265625,28610.11792265625,0.0,0.0,0.0,28610.117922656285,28610.117922656285,28610.117922656285,28610.117922656285,0.0,0.0,0.0,0.0,1327.824278,660760867.36,1335.5431099999998,1323.623752,0.001840158648864,1.0,0.0,0.0,0.00019324244407861258,0.0,16518.390796838452,1.8004527475987349
2021-08-11,29032.310069299398,29492.845319888613,28753.92244756648,29103.88860585937,927473.342,0.0,0.0,29103.88860585941,29032.310069299438,29492.845319888653,28753.92244756652,0.01711136553505104,0.014648921331268865,0.0024624442037824153,0.02537351150498312,1323.302134,750998691.5199999,1339.129638,1323.302134,-0.0033248401863305,1.0,0.0,0.0003195651964071069,0.0002092199527219584,6.339167300878912e-13,16518.390796838452,1.7942437125220394
2021-08-12,29076.891759198705,29516.091808766447,28649.07503265902,28894.310307031243,1136635.8194000002,0.0,0.0,28894.31030703128,29076.891759198745,29516.091808766487,28649.075032659057,-0.007227093770518712,-0.00092803322433449,-0.006299060546184113,0.029814442099229392,1318.6825299999998,698314057.0999999,1330.338746,1318.6825299999998,-0.0034082488881415,1.0,0.0,0.0004291230279223356,0.00021394892007523572,2.2005438091354983e-13,16518.390796838452,1.8092192140123782
2021-08-13,28790.44965546696,29299.44792534159,28456.681953607644,29106.053588574217,899151.6126000001,0.0,0.0,29106.053588574257,28790.449655467,29299.44792534163,28456.68195360768,0.00730147909488864,-0.003600977584450669,0.01090245667933921,0.029185674152342682,1322.58093,700462855.1800001,1322.931786,1302.786804,0.0028769438993677,1.0,0.0,0.0003799854642573228,0.0002329481932881018,2.7899382685537954e-13,16518.390796838452,1.7938895659998124
2021-08-16,29205.5264318277,29562.25687560165,28891.957587570738,29227.64783427734,600595.8981999998,20.32821042,0.0,29227.64783427738,29205.52643182774,29562.25687560169,28891.957587570778,0.004168925298603119,0.0034117730889453427,0.0007571522096577718,0.022935169914145754,1336.1376159999995,778651602.0800002,1337.4728180000002,1327.1615500000005,0.00993896905813,1.0,0.0,0.00026278955486930624,0.00022812820577702793,2.3749139884730446e-13,16518.390796838452,1.8011650214642998
2021-08-17,29227.6479006672,29227.6479006672,29222.930290739045,29225.289095703123,1114.84,0.0,0.0,29225.289095703163,29227.64790066724,29227.64790066724,29222.930290739085,-8.070556243642181e-05,2.271474561417546e-09,-8.070783391111483e-05,0.00016142218210241538,1328.4675139999997,713775793.7200001,1344.65562,1324.588606,-0.0056108141288703,1.0,0.0,1.051233382181182e-08,0.00021426431878763486,2.4770348107619852e-12,16518.390796838452,1.801532747932864
2021-08-18,28776.19203046079,29320.489301457663,28575.183798452083,28974.072365820317,773664.8011,0.0,0.0,28974.072365820357,28776.19203046083,29320.489301457703,28575.18379845212,-0.008633025649053492,-0.015486019721286631,0.006852994072233122,0.025747923394318962,1326.3721240000002,625379768.64,1335.6893,1321.3919179999998,-0.0015384488681165,1.0,0.0,0.00031333603361016705,0.00022199776224038397,3.8512406081343376e-13,16518.390796838452,1.7981405494430351
2021-08-19,29082.19112773226,29422.502557291296,28735.352038839475,29197.641712207027,704173.4998999999,0.0,0.0,29197.641712207067,29082.1911277323,29422.502557291336,28735.352038839515,0.007686569003431596,0.003724624369484583,0.003961944633946891,0.0236316315800562,1339.92881,636662225.54,1339.92881,1318.5753239999997,0.009910704273969,1.0,0.0,0.0002731633409406711,0.00022716078566144127,3.738566223718385e-13,16518.390796838452,1.787934795696195
2021-08-20,29175.330017060864,29363.442044953998,28374.86764341097,28626.215192675776,1214207.7128999997,0.0,0.0,28626.215192675816,29175.330017060904,29363.442044954038,28374.867643411006,-0.019765029612909924,-0.0007644529847204591,-0.019000576628189398,0.03424662149698927,1295.662478,1104064791.9399998,1334.607494,1284.054992,-0.0327410586914499,1.0,0.0,0.00044695481305401523,0.00023138039600777778,5.686441169410254e-13,16518.390796838452,1.7979795484081382
2021-08-23,28461.560635985035,28737.171430634877,27935.604481310183,28229.870820019525,1011964.5988,0.0,0.0,28229.87082001957,28461.56063598508,28737.17143063492,27935.604481310227,-0.01394224684659243,-0.005768485840608581,-0.008173761005983882,0.028289435024942695,1265.8689559999991,748595620.3000002,1293.3331840000003,1265.8689559999991,-0.0226724338877659,1.0,0.0,0.0003743375982127773,0.00023667126639397807,4.880435267504187e-13,16518.390796838452,1.7752879243719306
2021-08-24,28306.055105762192,28609.02029997868,27873.408352408445,28265.921608593748,702020.1191,0.0,0.0,28265.921608593788,28306.05510576223,28609.020299978718,27873.40835240848,0.0012762293231996656,0.002695076824459985,-0.001418847501260434,0.026048934518497692,1265.752004,632070105.26,1274.3479759999998,1256.415336,-9.00461965530332e-05,1.0,0.0,0.0003384958346903219,0.00024122427389567012,6.431555328417954e-14,16518.390796838452,1.7681560254356103
2021-08-25,28313.56034727744,28719.04555254546,28041.76904706241,28563.744319433597,433910.4291,0.0,0.0,28563.744319433637,28313.560347277475,28719.0455525455,28041.769047062447,0.010481336903856837,0.0016839585056058902,0.008797378398250877,0.02386536047793931,1276.2874299999994,469535381.0400001,1276.881936,1258.89082,0.0080784623810176,1.0,0.0,0.00025488090108646827,0.0002437019959532939,8.456710338818044e-13,16518.390796838452,1.7765913818287054
2021-08-26,28705.32755216896,29127.316213417384,28485.61724732658,28839.357254199214,659280.6072,0.0,0.0,28839.357254199254,28705.327552169,29127.316213417424,28485.617247326616,0.00960279305981496,0.0049445020344000105,0.004658291025414979,0.02227713346136643,1268.0715519999997,485207923.6399999,1282.8269959999998,1262.8574419999995,-0.0062940981091398,1.0,0.0,0.00023975287542994973,0.0002450356634173089,5.050585084261626e-13,16518.390796838452,1.7888670788570735
2021-08-27,28863.87268524204,29287.611557564764,28684.701358879614,29146.41208486329,754586.6379,17.85,0.0,29146.41208486333,28863.87268524208,29287.611557564804,28684.701358879654,0.010590795094182868,0.0008497074615606033,0.009741087632622377,0.02080068593272961,1279.84472,641850313.72,1279.84472,1252.5169360000002,0.0090067411719717,1.0,0.0,0.00017967926379520717,0.0002415470300977963,4.815422018268059e-13,16518.390796838452,1.7953032759356802
2021-08-30,29416.630965707423,29738.49623621672,29084.766153797395,29465.41646523437,599047.0202999999,6.775,0.04065,29465.416465234415,29416.63096570747,29738.496236216768,29084.766153797438,0.010885431771315526,0.009228372860540532,0.0016570589107751015,0.02222783884159416,1294.4052439999998,624875802.9799999,1295.847652,1285.2634959999998,0.011025221501517,1.0,0.0,0.00024597770563991855,0.00023808980410815043,6.166974660125017e-13,16518.390796838452,1.8014175922462972
2021-08-31,29565.64479829477,30008.93703194002,29295.466802910505,29711.797067187505,684746.7658999999,0.0,0.0,29711.79706718755,29565.644798294816,30008.937031940066,29295.466802910552,0.008326922166997375,0.0033957861244285708,0.004931136042568715,0.02406245093415566,1297.6506619999998,694250559.86,1302.2020440000003,1292.0174740000002,0.0024405230059355,1.0,0.0,0.0002801075991333673,0.0002435811568236042,4.092847804319429e-13,16518.390796838452,1.8066069027521436
2021-09-01,29755.02569399909,30243.50531755635,29482.42822042071,30005.620412499997,593362.5875,0.0,0.0,30005.62041250004,29755.025693999138,30243.5053175564,29482.428220420756,0.009840536606225355,0.0014538740231585586,0.008386662583066895,0.025487028850719604,1300.74989,662464858.0,1304.034292,1294.522196,0.0023248987065068,1.0,0.0,0.00029762387741987494,0.0002584623506945979,5.527083306220604e-13,5.13239237522617e-13,1.8085163852014823
2021-09-02,30005.620412499997,30005.620412499997,30005.620412499997,30005.620412499997,0.0,0.0,0.0,30005.62041250004,30005.620412500044,30005.620412500044,30005.620412500044,0.0,2.2204460492503128e-16,-1.1102230246251565e-16,0.0,1300.74989,662464858.0,1304.034292,1294.522196,0.0,1.0,0.0,-4.7614456155438954e-33,0.0002520539555919246,0.0,5.001264055603511e-13,1.8125066013247118
2021-09-03,30005.620412499997,30005.620412499997,30005.620412499997,30005.620412499997,0.0,0.0,0.0,30005.62041250004,30005.620412500044,30005.620412500044,30005.620412500044,0.0,2.2204460492503128e-16,-1.1102230246251565e-16,0.0,1300.74989,662464858.0,1304.034292,1294.522196,0.0,1.0,0.0,-4.7614456155438954e-33,0.0002440234655734245,0.0,4.959032070716786e-13,1.8060459804465196
2021-09-06,30037.1628092347,30547.417925960355,29701.12639618208,30161.54091582032,759504.7701999999,0.0,0.0,30161.54091582036,30037.16280923474,30547.417925960395,29701.12639618212,0.005182922009772883,0.0010506641412619162,0.004132257868510725,0.02809519155025637,1312.191694,866785264.8400002,1314.111656,1305.7690799999998,0.0085354020320977,1.0,0.0,0.0003880737034778175,0.0002511928651140225,2.262510704432673e-13,4.682344209635776e-13,1.8032368762962392
2021-09-07,30091.37394838897,30307.39403110823,29481.032067441804,29720.465490136718,648727.3060999999,0.0,0.0,29720.465490136758,30091.37394838901,30307.39403110827,29481.032067441844,-0.014731750959661961,-0.0023290823127345432,-0.012402668646927429,0.02764463439448083,1307.81574,827999498.48,1319.277036,1306.275872,-0.0032555699489613,1.0,0.0,0.00032269071578055325,0.00026732740090305016,7.640760426904236e-13,5.064382230980987e-13,1.8066241827894114
2021-09-08,29720.465490136718,29720.465490136718,29720.465490136718,29720.465490136718,0.0,0.0,0.0,29720.465490136758,29720.465490136758,29720.465490136758,29720.465490136758,0.0,0.0,0.0,0.0,1299.7363059999998,580900291.62,1310.3399539999996,1294.6099099999997,-0.0060395661805088,1.0,0.0,0.0,0.0002513491410826948,0.0,4.747423865937041e-13,1.7884967383036834
2021-09-09,29473.018811830512,29899.036553584338,29288.14370029152,29682.911494042964,512309.9194,0.0,0.0,29682.911494043004,29473.018811830552,29899.036553584378,29288.14370029156,-0.001264372599783023,-0.008360653967593161,0.007096281367810161,0.020643475327164214,1309.842908,578445469.14,1311.412014,1298.8201820000002,0.0075490665343959,1.0,0.0,0.00019362383081617305,0.00023957418122738666,8.314493798471646e-14,4.678969144472624e-13,1.7927246728299924
2021-09-10,29681.418675186364,30177.4299339285,29470.992725955028,29943.89584257812,446759.0869000001,0.0,0.0,29943.89584257816,29681.418675186404,30177.42993392854,29470.992725955068,0.008753982540445654,-5.0293462510588166e-05,0.008804276002956227,0.023687809625574634,1311.1391259999998,544850812.2199999,1316.1290780000002,1310.905222,0.0009639853683894,1.0,0.0,0.00025061244843391483,0.0002331055304362163,6.543709000965866e-13,4.866657681093229e-13,1.7920451972118876
2021-09-13,30124.93613761028,30803.93712437584,29750.13380698097,30499.65661894532,786296.1516000001,0.0,0.0,30499.65661894536,30124.93613761032,30803.93712437588,29750.13380698101,0.01838993296576526,0.00602777970623126,0.01236215325953398,0.034808880828466025,1307.357678,725324998.6400001,1316.3824739999998,1306.4512999999995,-0.0028148988206909,1.0,0.0,0.0005467944935449338,0.00024730577736999766,7.668299137821763e-13,5.131326938560665e-13,1.8013268841911074
2021-09-14,30554.470279532597,30992.32799593707,30241.79177996724,30655.167204687503,635042.3907,0.0,0.0,30655.167204687546,30554.470279532638,30992.32799593711,30241.79177996728,0.005085810446832417,0.0017955764204264945,0.003290234026406062,0.024514888314850505,1305.6716199999996,674632641.5399998,1314.862098,1302.884264,-0.0012577221052285,1.0,0.0,0.0002963079908771693,0.00026212065129716503,2.612484748583518e-13,4.023433770608847e-13,1.8162397307706026
2021-09-15,30704.909558820284,30992.585136427308,30218.00559335576,30761.64679550781,506470.649,0.0,0.0,30761.646795507855,30704.909558820324,30992.585136427348,30218.0055933558,0.0034674445178854776,0.0016213266883929518,0.0018461178294925799,0.025310028309590425,1311.6459180000002,629226904.68,1313.4684200000002,1301.061762,0.0044492583407752,1.0,0.0,0.0003189822169873944,0.0002624029604660264,2.2255925415736986e-13,3.942151367280816e-13,1.8128266426922348
2021-09-16,30666.5194168406,30900.671504969803,30250.98970255532,30554.099928906257,532482.1012,0.0,0.0,30554.0999289063,30666.51941684064,30900.671504969843,30250.98970255536,-0.006769799614219389,-0.0030971933748325116,-0.003672606239386876,0.021249013838501855,1311.684902,556029376.76,1318.7507519999997,1307.162758,2.896608091743189e-05,1.0,0.0,0.00022054994207728685,0.0002597722905228572,4.161034389251767e-13,3.9632747755574853e-13,1.811358236576087
2021-09-17,30596.616045274517,31034.29084003895,30324.259259298306,30838.38524140625,1005057.9262,0.0,0.0,30838.385241406293,30596.616045274557,31034.29084003899,30324.259259298346,0.009261307591011455,0.001390535582181373,0.00787077200882997,0.023144721477523587,1318.2829440000005,792497256.98,1321.99617,1312.912898,0.004890147409367,1.0,0.0,0.00024390849666596073,0.0002496199747034544,2.9880618731233813e-13,3.828355810743142e-13,1.800887265588642
2021-09-20,31101.9324024586,31309.379949455804,30515.004494201603,30750.13518828125,635192.2799000001,0.0,0.0,30750.135188281296,31101.932402458646,31309.37994945585,30515.00449420165,-0.002865797486531341,0.008509764285903401,-0.011375561772434723,0.02569921827282009,1316.1778079999997,830826813.0800002,1331.225632,1314.9108280000005,-0.0015575604842254,1.0,0.0,0.000280237104009171,0.00024491494999327414,1.4672133061566646e-13,3.6576947126757656e-13,1.8109231391970297
2021-09-21,30750.1351635704,30752.4939683546,30738.34113964939,30740.699944433592,3024.3,0.0,0.0,30740.69994443364,30750.13516357045,30752.493968354647,30738.341139649438,-0.00030688293308556104,-8.036012969401609e-10,-0.00030688212948438266,0.0004603231987422786,1305.8080639999998,796228123.24,1316.1778079999997,1291.1695720000002,-0.007708969985911,1.0,0.0,6.956881812934096e-08,0.00022799363669966452,3.300913280952289e-12,5.27599357650982e-13,1.8038484564188941
2021-09-22,30740.699944433592,30740.699944433592,30740.699944433592,30740.699944433592,0.0,0.0,0.0,30740.69994443364,30740.69994443364,30740.69994443364,30740.69994443364,0.0,0.0,0.0,0.0,1316.372728,709250336.0800002,1316.4019660000004,1302.6795980000002,0.0078532931658456,1.0,0.0,0.0,0.0002152495916453411,0.0,4.853158059568918e-13,1.8030012018557322
2021-09-23,31483.37609938892,31773.353446189067,30767.290277182088,31051.80385966797,723687.7556,0.0,0.0,31051.80385966802,31483.376099388966,31773.353446189118,30767.290277182135,0.010069394334792276,0.023872155973112305,-0.013802761638320003,0.03217587490667814,1318.3998959999997,936836686.5,1326.518314,1316.1290780000002,0.001499695499069,1.0,0.0,0.00044404811810072874,0.00022546435377888006,4.4809003930324044e-13,4.824673825007457e-13,1.8023804771175627
2021-09-24,30893.433702364306,31165.5732070584,30684.502802301344,30783.791098925787,54203416.260400005,0.0,0.0,30783.791098925838,30893.433702364353,31165.57320705845,30684.50280230139,-0.008668613578787211,-0.005113242230999624,-0.0035553713477875894,0.015556330317462756,1316.850282,611623874.4000001,1322.502962,1313.8290220000004,-0.0011461940054733,1.0,0.0,0.00011611668870019785,0.0002222862250241296,5.195183369776159e-15,4.586500315778942e-13,1.8118249950245264
2021-09-27,30740.905411108208,30961.270125612104,30215.96263160425,30369.414646875004,757854.1472999998,0.0,0.0,30369.414646875055,30740.905411108262,30961.270125612158,30215.962631604303,-0.013552283618199603,-0.0013940969137913345,-0.012158186704408333,0.024366723908604875,1291.3352540000003,702550253.4600002,1319.9787480000002,1291.3352540000003,-0.0190689958613263,1.0,0.0,0.00023976600359509363,0.00022197563992188833,5.888306786049571e-13,4.57256692207517e-13,1.7985954017603643
2021-09-28,30253.719509256927,30705.91099706338,29933.919597527263,30532.724740722657,519282.03050000005,0.0,0.0,30532.72474072271,30253.719509256982,30705.910997063434,29933.919597527318,0.005363045926474033,-0.003816868912738094,0.0091799148392121,0.02546290456880016,1305.2915259999995,569222829.34,1307.728026,1282.9731860000002,0.0104766027794465,1.0,0.0,0.000291626405610417,0.0002225515802457408,3.382537805656527e-13,4.5370514221420244e-13,1.786843939800427
2021-09-29,30513.94976547444,30796.68650224603,30133.82118538344,30546.071674414063,577519.3352,26.9,0.0,30546.07167441412,30513.949765474503,30796.68650224609,30133.821185383502,0.00043703984646768096,-0.0006151023292272662,0.0010521421756950575,0.021758934716967503,1305.194066,544961526.7800001,1306.8411400000005,1294.434482,-7.277153058045865e-05,1.0,0.0,0.0002362979909309973,0.00021948528592129695,2.4774171494854656e-14,4.273084342578421e-13,1.797618303528818
2021-09-30,30690.86879357997,31019.38730641725,30420.255130457288,30706.95395820312,429133.1304,0.0,0.0,30706.953958203176,30690.868793580026,31019.387306417306,30420.255130457343,0.00525305165201259,0.00472908632978339,0.0005239653222290589,0.0195037322596415,1307.971676,427161917.16,1314.628194,1307.0847900000003,0.0020718622489085,1.0,0.0,0.00019009173290575392,0.00022898987256658463,3.986418490862872e-13,4.472405267121565e-13,1.7972903534427207
2021-10-01,30713.182523306183,31029.342509825296,30335.213291736105,30749.830166503903,523711.45270000014,0.0,0.0,30749.830166503958,30713.182523306237,31029.34250982535,30335.21329173616,0.0013953289573446553,0.00020281834203636967,0.0011925106153084454,0.022624096801763322,1300.983794,586674016.94,1309.9208759999997,1299.112562,-0.0052207913560501,1.0,0.0,0.00025537553595715324,0.00024175864936444228,8.664466251852769e-14,4.5157275983808285e-13,1.8023241100876746
2021-10-04,30814.718608460564,31387.298038897825,30368.77842411822,30915.423891113285,87035099.04070002,0.0,0.0,30915.42389111334,30814.71860846062,31387.29803889788,30368.778424118274,0.005370743222715535,0.002107981534046684,0.0032627616886686923,0.032988234881621954,1305.5156840000002,682810412.6800001,1313.263754,1300.5062400000002,0.0033890545399941,1.0,0.0,0.0005399994797066197,0.0002493549381758824,1.9960193888641864e-15,4.4036000728536275e-13,1.8014717786299137
2021-10-05,30915.774171546807,31305.148782357788,30585.76172733901,31004.47100410156,546853.5422,0.0,0.0,31004.47100410162,30915.774171546862,31305.148782357843,30585.761727339064,0.0028762056048786794,1.133021660599599e-05,0.0028648753882728212,0.023247984213576437,1320.2223980000003,562052892.06,1320.2223980000003,1309.3556079999998,0.0109175499623612,1.0,0.0,0.0002670638697829551,0.0002465735958760025,1.6963855828485032e-13,4.1063813306508406e-13,1.8054753153024201
2021-10-06,31004.47100410156,31004.47100410156,31004.47100410156,31004.47100410156,0.0,0.0,0.0,31004.47100410162,31004.471004101615,31004.471004101615,31004.471004101615,0.0,-1.1102230246251565e-16,2.2204460492503128e-16,0.0,1328.204372,578924972.34,1328.204372,1320.2223980000003,0.0058746237595857,1.0,0.0,-1.9045782462175576e-32,0.0002465735958760025,0.0,4.1063813306508406e-13,1.8055192535009308
2021-10-07,31118.073341321608,31555.148546866694,30828.9540016358,31309.39443544921,501228.4844,0.0,0.0,31309.39443544927,31118.07334132167,31555.148546866756,30828.954001635862,0.009786774195892928,0.003657366743391336,0.006129407452501817,0.023282449195792698,1331.2938539999998,641940171.84,1332.9019440000002,1326.0115219999998,0.0022643448167884,1.0,0.0,0.000256523281849839,0.0002497185684276858,6.236330985030779e-13,4.376625410910022e-13,1.8032586128012635
2021-10-08,31285.81364059986,31304.151452826136,31262.282971523764,31279.52066044921,2870.7,0.0,0.0,31279.520660449267,31285.813640599914,31304.15145282619,31262.28297152382,-0.0009546028149812813,-0.0007534377371575569,-0.00020116507782373276,0.0013383689813000676,1337.862658,588504997.96,1338.3012280000005,1331.2353780000003,0.0047969980585487,1.0,0.0,8.799834410524522e-07,0.00023723194517804268,1.0631016990945903e-11,9.36494845633468e-13,1.8120055518724065
2021-10-11,31279.52066044921,31279.52066044921,31279.52066044921,31279.52066044921,0.0,0.0,0.0,31279.520660449267,31279.520660449263,31279.520660449263,31279.520660449263,0.0,-1.1102230246251565e-16,2.2204460492503128e-16,0.0,1358.6801139999998,703133259.1800001,1359.2161440000004,1342.3165799999997,0.0150482283509147,1.0,0.0,-1.9045782462175576e-32,0.000209892220500796,0.0,8.981533499443591e-13,1.8064563440727852
2021-10-12,31617.782020737763,31976.108435515675,31178.881650698346,31705.616797753908,629242.834,0.0,0.0,31705.616797753966,31617.782020737817,31976.108435515733,31178.8816506984,0.013530259831402894,0.010756093094102973,0.0027741667373000064,0.02524801709102654,1359.37208,689890102.0,1365.200188,1354.1384779999996,0.0004962304106287,1.0,0.0,0.0003157582616915578,0.00021086473404151543,6.781904220790252e-13,9.190004473053928e-13,1.8051712665826933
2021-10-13,31774.844476775805,32036.24600058588,31414.750703689628,31611.15308447265,656863.3186,0.0,0.0,31611.15308447271,31774.844476775863,32036.24600058594,31414.750703689682,-0.0029838472033196623,0.002181071311562594,-0.005164918514882225,0.019590399070157888,1356.5554860000002,592896448.0999999,1365.092982,1354.313906,-0.0020214482380681,1.0,0.0,0.00018158693143353484,0.00020399496976382243,1.4370147700987872e-13,9.150575584480182e-13,1.8178118999851307
2021-10-14,31611.15308447265,31611.15308447265,31611.15308447265,31611.15308447265,0.0,0.0,0.0,31611.15308447271,31611.153084472706,31611.153084472706,31611.153084472706,0.0,-1.1102230246251565e-16,2.2204460492503128e-16,0.0,1356.49701,672710827.8000001,1363.1437819999996,1353.6121940000005,-4.20122424413694e-05,1.0,0.0,-1.9045782462175576e-32,0.0001929674726599581,0.0,8.942523865017593e-13,1.8087773246586014
2021-10-15,31684.351348079355,32127.43749630313,31515.1991054204,31960.978164843757,580960.5459,0.0,0.0,31960.97816484381,31684.35134807941,32127.437496303188,31515.199105420455,0.011005722305135454,0.0023129066398736237,0.008692815665261746,0.019240474964659606,1357.3254199999997,724777663.2799999,1363.494638,1352.7448000000002,0.0005950045973179,1.0,0.0,0.0001559075879643892,0.0001885674272248795,5.927230935881636e-13,9.089482318155507e-13,1.8078445837864
2021-10-18,31960.978164843757,31960.978164843757,31960.978164843757,31960.978164843757,0.0,0.0,0.0,31960.97816484381,31960.978164843815,31960.978164843815,31960.978164843815,0.0,2.2204460492503128e-16,-1.1102230246251565e-16,0.0,1360.0835379999996,744625977.0399998,1367.0031980000003,1355.5516480000003,0.0019784013134679,1.0,0.0,-4.7614456155438954e-33,0.00017455557202442098,0.0,9.016121652847673e-13,1.8179293552890154
2021-10-19,31963.689465866584,32218.52835342077,31568.94653017225,31892.54639765625,528059.4269,0.0,0.0,31892.546397656304,31963.689465866642,32218.52835342083,31568.946530172303,-0.0021433990952025336,8.48280053678264e-05,-0.0022282271005702827,0.02036776908470215,1359.8886179999995,590562378.56,1364.1086360000002,1353.67067,-0.0001396845419215,1.0,0.0,0.00020550505878156575,0.00018482734652259278,1.272714661030986e-13,7.42930074542308e-13,1.8128173846850668
2021-10-20,31857.09140790408,32187.46007881966,31391.722642791607,31715.13313320312,630602.6102,0.0,0.0,31715.133133203173,31857.09140790414,32187.460078819717,31391.72264279166,-0.005578374366976724,-0.0011123198382986218,-0.004466054528678143,0.02503269009272607,1358.39748,783787939.0,1366.1552959999997,1341.19579,-0.0010692496581866,1.0,0.0,0.00030561289719890005,0.0002001079913825378,2.7892365897048867e-13,7.568762574908324e-13,1.8087466862528032
2021-10-21,31773.89615916927,32213.404561191543,31421.949614077384,31771.215433105463,590119.1611000001,0.0,0.0,31771.215433105517,31773.89615916933,32213.4045611916,31421.94961407744,0.00176675193192967,0.0018511243092292145,-8.43723772995527e-05,0.02487597564526403,1349.596842,664104719.9600002,1362.92937,1349.596842,-0.0063346750187016,1.0,0.0,0.0003094043322389689,0.0001933758020894498,9.423278553142436e-14,7.391833948022413e-13,1.8028118119278584
2021-10-22,31864.21837465748,32226.25240017405,31521.84616925237,31934.447935839853,582026.2531999998,141.75,0.0,31934.44793583991,31864.21837465754,32226.252400174108,31521.846169252425,0.005124594936436233,0.002922994382351719,0.0022016005540846434,0.022100577677326035,1353.953304,727830987.62,1358.30002,1349.596842,0.0031409156928897,1.0,0.0,0.00024234538068426475,0.00019968723668865315,2.7571319807287725e-13,7.527092955373966e-13,1.80616793295167
2021-10-25,31934.447935839853,31934.447935839853,31934.447935839853,31934.447935839853,0.0,0.0,0.0,31934.44793583991,31934.44793583991,31934.44793583991,31934.44793583991,0.0,0.0,0.0,0.0,1350.21084,846024628.0199999,1360.268712,1350.21084,-0.0026976230353374,1.0,0.0,0.0,0.00018769893650889846,0.0,7.232677616071487e-13,1.8106959814876262
2021-10-26,31941.36466515684,32002.441232619072,31819.897728854703,31953.11499433594,71770.071,0.0,0.0,31953.114994335996,31941.3646651569,32002.44123261913,31819.89772885476,0.0005843722368219268,0.00021656802668727673,0.0003678042101345816,0.0057203795571106105,1356.2825980000002,685700978.8199999,1357.6470379999998,1342.5699759999998,0.0043728502653091,1.0,0.0,1.6309113261871547e-05,0.00017393307189147119,2.548196978686027e-13,7.190960574722962e-13,1.8083452274058232
2021-10-27,31965.7227906552,32029.57298852691,31910.552885732584,32003.22821328125,114574.4008,0.0,0.0,32003.228213281305,31965.722790655258,32029.57298852697,31910.552885732643,0.0015671073950681395,0.0003944939213436928,0.001172613473724267,0.0037228653723284147,1386.8752920000002,779983587.9000001,1386.8752920000002,1360.3759180000002,0.0217390882837488,1.0,0.0,6.3986999066383525e-06,0.00016243810734025324,4.273831315260093e-13,7.39226505473854e-13,1.8080567854436929
2021-10-28,32352.68642931205,32785.65115753152,32005.467582874626,32580.270078906244,639994.1203,23.842591925,0.0,32580.270078906302,32352.686429312107,32785.65115753158,32005.467582874684,0.017870113477727413,0.010860280759665759,0.007009832718061716,0.024084204795775926,1401.484546,805727646.9000001,1404.0477440000004,1384.3413320000002,0.0102126770301811,1.0,0.0,0.0002710428227501348,0.00016648566183247228,8.570312267040062e-13,7.6214597435474e-13,1.8088326634781264
2021-10-29,32582.743778098065,32801.24616746601,32130.94938806801,32493.84312695312,771171.3348,0.0,0.0,32493.843126953183,32582.74377809813,32801.24616746607,32130.949388068075,-0.002656263712633545,7.592341258009476e-05,-0.002732187125213696,0.020646786550704933,1407.585542,922155896.86,1410.850452,1395.812374,0.0042334579520777,1.0,0.0,0.00021026126933056046,0.00016422994850114265,1.0600326249608594e-13,7.631139043536177e-13,1.8255657098911673
2021-11-01,32493.84312695312,32493.84312695312,32489.125517350607,32493.84312695312,14.3506,0.0,0.0,32493.843126953183,32493.843126953187,32493.843126953187,32489.125517350672,0.0,2.2204460492503128e-16,-1.1102230246251565e-16,0.00014519526298104857,1402.4201619999997,1065175815.4399998,1414.934026,1399.106522,-0.0035830425618246,1.0,0.0,1.0540832196067927e-08,0.00013723050155742145,0.0,7.630141033841746e-13,1.8151945423249032
2021-11-02,32515.038337484395,32907.73463154297,32184.61524516469,32907.73463154297,592274.6628000003,0.0,0.0,32907.734631543026,32515.038337484453,32907.734631543026,32184.615245164747,0.01265709618281421,0.0006520712494915289,0.012005024933322766,0.02221917436812138,1415.567516,947462652.8400002,1415.567516,1402.283718,0.0090940810561242,1.0,0.0,0.00019117287056352947,0.00013343595159645018,6.494009800820247e-13,7.870022244740332e-13,1.813690678879622
2021-11-03,32747.009960713174,33137.91651642859,32079.56490379656,32570.933436816405,9806471.983500002,0.0,0.0,32570.933436816464,32747.009960713232,33137.916516428646,32079.564903796618,-0.010287447042128044,-0.0048960663207203575,-0.00539138072140764,0.03245892081676399,1407.61478,1418473480.82,1426.4537980000005,1407.61478,-0.005490794567373,1.0,0.0,0.0005155623574758001,0.00015921406947024019,3.220806363728315e-14,7.886126276558974e-13,1.8251792266843907
2021-11-04,32452.830995636425,33038.50165782946,32194.703858018023,32810.57815791015,557118.5683,0.0,0.0,32810.57815791022,32452.83099563649,33038.501657829525,32194.70385801809,0.007330689928600153,-0.0036325971614149972,0.010963287090015327,0.02587163572160389,1411.5521640000002,867742809.3400002,1415.0997080000002,1399.369664,0.00272234813881,1.0,0.0,0.0002882406328804147,0.00016079993702176895,4.0103597577247575e-13,7.774827715193672e-13,1.808962906452896
2021-11-05,32831.60363672272,33505.66117613707,32539.22266892589,33309.13896572265,777223.9672000001,0.0,0.0,33309.13896572271,32831.603636722786,33505.66117613714,32539.222668925955,0.015080834537854712,0.0006406087962580582,0.014440225741596606,0.029268201858655096,1419.514646,823046971.12,1422.4189540000004,1407.819446,0.0054822128478147,1.0,0.0,0.00034776367368885244,0.00017814412153415896,5.825266305418373e-13,2.7505825349916407e-13,1.8182322425782793
2021-11-08,33518.789327465194,34000.9148661211,33133.98201328358,33635.44600800781,681671.9085999998,0.0,0.0,33635.44600800788,33518.78932746526,34000.914866121166,33133.98201328365,0.009748648875972236,0.006274354297111102,0.003474294578861137,0.025828029412767052,1430.293722,980763272.9399998,1433.139554,1419.514646,0.0073726624468983,1.0,0.0,0.0003288806995131009,0.00019458815650981402,4.251790333940639e-13,2.9631720516886726e-13,1.8302484895938438
2021-11-09,33699.70319280758,33977.932999990684,33245.14828322296,33634.68942880859,586062.463,0.0,0.0,33634.689428808655,33699.70319280765,33977.93299999075,33245.148283223025,-2.249376173670187e-05,0.0019085783596849923,-0.0019310721214216722,0.021802444332358437,1424.3779,978156607.78,1436.75532,1420.547722,-0.0040393916626258,1.0,0.0,0.00023623278248682074,0.00019061188254957716,1.1411185432940198e-15,2.624647399920807e-13,1.8327145047490507
2021-11-10,33592.882348735075,33896.29513117095,33177.52181560295,33591.37525009766,598058.1934000002,0.0,0.0,33591.37525009773,33592.88234873514,33896.29513117101,33177.52181560302,-0.0012886128293093317,-0.001243748193112436,-4.486463619690721e-05,0.021433127376820085,1427.8084919999997,930899520.76,1432.8471740000002,1420.947308,0.0023444867312451,1.0,0.0,0.00022968869702846248,0.00019301697082932352,6.414328852609571e-14,2.5848683056789157e-13,1.8261373649246426
2021-11-11,33554.04564849953,33866.28582959716,33024.683063921904,33366.8700930664,870375.9845999999,0.0,0.0,33366.87009306646,33554.045648499596,33866.285829597226,33024.68306392197,-0.00670585070393647,-0.0011119032376154837,-0.005593947466320995,0.02516474771488035,1425.2063099999996,1175500632.9,1435.478594,1412.3708280000003,-0.0017778297390348,1.0,0.0,0.0003045442447287472,0.0002082441830657609,2.3090402866616445e-13,2.7003203200119977e-13,1.8220607025134488
2021-11-12,33314.60114444065,33695.677839840755,32979.88836997475,33412.48983671874,601193.7013,0.0,0.0,33412.489836718814,33314.60114444072,33695.67783984083,32979.888369974826,0.0013662829591946546,-0.0015677206384633175,0.002934003597657865,0.021471642776101776,1435.946402,886268103.5999998,1437.1159220000002,1416.308212,0.0073168711223974,1.0,0.0,0.00022719035421586218,0.00021180832137833455,6.801698706697561e-14,2.4379672667514036e-13,1.8140829049660816
2021-11-15,33559.27258847139,33865.65723072565,33069.9065700116,33367.486368750004,702673.8750000002,0.0,0.0,33367.48636875008,33559.27258847146,33865.65723072572,33069.90657001167,-0.0013478134416534707,0.004383429118972258,-0.005731242560625715,0.023777738081868748,1439.0651219999995,1117111469.76,1444.318216,1428.773346,0.0021144302753878,1.0,0.0,0.00027000174868623184,0.00022530840881264613,5.748472849581147e-14,2.4667096309993096e-13,1.816971031700092
2021-11-16,33322.745908467645,33762.06349736914,32865.825681598006,33446.3465765625,759879.9632999998,0.0,0.0,33446.346576562566,33322.74590846771,33762.06349736921,32865.82568159807,0.0023605963303192303,-0.0013417397260950463,0.0037023360564143785,0.026904405580139266,1429.2021700000005,1128004379.0399995,1439.4549619999998,1422.0193679999998,-0.0067026325844663,1.0,0.0,0.00035662847009840416,0.00023286457937848806,9.288124943709457e-14,2.4495145226663074e-13,1.8149361286819339
2021-11-17,33407.5590128951,33861.39476788983,33171.79573559266,33648.209800683595,719684.4297999999,0.0,0.0,33648.20980068367,33407.55901289517,33861.394767889906,33171.795735592736,0.0060172939238600336,-0.0011603680496311201,0.0071776619734911454,0.020575579222212245,1438.3634099999997,807581920.8599999,1439.523184,1427.574588,0.006227285571568,1.0,0.0,0.0001917757961012576,0.0002271727243236059,2.484832711177685e-13,2.4342943287399473e-13,1.8173141036293305
2021-11-18,33786.53603949314,34048.09246458598,33288.17263065916,33602.23634326171,793407.9961000001,0.0,0.0,33602.236343261786,33786.536039493214,34048.09246458605,33288.17263065923,-0.0013672315120431017,0.004102527001385064,-0.005469758513428188,0.022571851788300065,1432.4963179999995,1025474997.14,1445.2051019999997,1432.4963179999995,-0.0039835285354597,1.0,0.0,0.00024318699214114992,0.000223861857318715,5.128345831744433e-14,2.4128196651329573e-13,1.8220660429319118
2021-11-19,33513.17660328053,33953.212235656385,32721.33979136452,33205.262886621094,870395.5697999999,0.0,0.0,33205.26288662117,33513.176603280604,33953.21223565646,32721.339791364593,-0.011884238548728563,-0.0026539296517567937,-0.009230308896971866,0.03695600812520951,1415.4603100000004,1450478602.1748,1443.899138,1400.3150259999998,-0.0116599327902652,1.0,0.0,0.0006499615286185416,0.00024424266471542884,4.1119494393118225e-13,2.48056053806211e-13,1.8176733449598732
2021-11-22,33080.49856187517,33560.64246892328,32383.147951238017,32756.22029726562,742612.8018000001,0.0,0.0,32756.22029726569,33080.49856187524,33560.64246892335,32383.14795123809,-0.01361550725346927,-0.0037644425999208125,-0.009851064653548378,0.03571586278043027,1410.4898500000004,1178699757.4,1429.2119160000004,1406.2016099999998,-0.0034283798631175,1.0,0.0,0.0006003240799733008,0.00027425886871409387,5.59728745203051e-13,2.760424910663636e-13,1.8051309347551427
2021-11-23,32634.023046882605,33382.57170643752,32339.77170025297,33191.12055898437,502449.8561,0.0,0.0,33191.12055898443,32634.02304688267,33382.571706437586,32339.771700253037,0.013189510320603445,-0.0037374808955897413,0.016926991216193142,0.031736163835800704,1426.4537980000005,818542467.38,1426.4537980000005,1401.8743860000002,0.0109685844160911,1.0,0.0,0.0003929098160555575,0.00029308890385377817,7.908862607815595e-13,3.028458192120114e-13,1.7956347540848991
2021-11-24,33314.16677656591,33940.526642712735,32732.60485196688,33510.52870478515,703498.5739,0.0,0.0,33510.52870478522,33314.16677656597,33940.5266427128,32732.604851966946,0.009577292039579643,0.0037003481350985795,0.005876943904480848,0.03623810514686307,1451.052702,1045975708.14,1453.1773300000002,1430.020834,0.0166635077094396,1.0,0.0,0.0006432581162475685,0.0003249318746708247,4.0625454177556265e-13,3.01789389724489e-13,1.8151986657094632
2021-11-25,33467.42817521458,33791.98020663068,32943.73725040869,33474.78010302734,769185.6303000002,0.0,0.0,33474.780103027406,33467.42817521465,33791.980206630746,32943.737250408754,-0.0010673565827474716,-0.001287006577314678,0.00021964999456724547,0.02542232773196956,1462.689426,928889700.64,1467.1238559999997,1452.465872,0.0077846363951785,1.0,0.0,0.0003231287364516886,0.00032753617035590236,4.145344588239504e-14,2.610105006834085e-13,1.8214634752593568
2021-11-26,33284.606332102696,33631.92593811387,32753.249427590086,32957.05086865234,600615.2762999999,0.0,0.0,32957.050868652404,33284.60633210276,33631.925938113935,32753.24942759015,-0.015587097599084861,-0.005697304768306231,-0.009889792830778696,0.02647361624415533,1455.107038,946574987.16,1473.283328,1451.0137180000002,-0.0050653375385669,1.0,0.0,0.0003126434987853415,0.00033265528182864143,7.874455596955626e-13,2.9508261554338234e-13,1.815971053014291
2021-11-29,32475.21955898508,33373.777613296355,32157.50446933948,32944.48574677734,601308.2421,10.0,0.0,32944.485746777405,32475.219558985147,33373.77761329642,32157.504469339547,-0.00038133016838698446,-0.01472790157005612,0.014346571401669159,0.037124646277309416,1447.1250639999996,958101971.2,1451.1111780000003,1430.0793100000003,-0.0053608748034881,1.0,0.0,0.0006096109871523507,0.00036313530414464913,1.924958077648084e-14,2.9604509458220633e-13,1.7994294446928194
2021-11-30,32970.85072790433,33555.001795895085,32460.076300946526,33033.35347744141,670591.7942,0.0,0.0,33033.353477441466,32970.85072790439,33555.00179589514,32460.076300946585,0.0026938676819722868,0.0007999650443450647,0.0018939026376272156,0.03317502443296143,1440.8876240000004,932175564.5399996,1464.911514,1434.192122,-0.004209828094826,1.0,0.0,0.0005489055364900345,0.0003810219374409744,1.2160890016392413e-13,2.6965549058630134e-13,1.804651357205131
2021-12-01,32970.461795275645,33307.47670093774,32513.30148422393,32983.85638730469,396966.13010000007,0.0,0.0,32983.856387304746,32970.4617952757,33307.4767009378,32513.30148422399,-0.001499521094966151,-0.0019056989642033798,0.00040617786923719136,0.024132615295398757,1447.466174,816277984.2799999,1449.8929279999998,1433.92898,0.0044395294793772,1.0,0.0,0.0002911278294759008,0.0003698002110409795,1.14524313021236e-13,2.7377130305549895e-13,1.8089160941783753
2021-12-02,32884.528038187906,33320.87546626371,32629.80349793291,32940.00791240234,407707.2151,0.0,0.0,32940.0079124024,32884.528038187964,33320.875466263766,32629.803497932968,-0.001330276428254229,-0.003015966621147911,0.0016856901928935574,0.02095800299302076,1444.40593,726690413.24,1455.896464,1444.40593,-0.0020626879809677,1.0,0.0,0.0002185212694348763,0.0003663142428687025,9.905349400524196e-14,2.586721789671373e-13,1.807018133734834
2021-12-03,32955.15848486904,33048.814162838324,32264.27054317894,32403.930214062497,475929.8785000001,17.85,0.0,32403.93021406256,32955.158484869105,33048.81416283839,32264.270543179005,-0.0164082466111273,0.00045983866684055127,-0.01686808527796774,0.02402524272676235,1406.659672,901724479.92,1453.3235200000006,1406.659672,-0.0258076507417482,1.0,0.0,0.00017869292062848273,0.00035786070521568407,1.0639507283682186e-12,2.8274338385845635e-13,1.8063394330662224
2021-12-06,32398.00822941241,32629.52468416717,31357.40394671521,31572.623766406254,650806.1461,0.0,0.0,31572.623766406312,32398.00822941247,32629.524684167227,31357.403946715265,-0.02598930974446142,-0.00018277183704130509,-0.02580653790742014,0.03976713391973894,1377.6750679999998,927638996.4600002,1415.6552299999998,1365.287902,-0.0202916805257934,1.0,0.0,0.0005334491563181974,0.00036808912805593884,1.2648307780797986e-12,3.247259710927431e-13,1.7907094420401002
2021-12-07,31543.68221472305,32445.10943625799,31284.92443945717,32134.14766416015,445928.5322999999,0.0,0.0,32134.14766416021,31543.682214723103,32445.109436258048,31284.924439457223,0.017628846272545125,-0.0009170864251876618,0.01854593269773289,0.03641338682993615,1410.0220419999996,674126824.1400001,1410.0220419999996,1385.4913600000002,0.0226185088232716,1.0,0.0,0.00053010079905261,0.0003827825288842283,1.2302456680077476e-12,3.8618119856596574e-13,1.7715817979476345
2021-12-08,32254.14078146575,32528.91561337388,31892.594552167702,32198.21361083984,434891.4052999999,0.0,0.0,32198.213610839903,32254.140781465816,32528.915613373945,31892.594552167768,0.001991718214248348,0.00372717645126969,-0.0017354582370213533,0.019755567817295573,1415.9671019999994,713416361.24,1423.188888,1410.0220419999996,0.0041005564622935,1.0,0.0,0.00019397778262767603,0.000380996983164189,1.4223788727132212e-13,3.900859285032271e-13,1.8017465211767725
2021-12-09,32098.075451026583,32598.253198097063,31901.720900956345,32438.878029980468,497809.11059999984,0.0,0.0,32438.87802998053,32098.07545102665,32598.25319809713,31901.72090095641,0.007446669556391148,-0.0031148995452471117,0.010561569101638173,0.0215987489824206,1430.6933079999997,615227457.9000001,1430.6933079999997,1410.1292480000002,0.0100835971496107,1.0,0.0,0.00019016310140991522,0.0003752779259982474,4.611406605040206e-13,4.0159776009511994e-13,1.80096763379386
2021-12-10,32333.6801567373,32802.67406477719,32022.717307279163,32479.091753710934,475947.7673,0.0,0.0,32479.091753710996,32333.680156737366,32802.67406477725,32022.71730727923,0.001238909011113996,-0.003248226368793478,0.004487135379907551,0.02406447165102326,1426.366084,760305049.4600002,1438.3634099999997,1432.350128,-0.0029522072568415,1.0,0.0,0.00028177159894945215,0.0003780069882349269,8.014496467026529e-14,4.022041589752844e-13,1.8079641333942842
2021-12-13,32488.851631945632,32841.328657145496,32193.27890088933,32530.165860351564,378720.1981,0.0,0.0,32530.165860351626,32488.851631945698,32841.32865714556,32193.278900889396,0.001571287506530317,0.00030045212452503383,0.0012708353820052665,0.0199300412887484,1438.7142659999995,794450257.9199998,1444.0648199999998,1432.739968,0.0084008901827123,1.0,0.0,0.00019797939877444777,0.0003744058707393377,1.2754132134862284e-13,4.05706988617925e-13,1.8065131993132457
2021-12-14,32553.495506569547,32896.75844476946,32120.342370277656,32510.8607243164,534189.0332000001,0.0,0.0,32510.860724316462,32553.495506569612,32896.758444769526,32120.34237027772,-0.0005936295171157292,0.0007169125622996455,-0.0013105420794154098,0.02388457728125909,1438.5290920000002,891559889.2200001,1447.4174440000006,1431.892066,-0.0001254468657629,1.0,0.0,0.0002845730474517682,0.0003708030996070059,3.418157357375002e-14,4.0277200482475776e-13,1.807054608890894
2021-12-15,32501.21505475677,32775.982184884524,32154.07193955164,32512.450446972656,410809.0466,0.0,0.0,32512.450446972718,32501.215054756834,32775.98218488459,32154.071939551704,4.88970071790477e-05,-0.00029673470704681394,0.0003456317142258731,0.01915689962090716,1438.0223,839602598.7799999,1444.0355820000002,1430.917466,-0.0003434108562662,1.0,0.0,0.00018344725432319455,0.00037038667251810273,3.66093970455052e-15,3.9053088825409686e-13,1.8055750870443692
2021-12-16,32550.908070674515,32899.014126311464,32160.998986470167,32444.842671484377,457377.14710000006,19.95,0.0,32444.842671484443,32550.90807067458,32899.01412631153,32160.998986470233,-0.0020816076734457983,0.0011821593307436682,-0.0032637670041893957,0.022688184716282405,1439.104106,867016537.4199998,1444.669072,1431.63867,0.0007329036187547,1.0,0.0,0.0002532619877016487,0.00037089042229612767,1.4027450549137652e-13,3.9498044061279343e-13,1.8055903643866724
2021-12-17,32475.662865417657,32708.26839562168,32053.711220638743,32430.40672763672,494420.4943,0.0,0.0,32430.406727636786,32475.662865417722,32708.268395621744,32053.71122063881,-0.0004450370278226937,0.0009494749307253602,-0.001394511958548089,0.02021493069699659,1442.2033340000005,1038260969.4600002,1449.9416580000002,1442.2033340000005,0.0020966237283553,1.0,0.0,0.0002035704989582537,0.0003485708708131133,2.7755386963696347e-14,3.758084627644191e-13,1.8034732159370126
2021-12-20,32434.081101039526,32626.045834136203,31923.89712364234,32185.222579003905,466099.4563,0.0,0.0,32185.222579003967,32434.081101039592,32626.04583413627,31923.897123642404,-0.007589040856356261,0.00011329383857745029,-0.007702334694933829,0.02175606587894066,1439.8058179999998,883835404.5399997,1446.16021,1431.5704480000002,-0.0016215213133458,1.0,0.0,0.000213745917543878,0.00032924196269164214,5.05884971309431e-13,3.731162740697381e-13,1.803910174490607
2021-12-21,32107.366457064527,32374.61549647789,31726.81281808624,32019.018934277345,529959.6521000001,0.0,0.02616,32019.018934277407,32107.366457064592,32374.615496477956,31726.812818086302,-0.005177353148832268,-0.0024219326414989754,-0.002755420507333238,0.02021248979853298,1441.1800039999998,844414004.0600002,1448.3433139999995,1435.0302780000002,0.0009297385408436,1.0,0.0,0.0002013394929590737,0.00031966344653681797,3.0511036543355445e-13,3.488274793023379e-13,1.7968423195213479
2021-12-22,32100.79052247775,32392.96519336661,31722.421674292546,31917.353850097654,675396.7064000001,0.0,0.0,31917.353850097716,32100.790522477815,32392.965193366676,31722.421674292607,-0.0031801982325894056,0.0025505887563809825,-0.005730786988970487,0.020917536366118015,1440.137182,1004904017.48,1451.413304,1434.4552639999995,-0.0007054651049975,1.0,0.0,0.00020608501549772762,0.0002978047914993259,1.475259347255385e-13,3.3589104894983665e-13,1.7949893461371929
2021-12-23,31858.99424224254,32104.64913770949,31128.812827466398,31677.99369882813,664561.4109999998,0.0,0.0,31677.99369882819,31858.994242242607,32104.649137709555,31128.81282746646,-0.007527634985205273,-0.0018301337687037498,-0.005697501216501555,0.03086700483599388,1419.953216,1182346418.2200005,1443.587266,1410.382644,-0.0137559427133777,1.0,0.0,0.00046384629159997514,0.0003048406692567402,3.575738613568046e-13,3.5169706972355713e-13,1.7950078413408175
2021-12-24,31534.187894053302,32062.08785340568,31308.054121714697,31826.38515009766,413423.3136,0.0,0.0,31826.38515009772,31534.187894053364,32062.087853405745,31308.05412171476,0.004673432731526394,-0.004549947470257275,0.009223380201783656,0.023798883746166403,1439.5134380000002,833291673.9399998,1441.2384799999998,1419.329472,0.0133337380836319,1.0,0.0,0.00025033108571697585,0.00030172504860332197,3.5518426530658736e-13,3.300840050041084e-13,1.7900263362393698
2021-12-27,31755.73556986833,32218.044354589307,31409.1600733769,31962.043675683595,314901.9129,0.0,0.0,31962.04367568366,31755.735569868393,32218.044354589372,31409.160073376963,0.004253396191249766,-0.002222310564842552,0.006475706756092462,0.025427106823297223,1451.062448,697642557.6999998,1452.270952,1432.5742859999996,0.007787877213911,1.0,0.0,0.00030706971242898433,0.00028659798486715363,4.22596599800894e-13,3.502513559553291e-13,1.7988887267074851
2021-12-28,31955.786273915925,32255.456495288166,31573.055913013985,32052.52051845703,391483.9709,121.05,0.0,32052.520518457095,31955.78627391599,32255.456495288232,31573.055913014046,0.0028267599462473325,-0.0001957951886850275,0.0030225551349322677,0.021383126692342838,1456.432494,909871648.62,1461.675842,1446.277162,0.0036001113585198,1.0,0.0,0.00022508993027056285,0.0002704072045561801,2.2527487494570955e-13,3.5543465469441834e-13,1.8029533069747252
2021-12-29,31979.635084277088,32424.425360347832,31638.2090702989,31981.22986259765,308359.2115000001,9.72350245,0.0,31981.229862597716,31979.635084277154,32424.425360347897,31638.209070298963,-0.002226659687747115,-0.0022765270034008165,4.9867315653617796e-05,0.024546469971527738,1448.0801719999995,773608047.0800002,1460.837686,1448.0801719999995,-0.0056052056886518,1.0,0.0,0.00030126363341437436,0.00027091399475310374,2.2578846924366564e-13,3.6099786250553985e-13,1.8045862996538329
2021-12-30,31980.12190293629,32347.503185310525,31600.057507054746,32124.18723417969,289642.8657,0.0,0.0,32124.187234179757,31980.121902936356,32347.50318531059,31600.057507054808,0.0044600788836747,-3.4644660592256e-05,0.004494723544267053,0.023377896244864547,1448.226362,705966323.9199998,1455.448148,1447.105572,9.838514842848558e-05,1.0,0.0,0.00026545888923619964,0.0002732608757431699,4.793442871260767e-13,3.8001240216158156e-13,1.8012155036437214
2021-12-31,32026.000367462268,32607.49614513736,31632.15307783047,32132.54038408203,392040.52570000006,0.0,0.0,32132.540384082098,32026.00036746234,32607.496145137433,31632.15307783054,0.00025999300801678144,-0.003061158417816409,0.003321151425833317,0.030368099291070694,1460.223688,825032328.7799999,1460.993622,1451.871366,0.0080404751932194,1.0,0.0,0.0004568498823970182,0.0002871687238315967,2.063885708431528e-14,3.2784680859738635e-13,1.8063865236760872
2022-01-03,32132.54038408204,32132.54038408204,32132.54038408204,32132.54038408204,0.0,0.0,0.0,32132.54038408211,32132.540384082113,32132.540384082113,32132.540384082113,4.440892098500625e-16,4.440892098500625e-16,-1.1102230246251565e-16,0.0,1460.223688,825032328.78,1460.9936219999995,1451.871366,0.0,1.0,0.0,-4.7614456155438954e-33,0.00026049626601568684,4.440892098500625e-08,2.2207106545200057e-09,1.8051212669465109
2022-01-04,32116.050973559773,32634.59326201172,31807.99472677122,32344.285788769528,546350.089,0.0,0.0,32344.285788769597,32116.050973559846,32634.593262011793,31807.99472677129,0.006568132412424468,-0.0005133003085630709,0.007081432720987549,0.025655204073838794,1486.8302679999997,818348716.9000001,1487.9120740000003,1468.9073740000003,0.0175982373001529,1.0,0.0,0.00030972336469810904,0.00024947739429796175,3.7168352874512384e-13,2.220667726413043e-09,1.804654239348931
2022-01-05,32395.953319939283,32683.88346729902,32046.25850911835,32394.43033173828,503104.65789999993,12.644628084,0.0,32394.43033173835,32395.953319939355,32683.883467299092,32046.258509118423,0.0015491364673832335,0.0015961492527828683,-4.701278539963369e-05,0.019701658713332428,1483.8285,961953395.4800004,1496.8101719999995,1483.8285,-0.0019696130164932,1.0,0.0,0.00019407682423974772,0.00024948234637856535,9.505194154570649e-14,2.2206653671157562e-09,1.811087902291895
2022-01-06,32273.548045964133,32577.088873181507,31949.61037144285,32170.580973535158,384457.4844,0.0,0.0,32170.58097353523,32273.548045964206,32577.08887318158,31949.610371442923,-0.006934104109959349,-0.003738555915996317,-0.0031955481939630803,0.01944926019292475,1489.7443220000002,1059623909.08,1497.219504,1479.6182280000005,0.0038778722250949,1.0,0.0,0.0001851922052408121,0.00024923380157011016,5.606387786765523e-13,2.220670342021665e-09,1.8099969614357825
2022-01-07,32163.380228487236,32433.5212967868,31639.10779980033,32103.403702539064,458343.9592,68.0,0.0,32103.403702539137,32163.38022848731,32433.521296786872,31639.1077998004,-0.0020903417081026055,-0.000223855175196745,-0.0018664865329058513,0.024798551873264515,1489.6566079999998,927356654.8400002,1495.5431919999994,1486.226016,-5.738473366499221e-05,1.0,0.0,0.00030613832603515245,0.00025045213792439523,1.4206094327760481e-13,2.2206734378205954e-09,1.8016841577234093
2022-01-10,32094.392013174984,32288.168368748004,31446.385067034757,31735.63811142578,635628.1418999999,0.0,0.0,31735.63811142585,32094.392013175056,32288.168368748076,31446.385067034826,-0.011521778808189751,-0.0002807476276344225,-0.0112410311805554,0.02641682443421354,1465.515766,1179791601.78,1497.42417,1465.515766,-0.0159233946531289,1.0,0.0,0.0003001118490398739,0.00025555876043766647,5.711749881946923e-13,2.2206956195039376e-09,1.8017768370020573
2022-01-11,31664.57764107888,31915.506746883584,31243.442978632465,31573.017120312503,537105.5875,0.0,0.0,31573.017120312576,31664.577641078948,31915.506746883653,31243.442978632535,-0.005137412828919309,-0.0022416485262700112,-0.002895764302649179,0.021282467115687743,1454.4053259999996,1128214502.8,1473.6439299999995,1450.59464,-0.0074168354155817,1.0,0.0,0.00022323245086840044,0.0002524917306084981,3.0294843298673314e-13,2.2207090578469082e-09,1.791579317239412
2022-01-12,31559.517675713607,31864.461836965216,30921.84793901764,31583.589057910147,470285.7715,0.0,0.0,31583.58905791022,31559.517675713676,31864.461836965285,30921.84793901771,0.0003347848573925754,-0.0004276541358035606,0.0007624389931961714,0.030028352676887686,1472.143046,1076553198.38,1472.143046,1427.2919539999998,0.01181418613519,1.0,0.0,0.0004506264242254824,0.00026585068910361254,2.2539407040474554e-14,2.220710001770275e-09,1.7915265937379914
2022-01-13,31723.921648006777,31973.619635773463,31172.299701772048,31591.758899902343,393828.4259,4.7,0.0,31591.758899902416,31723.921648006846,31973.619635773535,31172.299701772117,0.0002586401912086477,0.0044333703341731074,-0.004174730142964465,0.02538130603484413,1458.0503300000005,952297058.6799998,1483.92596,1457.1536980000003,-0.009374717059798,1.0,0.0,0.0003153728662802781,0.000268956233032544,2.0788116726379383e-14,2.220704027450837e-09,1.7955672342358593
2022-01-14,31406.23366294545,31757.96501256114,31076.582285835066,31454.68194609376,211082.9826,50.0,0.0,31454.68194609383,31406.23366294552,31757.96501256121,31076.582285835135,-0.004348450696610547,-0.005889894764736895,0.0015414440681262775,0.02168900602468715,1458.021092,715442652.0999999,1465.06745,1439.172328,-1.9543660409640462e-05,1.0,0.0,0.0002342886365241208,0.00027049213991083736,6.549317277262327e-13,2.220735386267875e-09,1.7972267743044892
2022-01-17,31426.773646406516,31689.487187916777,30494.63567194309,30711.12027431641,461165.1865,91.65,0.0,30711.120274316483,31426.773646406593,31689.487187916853,30494.635671943164,-0.023923028651612298,-0.0008876480754692723,-0.023035380576143034,0.03843420289348412,1415.9378639999998,902955107.3400002,1465.661956,1415.9378639999998,-0.0285440720535638,1.0,0.0,0.0005336150788541452,0.0002864855979763507,1.6891335447610757e-12,2.2207945486965478e-09,1.79364229868
2022-01-18,30498.60885747251,31023.564347610987,30111.935103223263,30620.18411669922,420448.6097999999,0.0,0.0,30620.18411669929,30498.60885747258,31023.564347611056,30111.935103223328,-0.0029654097579877984,-0.006943741582274199,0.003978331824286473,0.029825447749628194,1402.3909240000005,673534169.8799999,1415.255644,1388.4638900000002,-0.0093693464466948,1.0,0.0,0.0004386647379387304,0.00029835186022533354,2.3033715254326684e-13,2.220790810035903e-09,1.771980348129853
2022-01-19,30557.4069502734,31128.21969963698,30332.365336302424,30904.44479658204,243422.39589999997,0.0,0.0,30904.44479658211,30557.406950273467,31128.219699637048,30332.365336302493,0.009240614941626077,-0.002052293572377023,0.011292908514003051,0.025899488250424395,1406.143134,543822609.22,1412.3026059999995,1398.024716,0.0026041386475813,1.0,0.0,0.00028612770988290095,0.00030235399494459215,1.2283422638486706e-12,2.220844850852359e-09,1.7795378284110637
2022-01-20,30927.30905415453,31539.281807633863,30588.964038863814,31224.406621875005,322928.1923,0.0,0.05562,31224.406621875074,30927.3090541546,31539.28180763393,30588.964038863884,0.010300034419789307,0.0007395636445905142,0.00956047077519872,0.030594518850400376,1428.0813800000003,743083185.2400002,1431.765368,1396.1924680000004,0.0150880365867809,1.0,0.0,0.0004327039823144667,0.0003007968794803168,1.0215003518954933e-12,2.2208780471768864e-09,1.7934615650120236
2022-01-21,31226.595624352005,31435.894339416976,30693.631341384684,31015.81526396484,236791.4126,0.0,0.0,31015.81526396491,31226.595624352074,31435.894339417046,30693.631341384753,-0.006702808330341625,7.01030375546396e-05,-0.006772911367896259,0.023895186955648157,1435.478594,764641824.5399998,1439.708358,1425.8982759999994,0.0050352294807598,1.0,0.0,0.0002677697580313418,0.00030166881309603505,9.126571302173725e-13,2.220905920820132e-09,1.8024362726980776
2022-01-24,31047.19262004813,31189.95576084448,30409.779221008437,30619.42569863281,362442.8479,0.0,0.0,30619.42569863288,31047.192620048198,31189.95576084455,30409.779221008506,-0.01286260990431555,0.001011145280464665,-0.013873755184780128,0.025331870658172172,1403.1413659999998,776439942.3,1430.7030540000003,1395.8026280000004,-0.0222060200258422,1.0,0.0,0.0002464974785641495,0.00029864020140279334,1.159024252454136e-12,2.2209427422027644e-09,1.7920797273917124
2022-01-25,30349.868366912644,30996.99598296671,30120.09854988816,30686.04529140625,269549.24490000005,0.0,0.0,30686.04529140632,30349.868366912713,30996.99598296678,30120.098549888226,0.002173366191331198,-0.008842453966945815,0.01101582015827699,0.02869762117942712,1441.9986679999995,688157555.5800002,1441.9986679999995,1388.181256,0.0266227186942158,1.0,0.0,0.00036490056906813645,0.000305630733342672,2.6275674042028463e-13,2.220944616296038e-09,1.7812390952600605
2022-01-26,30831.87579119827,31064.24821694397,30321.55580779742,30728.66210429688,306291.5081999999,0.0,0.0,30728.662104296945,30831.875791198338,31064.24821694404,30321.55580779749,0.0013878375893373318,0.004741082611009583,-0.0033532450216721896,0.024198710519328787,1443.947868,748080154.36,1452.5925699999998,1440.858386,0.0013165112971912,1.0,0.0,0.0002884452041887816,0.0003049898118813924,1.474551814322489e-13,2.2209406996316476e-09,1.7892358428173587
2022-01-27,30735.38631642632,31006.35095121197,30206.54222348416,30683.20723193359,261077.2086,0.0,0.0,30683.20723193366,30735.38631642639,31006.35095121204,30206.542223484226,-0.0014803288405092444,0.00021880147269973406,-0.0016991303132089263,0.026133522059566504,1433.402696,408870624.36,1448.635694,1426.872876,-0.0071436346847419,1.0,0.0,0.00034036523887046364,0.0003087351293631056,1.8479426393097985e-13,2.2209259721304878e-09,1.7917727067550686
2022-01-28,30652.11190604598,31180.562284704785,30416.075311361343,31080.300094042967,343605.6947000001,0.0,0.0,31080.300094043036,30652.111906046048,31180.562284704854,30416.075311361412,0.012858671754383861,-0.0010139452761862378,0.013872617030570106,0.024823635185395022,1441.3944159999996,647060622.78,1446.7742079999994,1428.003412,0.0054186435232625,1.0,0.0,0.00023376427399261453,0.00029758084894288537,1.2040667226373208e-12,2.2209851435237655e-09,1.7906853278575028
2022-01-31,31080.300094042967,31080.300094042967,31080.300094042967,31080.300094042967,0.0,0.0,0.0,31080.300094043036,31080.300094043036,31080.300094043036,31080.300094043036,0.0,0.0,0.0,0.0,1441.3944159999996,647060622.78,1446.7742079999994,1428.003412,0.0,1.0,0.0,0.0,0.00029758084894288537,0.0,5.390942734530174e-13,1.804698137382168
2022-02-01,31080.300094042967,31080.300094042967,31080.300094042967,31080.300094042967,0.0,0.0,0.0,31080.300094043036,31080.300094043036,31080.300094043036,31080.300094043036,0.0,0.0,0.0,0.0,1441.3944159999996,647060622.78,1446.7742079999994,1428.003412,0.0,1.0,0.0,0.0,0.00028209468070797993,0.0,5.205100970157612e-13,1.800215184143429
2022-02-02,31080.300094042967,31080.300094042967,31080.300094042967,31080.300094042967,0.0,0.0,0.0,31080.300094043036,31080.300094043036,31080.300094043036,31080.300094043036,0.0,0.0,0.0,0.0,1441.3944159999996,647060622.78,1446.7742079999994,1428.003412,0.0,1.0,0.0,0.0,0.00027239083949599254,0.0,5.157574999384759e-13,1.7991749765872669
2022-02-03,31080.300094042967,31080.300094042967,31080.300094042967,31080.300094042967,0.0,0.0,0.0,31080.300094043036,31080.300094043036,31080.300094043036,31080.300094043036,0.0,0.0,0.0,0.0,1441.3944159999996,647060622.78,1446.7742079999994,1428.003412,0.0,1.0,0.0,0.0,0.00026313122923395197,0.0,4.877255610046482e-13,1.7987631993358626
2022-02-04,31080.300094042967,31080.300094042967,31080.300094042967,31080.300094042967,0.0,0.0,0.0,31080.300094043036,31080.300094043036,31080.300094043036,31080.300094043036,0.0,0.0,0.0,0.0,1441.3944159999996,647060622.78,1446.7742079999994,1428.003412,0.0,1.0,0.0,0.0,0.0002478243129321943,0.0,4.80622513840768e-13,1.7985638781242237
2022-02-07,31484.371944946262,32004.8029201396,31064.80660927877,31640.047170507816,262750.542,0.0,0.0,31640.04717050788,31484.371944946324,32004.802920139664,31064.806609278832,0.017849452760458115,0.012917112998821407,0.004932339761636596,0.02981042465243812,1459.6194359999995,537685065.72,1467.4454740000003,1455.945194,0.0122456072788864,1.0,0.0,0.00043493294921687574,0.00025456536794104444,2.14705991042912e-12,5.594167599524895e-13,1.7984823676844641
2022-02-08,31756.39411623235,32327.03048292771,31379.02858040129,31979.131041113284,344737.5136,0.0,0.0,31979.131041113356,31756.39411623242,32327.03048292778,31379.02858040136,0.010659901340188748,0.003670460801414712,0.006989440538773993,0.02976394713735127,1462.864854,679518506.2599998,1465.1454179999996,1453.888788,0.0021645869535254,1.0,0.0,0.0004240749146745595,0.00026460749113135237,9.669365607568489e-13,5.926161663409954e-13,1.8163160461998498
2022-02-09,32036.35570220595,32297.1377824074,31685.27019079719,32044.410191015628,325568.1907999999,0.0,0.0,32044.4101910157,32036.355702206023,32297.137782407473,31685.27019079726,0.0020392240500179005,0.0017878385136614811,0.00025138553635631496,0.019126702611272153,1467.143348,735031722.2599998,1473.322312,1461.4419380000002,0.0028462877430163,1.0,0.0,0.00018289096463843817,0.00025122071815200013,1.95465761565809e-13,6.01262484067262e-13,1.8198580565429197
2022-02-10,32088.203843267933,32368.94782934184,31519.536305496596,32019.217886621085,353468.7786000001,0.0,0.0,32019.217886621158,32088.203843268006,32368.947829341912,31519.536305496666,-0.0007864776457107271,0.0013657219409730253,-0.0021521995866836514,0.026592009148644596,1468.5175339999998,612962974.8,1474.452848,1457.7092199999995,0.0009124226722727,1.0,0.0,0.00035177817406944947,0.00025304098354145873,6.949036684714666e-14,6.036975965733004e-13,1.8155259907810795
2022-02-11,31910.006319694905,32416.20003897012,31687.4520665228,32203.045269335937,337188.4183,0.0,0.0,32203.045269336006,31910.006319694974,32416.200038970193,31687.45206652287,0.005724740167150642,-0.003416643155667282,0.009141383322817912,0.022737530385417943,1463.5665660000004,562741057.12,1470.223084,1460.983876,-0.0032913230549475,1.0,0.0,0.00022621699858446474,0.0002526374016444759,5.272130942374664e-13,5.973116648988621e-13,1.811557954189709
2022-02-14,31926.840675428968,32813.46761180711,31603.6851781734,32502.209773828126,425746.8291,0.0,0.0,32502.209773828195,31926.840675429037,32813.46761180718,31603.68517817347,0.009247058404710365,-0.008613965164913456,0.01786102356962396,0.03756529568300401,1434.5722160000005,732474176.9400003,1457.991854,1434.5722160000005,-0.0195013686126269,1.0,0.0,0.0005823415750202697,0.00025507372645278213,6.682504957145842e-13,5.462675124465374e-13,1.815989921332866
2022-02-15,32502.209773828126,32502.209773828126,32502.209773828126,32502.209773828126,0.0,0.0,0.0,32502.209773828195,32502.2097738282,32502.2097738282,32502.2097738282,0.0,2.2204460492503128e-16,-1.1102230246251565e-16,0.0,1454.83415,557623335.06,1457.5727759999995,1432.720476,0.0136689700758594,1.0,0.0,-4.7614456155438954e-33,0.0002331404895558456,0.0,5.347506548193741e-13,1.8219980516668315
2022-02-16,32617.01527689304,32910.16011067575,32202.80331254858,32598.85724013672,340461.2941,0.0,0.0,32598.857240136786,32617.015276893104,32910.16011067582,32202.803312548647,0.0029691537095852764,0.0035260131526847786,-0.0005568594430995145,0.021727919893714955,1454.2006599999995,601510742.5800002,1461.4127,1448.9183280000002,-0.0004244702480954,1.0,0.0,0.00023593146449309285,0.00023063067728635523,2.675238830334269e-13,4.867097357786119e-13,1.8169303342561118
2022-02-17,32515.91265945811,33096.98833086684,32258.51262831729,32917.224739843754,431216.1374000001,0.0,0.0,32917.22473984382,32515.912659458176,33096.98833086691,32258.512628317356,0.009718835316517082,-0.0025476439729137006,0.01226647928943079,0.025660325382234627,1469.6870539999995,573173272.9799999,1469.6870539999995,1454.580754,0.0103240494889685,1.0,0.0,0.00027110178340446244,0.00022255056734085498,6.846931854502326e-13,4.698693774563489e-13,1.8179072555779126
2022-02-18,32700.959039159072,33253.95566282785,32469.38363096155,33089.70378125,491558.0718,56.7,0.0,33089.70378125007,32700.959039159145,33253.955662827924,32469.383630961624,0.00522610089076113,-0.006591663203448681,0.011817764094209893,0.023876124118024877,1466.617064,655455339.8799999,1469.004834,1454.4735480000002,-0.0020379451337338,1.0,0.0,0.00023108495550870796,0.00022071632721472329,3.2129952110890406e-13,4.4030149700092543e-13,1.825186299578439
2022-02-21,33027.856173411856,33512.72685667186,32785.00485024232,33244.36999140626,499147.1893000001,0.0,0.0,33244.369991406325,33027.85617341192,33512.72685667193,32785.00485024239,0.004663259216281758,-0.0018708381228716552,0.006534097339153503,0.021954031197784014,1472.464664,718955987.6400002,1478.1075980000005,1462.8453619999998,0.0038781354228236,1.0,0.0,0.000224497126114499,0.00021961630959224082,2.8102361762155274e-13,3.9640146525929635e-13,1.8252646182854821
2022-02-22,33024.323861432575,33421.26799118078,32465.9522219771,33200.33525771484,560996.7123,0.0,0.0,33200.335257714905,33024.32386143264,33421.267991180845,32465.952221977164,-0.0013254552028824518,-0.006641052536719499,0.005315597333837097,0.029000547281091787,1465.2818619999998,853148954.0199999,1468.1179479999998,1447.0958259999998,-0.0047658112888773,1.0,0.0,0.00040960090200273393,0.00022185132623897064,7.1164314268212e-14,3.8682184395169264e-13,1.8257571678669944
2022-02-23,33248.122773850475,33737.782989888205,33006.91941465616,33424.88819042969,556364.0092,0.0,0.0,33424.88819042976,33248.12277385055,33737.78298988828,33006.91941465623,0.006740803898897106,0.0014383335833472672,0.005302470315549777,0.021901147582317055,1473.8875800000003,643397101.3799999,1482.152188,1469.082802,0.0057071610845359,1.0,0.0,0.000228969006498962,0.00021887751635447965,3.6247887541398723e-13,3.975730286507796e-13,1.820595067130153
2022-02-24,33207.321406423136,33626.91147383441,32534.029661864453,33202.622975585946,580972.2899999999,0.0,0.0,33202.62297558602,33207.32140642321,33626.91147383448,32534.029661864526,-0.006671899803872299,-0.006530401993905667,-0.00014149780996660068,0.03304007504896867,1456.88081,951736078.92,1474.8134499999996,1436.326496,-0.0113110160071929,1.0,0.0,0.0005458155453778845,0.00022915003167985073,3.4587701549640177e-13,4.056271662290507e-13,1.8259786828257791
2022-02-25,33244.66243224983,33745.50240723613,32998.488216623635,33452.16253925781,631564.7774,0.0,0.0,33452.16253925788,33244.6624322499,33745.50240723619,32998.4882166237,0.007487556297173162,0.0012653477719965025,0.006222208525176737,0.022385397630919648,1460.8181940000002,717354719.8400002,1473.6439299999995,1460.8181940000002,0.002630413055329,1.0,0.0,0.00023559728783043002,0.00022924168237174153,3.544034991897493e-13,3.631440050566721e-13,1.815467841609669
2022-02-28,33411.98300983559,33786.74312959559,33070.917959388666,33585.24333955079,515701.18350000016,0.0,0.0,33585.24333955086,33411.98300983566,33786.74312959566,33070.91795938874,0.0039703497881096944,-0.001201825998926317,0.005172175787035907,0.02141422577292103,1452.280698,675604805.04,1464.200056,1449.7857220000003,-0.0057125883690476,1.0,0.0,0.0002189506168384646,0.00024018921321366471,2.2923564144764056e-13,3.7460578712905417e-13,1.823891561017124
2022-03-01,33657.91750049144,33923.58097490527,33206.06901097716,33554.80790185547,462680.3308000001,0.0,0.0,33554.80790185554,33657.917500491516,33923.580974905344,33206.06901097723,-0.0009066254558143388,0.0021615340007406633,-0.0030681594565549865,0.021377715793862558,1460.710988,776140837.5599997,1463.586058,1453.5964080000003,0.0056410621503188,1.0,0.0,0.00022486694473699341,0.00025143256045051445,5.839721213692351e-14,3.7752564773590036e-13,1.8244174596759546
2022-03-02,33441.83533044938,33777.13880526148,33028.758968781185,33459.31110595704,492472.83700000006,51.00000000000001,0.0,33459.31110595711,33441.83533044945,33777.13880526155,33028.75896878126,-0.0028500519578282474,-0.003372487725704211,0.0005224357678759202,0.0224055410942526,1447.787792,891717287.1200002,1462.299586,1441.9694299999996,-0.0086608457905675,1.0,0.0,0.0002508987010156719,0.00026397749550129796,1.7296311615343026e-13,3.861738035435718e-13,1.8204638722363526
2022-03-03,33461.64754798346,34190.184630292344,33156.07622108687,33897.15423847656,747046.7192999999,0.0,0.0,33897.154238476636,33461.647547983535,34190.18463029242,33156.07622108694,0.013000958333045442,6.982691444866933e-05,0.0129311314185968,0.030712609172980822,1466.7729999999997,879852701.6400002,1466.7729999999997,1449.9026740000002,0.0126971072108137,1.0,0.0,0.0004070382940895047,0.0002843294102057732,5.134100480323976e-13,4.118443059451917e-13,1.8165011769971446
2022-03-04,33911.57235946465,34272.23656856809,33373.19021732638,33720.71280468749,574581.2849,0.0,0.0,33720.71280468757,33911.57235946473,34272.23656856818,33373.19021732646,-0.005218793255829658,0.0004252585744859801,-0.005644051830315773,0.026582707367094217,1467.0946180000003,851141278.0199999,1470.856574,1463.2546939999995,0.0002136762423311,1.0,0.0,0.00034101463458386966,0.0003013801419349667,2.6935303283516355e-13,4.2531195758694985e-13,1.829728734435971
2022-03-07,33482.345507762526,34022.8495203407,33031.335544160844,33588.909624804684,704219.8872,0.0,0.0,33588.909624804764,33482.345507762606,34022.84952034078,33031.335544160924,-0.003916330045776718,-0.007093971689725372,0.003177641643948684,0.029575670749139527,1460.97413,917832181.42,1467.084872,1455.925702,-0.0040743826773303,1.0,0.0,0.000433459578969793,0.0003013064734226126,1.6556750079894781e-13,3.2623733710544127e-13,1.8188872732382784
2022-03-08,33337.54985496494,33914.89662080461,32824.97694809289,33170.37686611328,837528.6902000001,0.0,0.0,33170.37686611335,33337.549854965015,33914.896620804684,32824.97694809296,-0.01253872724357377,-0.007511556824472081,-0.005027170419101631,0.032664628286532695,1436.2777660000002,887561007.9599998,1460.97413,1436.2777660000002,-0.0166155102796314,1.0,0.0,0.0005237263685490634,0.0003062890461163378,4.513395134236318e-13,3.004574847387804e-13,1.815001639805054
2022-03-09,33158.86967558463,33896.96319429996,32688.47047606853,33435.09398056641,706849.9489999998,0.0,0.0,33435.09398056649,33158.86967558471,33896.96319430004,32688.47047606861,0.0079488517959818,-0.0003469718485901838,0.008295823644571846,0.036302998183821024,1436.3070039999998,865788443.9599998,1445.1953560000002,1425.64488,1.983952229952065e-05,1.0,0.0,0.0006323687941143442,0.00032876293759013305,3.3633698015759287e-13,3.075010456683696e-13,1.8033536474780902
2022-03-10,33475.449993285874,34220.370421064865,33192.728034850654,33675.5783522461,410703.4076,0.0,0.0,33675.57835224618,33475.449993285954,34220.370421064945,33192.728034850734,0.007166830331503597,0.0012062678082150947,0.005960562523288538,0.030490276264624964,1441.511368,613113258.12,1450.7798139999998,1439.250296,0.0035250165425337,1.0,0.0,0.0004511040892354575,0.00033372923334843346,5.181837071856894e-13,3.299357126852967e-13,1.8161467846244648
2022-03-11,33620.40977215865,34076.03117332187,33201.668573008625,33562.89095126953,604668.5728,0.0,0.0,33562.89095126961,33620.40977215873,34076.03117332195,33201.668573008705,-0.0033518760212145125,-0.0016395804262284168,-0.0017122955949860114,0.025994106115005258,1429.289884,833910350.0199999,1442.6906340000005,1421.824448,-0.0082981225227626,1.0,0.0,0.00033671417821018614,0.00033925409232971954,1.6516240100491675e-13,3.118331780236693e-13,1.8213116159736593
2022-03-14,33373.88530891473,33662.18457747723,32625.69606899051,33110.654958593754,561354.5738,0.0,0.0,33110.65495859383,33373.8853089148,33662.1845774773,32625.696068990583,-0.01356588800021915,-0.005647303477372227,-0.007918584522846883,0.03127488708507571,1409.51525,795168440.6599998,1429.289884,1402.634574,-0.0135780154761825,1.0,0.0,0.00046483708687174304,0.0003333788679222932,7.298660959786721e-13,3.1491395803687363e-13,1.8146165420564504
2022-03-15,32995.92351654816,33415.43602511244,32411.573851601755,32981.419722656254,505504.17520000006,0.0,0.0,32981.41972265633,32995.92351654823,33415.43602511251,32411.57385160183,-0.003910768462700819,-0.003471108621504943,-0.0004396598411958443,0.030502373008469936,1415.840404,625346729.7,1416.1620219999998,1400.7633419999995,0.0043637022320795,1.0,0.0,0.0004651227085741641,0.00035663500335100145,2.345675927275097e-13,3.266423376732491e-13,1.8012222405800618
2022-03-16,32979.67639787387,33615.391107191484,32773.85691138114,33285.23028681641,475531.602,0.0,0.0,33285.230286816484,32979.67639787394,33615.39110719156,32773.85691138121,0.009169399471969451,-5.285918170937364e-05,0.009222258653678936,0.02535287855832709,1422.2630179999996,530828267.4200001,1425.8203080000003,1416.980686,0.0044110374845039,1.0,0.0,0.0002885298690626124,0.00035926492357947736,5.793085572746331e-13,3.4223157138530943e-13,1.802417305144246
2022-03-17,33369.29121966771,33553.548033783816,32878.76464652508,33235.05993427734,366174.3226,89.829108354,0.0,33235.059934277415,33369.291219667786,33553.54803378389,32878.76464652515,-0.0015084228251319284,0.0025222888265431097,-0.004030711651674976,0.02031561353674286,1424.2219639999998,665823134.6799998,1430.4594040000004,1422.0778440000004,0.0013414362521362,1.0,0.0,0.00020008609265134009,0.00035571413904182127,1.2394777706076459e-13,3.14194300965836e-13,1.8144521729401486
2022-03-18,33262.184622385976,33563.70297799382,32887.63765766369,33185.05294716797,560888.7652,0.0,0.0,33185.05294716804,33262.18462238605,33563.70297799389,32887.63765766376,-0.0015057787284199332,0.0008158139421830076,-0.0023215926706030314,0.02034838247499825,1431.78486,726672285.6799998,1437.398556,1428.3445219999996,0.0051616232905155,1.0,0.0,0.00020494628821315908,0.0003544072056770438,8.089876687733291e-14,3.021742632542575e-13,1.8103094324341011
2022-03-21,33230.536544440074,33744.43483104674,32974.83954572467,33453.48067294922,573548.7208,0.0,0.0,33453.48067294929,33230.53654444015,33744.43483104681,32974.839545724746,0.008056275041594304,0.0013696665114566145,0.00668660853013767,0.02307067717267829,1456.9782699999998,708901819.1200001,1456.9782699999998,1431.78486,0.0169997461290058,1.0,0.0,0.0002488565683181159,0.0003556251777872247,4.198775539049902e-13,3.091169600684294e-13,1.8088401529454394
2022-03-22,33433.4660976285,33907.66849481732,33187.10945273775,33634.88579521484,654146.0237,0.0,0.0,33634.88579521491,33433.466097628574,33907.66849481739,33187.10945273782,0.0054079589034651,-0.0005984598455876768,0.006006418749052712,0.02147966706111366,1465.5839879999994,882049060.2,1469.4141660000005,1460.418608,0.0057395916752984,1.0,0.0,0.00021675168129359665,0.0003459827167517678,2.457925523514174e-13,3.178483719725896e-13,1.8174422568989552
2022-03-23,33650.78476502672,34323.343870352306,33492.94787795427,34037.21772324219,690567.1021,0.0,0.0,34037.21772324227,33650.7847650268,34323.34387035239,33492.94787795435,0.011890768797964656,0.0004725811595666225,0.011418187638398244,0.02449079642877827,1464.1805639999998,768693626.5800002,1475.4469399999998,1463.5275820000002,-0.00093371130051,1.0,0.0,0.0002495364240712614,0.0003470110876303828,5.05882897075859e-13,3.250185730556832e-13,1.8197727760913978
2022-03-24,33997.601475528805,34372.81870962699,33649.80306489148,34077.2041319336,720698.0793999998,0.0,0.0,34077.20413193367,33997.60147552888,34372.81870962706,33649.80306489155,0.0011740953588318176,-0.001164587564351647,0.002338682923183527,0.021258894634716464,1460.204196,734627068.3400002,1467.1530940000002,1457.202428,-0.0026503835570123,1.0,0.0,0.00022385748755848436,0.00033091318473941274,4.780640108390834e-14,3.1011504233505855e-13,1.8285948651334039
2022-03-25,34147.73437662399,34502.37994150701,33764.14987199664,34242.932929785165,705042.5203,0.0,0.0,34242.93292978524,34147.73437662406,34502.37994150709,33764.14987199671,0.004851545387614029,0.002067580311773615,0.002783965075840436,0.0216287205477478,1460.4380999999996,705694995.28,1465.1064339999998,1456.5884299999998,0.0001561045932941,1.0,0.0,0.0002309068166759536,0.00033067866118168893,2.009526945182448e-13,3.024425021014833e-13,1.8238693451461554
2022-03-28,34262.75950269787,34872.02062294872,33876.85549236032,34610.41411357422,911303.9423,0.0,0.0,34610.4141135743,34262.75950269794,34872.0206229488,33876.855492360395,0.01067441711678177,0.000578829955942861,0.010095587160838968,0.028952753943810024,1445.5072279999997,963811860.22,1458.7715339999995,1436.3654800000004,-0.010015161513774,1.0,0.0,0.0003797595191938612,0.00033871910629945884,3.384341073574029e-13,3.0790242539697143e-13,1.826156531297908
2022-03-29,34796.561320407214,35215.141653263294,34279.16964740309,34840.66206132812,1160877.6105999998,0.0,0.0,34840.6620613282,34796.561320407294,35215.141653263374,34279.16964740316,0.006630531994185272,0.005363946548213772,0.001266585445971305,0.026938279933886485,1459.716896,670449365.96,1460.3893700000006,1447.4954120000002,0.0095337586884761,1.0,0.0,0.00036221575453762643,0.0003455865467894904,1.6393645541643336e-13,3.1317938756094695e-13,1.8335433006017983
2022-03-30,34715.540550582875,35104.3276736049,34232.43425424167,34730.17256484375,844940.6024000002,0.0,0.0,34730.17256484383,34715.540550582955,35104.32767360498,34232.43425424174,-0.0031763192139962412,-0.0035977135325505455,0.00042139431855425216,0.025150853758936713,1452.6510459999995,858536737.74,1465.691194,1446.2089399999998,-0.0047290665594207,1.0,0.0,0.0003162141268867928,0.00034885231808304653,1.0824080674325659e-13,3.0994327209043825e-13,1.8344160787947548
2022-03-31,34792.23042850805,35377.832045707364,34403.35921507978,34857.83853027344,740586.1167000001,0.0,0.0,34857.83853027352,34792.23042850813,35377.832045707444,34403.35921507985,0.0036691983763095766,0.0017852628066558163,0.0018839355696537439,0.02793119937522645,1454.2493900000002,617200827.9799999,1460.3503860000003,1450.467942,0.0010717575325886,1.0,0.0,0.0003887049082119298,0.00034793564878916774,1.4213308172253213e-13,2.91379423774945e-13,1.8263295160589958
2022-04-01,34807.03732703402,35734.936973222095,34530.26504222927,35523.58871738281,1051068.7863,0.0,0.0,35523.58871738289,34807.0373270341,35734.936973222175,34530.26504222935,0.018918912856062377,-0.0014584454969316907,0.020377358352994087,0.03429264986219634,1477.922424,859266908.0599997,1478.3415019999998,1446.4330980000002,0.0157373044340342,1.0,0.0,0.0004275893086254338,0.00035226438249124595,5.066968501195724e-13,3.032466146391654e-13,1.8290863801899047
2022-04-04,35746.20480067705,36050.2129333792,35227.46487432314,35557.4476379883,705926.0659,26.9,0.0,35557.447637988385,35746.20480067714,36050.21293337929,35227.464874323225,0.0009526851296062391,0.00624715735257616,-0.005294472222969928,0.023086739848904362,1485.9726200000002,715928587.6599998,1492.0638700000002,1484.1403719999998,0.0052942092740622,1.0,0.0,0.0002556703927183231,0.0003433749231786724,3.795417790631536e-14,2.968659484945338e-13,1.8455088523496688
2022-04-05,35502.29556159631,35963.38500733413,35197.59442826357,35555.985641406245,538905.7901999999,0.0,0.0,35555.985641406325,35502.29556159639,35963.38500733421,35197.59442826365,-4.1117311170185294e-05,-0.0015522737624147596,0.0015111564512445487,0.021523597583867182,1481.421238,646267493.3,1488.7697220000002,1480.6902879999998,-0.0029896809037918,1.0,0.0,0.00023075048706031905,0.0003287261291042352,2.145848884091487e-15,2.7440626526755675e-13,1.8376306482516558
2022-04-06,35476.122695793216,36173.43236370546,35051.08121868461,35831.1130506836,882042.4868999999,0.0,0.0,35831.11305068368,35476.122695793296,36173.43236370554,35051.08121868469,0.00770808105470521,-0.002248644483013339,0.009956725537718602,0.03151847588239687,1484.2183400000004,889512547.0,1485.0467499999995,1469.3264520000002,0.001838427324589,1.0,0.0,0.00045841133507245246,0.0003200282561521406,2.438913898381519e-13,2.697839857515847e-13,1.8340286120110711
2022-04-07,35697.519255778134,36141.64268817591,35239.57784568696,35583.150705859385,870134.0839000002,0.0,0.0,35583.15070585947,35697.51925577822,36141.642688176,35239.57784568705,-0.006944364564223625,-0.003735397866169765,-0.0032089666980538944,0.025275916005812818,1464.1903099999995,744267616.6200001,1486.1870319999998,1464.1903099999995,-0.0132407821213551,1.0,0.0,0.0003154581114265364,0.0003132459572616946,2.2428587914188602e-13,2.550890943493946e-13,1.8397273274804373
2022-04-08,35458.190960219166,35746.251144066984,34700.156464637286,35023.41827617187,763820.6318000001,0.0,0.0,35023.41827617196,35458.19096021925,35746.25114406707,34700.15646463737,-0.01585529968843076,-0.0035179480450206026,-0.01233735164341017,0.029701204528470887,1444.3572000000004,722279568.5599998,1469.4336580000002,1444.3572000000004,-0.0132916162012169,1.0,0.0,0.00038228281565144597,0.0003155243891337576,5.926858233688994e-13,2.764652654675937e-13,1.82826572073869
2022-04-11,35023.41827617187,35023.41827617187,35023.41827617187,35023.41827617187,0.0,0.0,0.0,35023.41827617196,35023.41827617196,35023.41827617196,35023.41827617196,0.0,0.0,0.0,0.0,1444.3572000000004,722279568.5599998,1469.4336580000002,1444.3572000000004,0.0,1.0,0.0,0.0,0.0002922825347901704,0.0,2.399719606686601e-13,1.8131756605926785
2022-04-12,35037.9367054544,35417.07439176331,34225.90235249728,34732.31480859376,698641.1481000001,0.0,0.0,34732.31480859384,35037.93670545448,35417.07439176339,34225.90235249735,-0.00834641525857865,0.0004144490067069478,-0.008760864265285625,0.0342112951781585,1418.28665,639521604.4799999,1452.7192679999998,1418.28665,-0.0177521632837009,1.0,0.0,0.0005555572071878002,0.0002968042597208522,3.439632935092088e-13,2.4544174570774507e-13,1.8189884796474214
2022-04-13,34750.688129997136,35568.5115008318,34362.70433371729,35343.30507949219,828018.1993,0.0,0.0,35343.30507949227,34750.688129997216,35568.51150083188,34362.70433371736,0.01743846876609482,0.0005288580243963403,0.01690961074169834,0.03448893815639511,1439.6791199999998,620181349.7,1439.6791199999998,1411.727592,0.0145904411271685,1.0,0.0,0.0004842883743718092,0.0003065921849863121,5.95883425805412e-13,2.4627048913428397e-13,1.8119415554841325
2022-04-14,35405.3251107,36106.04959009596,35112.78645566582,35816.84511708985,756150.9410000001,0.0,0.0,35816.84511708993,35405.32511070008,36106.04959009604,35112.7864556659,0.013309331878657672,0.0017532508241636657,0.011556081054494013,0.027895079350302537,1434.728152,486241584.4,1446.6377639999998,1434.3675500000002,-0.0033573656952341,1.0,0.0,0.0003374808145055735,0.0003134619210790238,4.914286011397052e-13,2.64644530338231e-13,1.833163860083367
2022-04-15,35679.81139183452,36472.674109113,35435.07633148346,36066.40656767578,883821.1610000002,0.0,0.0,36066.40656767586,35679.8113918346,36472.67410911308,35435.07633148354,0.006943549363974925,-0.0038332951426256405,0.010776844506600635,0.0288611392751268,1421.512576,623473938.34,1441.38467,1419.397694,-0.0090188422543363,1.0,0.0,0.0003716183071950352,0.00032179552202811756,2.1782827777842193e-13,2.7149100588328546e-13,1.8406739527522102
2022-04-18,36046.98987510665,36601.03630483367,35541.28778544362,36131.31351064454,947318.2424999998,0.0,0.0,36131.31351064462,36046.98987510673,36601.03630483375,35541.2877854437,0.0017980335219713783,-0.0005385044664691236,0.002336537988440512,0.02938149745781997,1396.2119600000003,770563591.6,1419.475662,1388.8732219999995,-0.0175025221570163,1.0,0.0,0.0004295272572221961,0.00033082905647332156,5.25312982017422e-14,2.531236930981231e-13,1.8407627710609749
2022-04-19,36266.86380769942,36919.80319019583,35629.11433515573,36175.79044912109,972966.0929,11.0243538,0.0293249999999999,36175.79044912116,36266.86380769949,36919.803190195904,35629.114335155806,0.0012302233570508525,0.0037445819899063616,-0.0025143586328554932,0.0355849568807078,1370.72617,649412040.2,1405.4121839999991,1370.72617,-0.017954252844622,1.0,0.0,0.0006307024254069512,0.00035152659367898933,3.495169430237091e-14,2.4258165019567073e-13,1.8373689663959691
2022-04-20,36090.85994196781,36602.46249170529,35100.32384491913,35661.12412070313,878355.392,0.0,0.0,35661.12412070321,36090.85994196789,36602.46249170537,35100.32384491921,-0.014328987746925472,-0.0023504769017309987,-0.011978510845194485,0.04190516255794624,1349.5481120000002,636222096.1799998,1374.8097440000004,1349.5481120000002,-0.0151753464572053,1.0,0.0,0.000822593985462056,0.00038017947174852904,4.574569295013787e-13,2.401603518169467e-13,1.8356074459586846
2022-04-21,35127.61925335106,35900.9149298432,34510.10626288196,35331.2521975586,924101.1518,0.0,0.0,35331.25219755868,35127.61925335114,35900.91492984328,34510.106262882044,-0.009293231593057836,-0.01507344086907648,0.005780209276018646,0.03951056438424822,1335.406666,722518248.0999999,1356.9648179999997,1322.122868,-0.0102663782859028,1.0,0.0,0.0007676359378947491,0.0004073683942653423,2.846349455823468e-13,2.5200177904186867e-13,1.819131532046626
2022-04-22,35265.81558009833,35892.236119025234,33577.56388351256,34664.60264423827,1358400.6233,0.0,0.0,34664.602644238345,35265.8155800984,35892.23611902531,33577.56388351262,-0.01904883404795564,-0.0018538060647590908,-0.017195027983196512,0.06666290564343565,1344.1975579999998,779436934.7599998,1357.510594,1318.0782780000004,0.0063947011306722,1.0,0.0,0.002107756231844207,0.0005012108650237549,4.0453332098216247e-13,2.621808103650645e-13,1.8142702812227167
2022-04-25,34459.86153226332,34811.26653879993,32818.923150033545,33110.485713964845,990825.5824000002,0.0,0.0,33110.48571396492,34459.8615322634,34811.26653880001,32818.92315003362,-0.04586904843469719,-0.0059238567169043336,-0.03994519171779288,0.05893581116071025,1277.6226319999998,679173010.5599998,1347.023898,1265.401148,-0.0495059683642999,1.0,0.0,0.001120336550814271,0.0005382397166047754,1.3981603043630475e-12,3.151671202153468e-13,1.799683048449344
2022-04-26,32261.60716797781,33855.824043998975,31718.84502734035,33672.109723144524,987670.9673,0.0,0.0,33672.1097231446,32261.607167977883,33855.82404399905,31718.84502734042,0.01681986889252001,-0.025972130483245374,0.04279199937576533,0.06520005442668086,1307.269964,656071092.1599998,1307.269964,1229.36044,0.0223572591859662,1.0,0.0,0.0014181586164404517,0.0005910368596999166,5.057547734987768e-13,3.322580361194639e-13,1.7626530599388754
2022-04-27,33307.12160251562,34164.20780163074,32907.91769776145,33966.14208974609,501219.4119,0.0,0.0,33966.142089746165,33307.12160251569,34164.207801630815,32907.91769776152,0.008694317517249375,-0.010898653991451348,0.019592971508700617,0.03746525221518136,1319.384242,473077467.2799999,1321.479632,1281.413826,0.008989884565479,1.0,0.0,0.0005535301315319376,0.0006029026599321739,5.106947484723282e-13,3.523807332059175e-13,1.8006058431705512
2022-04-28,33840.81232394047,34415.77541916237,33471.203282202674,34043.888563867185,512976.12969999993,0.0,0.0,34043.888563867265,33840.81232394055,34415.775419162455,33471.203282202754,0.0022863247447708016,-0.0036966682728130774,0.0059829930175837745,0.02782958138274944,1316.674854,446692901.16,1323.575022,1310.028082,-0.0020034228205642,1.0,0.0,0.00037341492765530937,0.0006021381609043429,1.3091867458487731e-13,3.518200128490348e-13,1.8095353921158068
2022-04-29,33939.32470744831,34778.38396013112,33574.60514811371,34422.97968779296,695530.9908,0.0,0.0,34422.97968779304,33939.32470744838,34778.3839601312,33574.605148113784,0.011073823225152992,-0.003076169361318429,0.014149992586471469,0.03522606116985044,1332.0832799999998,519304012.2599999,1334.5295259999994,1309.121704,0.0113390657933186,1.0,0.0,0.0005430929510973348,0.0006079133430279379,4.625222612629233e-13,3.4961128340620237e-13,1.8101518419416216
2022-05-02,34422.97968779296,34422.97968779296,34422.97968779296,34422.97968779296,0.0,0.0,0.0,34422.97968779304,34422.97968779304,34422.97968779304,34422.97968779304,0.0,0.0,0.0,0.0,1332.0832799999998,519304012.2599999,1334.5295259999994,1309.121704,0.0,1.0,0.0,0.0,0.0005951298233920217,0.0,3.4771357451088653e-13,1.8206892256068379
2022-05-03,34422.97968779296,34422.97968779296,34422.97968779296,34422.97968779296,0.0,0.0,0.0,34422.97968779304,34422.97968779304,34422.97968779304,34422.97968779304,0.0,0.0,0.0,0.0,1332.0832799999998,519304012.2599999,1334.5295259999994,1309.121704,0.0,1.0,0.0,0.0,0.0005835922990390059,0.0,3.47606282066682e-13,1.8165342881346707
2022-05-04,34369.21343608795,34808.37867493698,33961.2496735831,34387.70057998047,389354.4884,0.0,0.0,34387.70057998055,34369.21343608802,34808.37867493706,33961.249673583174,-0.0010253963706318826,-0.0015631501253659111,0.0005377537547340837,0.02463796515827918,1314.4235279999998,486213126.0799999,1331.6836940000003,1314.4235279999998,-0.0130069189379174,1.0,0.0,0.00030340295531432345,0.0005758418800510994,7.658495364226775e-14,3.392409602568878e-13,1.8155755675652223
2022-05-05,34545.63452866539,34913.53853736887,33639.40384460213,34392.21976962891,473846.6571,0.0,0.0,34392.21976962899,34545.63452866547,34913.53853736895,33639.4038446022,0.00013141014505320498,0.004582230782210395,-0.004450820637157295,0.03717656436756506,1326.118728,497274348.78,1327.5806280000002,1297.592186,0.0086332391968518,1.0,0.0,0.0006833960533748223,0.0005942387771485137,8.063635093636117e-15,3.284298480544753e-13,1.8142193132765954
2022-05-06,34010.70418427336,34558.37880583834,33563.88292749573,33933.29867060547,567231.9465000001,27.0487,0.0,33933.29867060555,34010.70418427344,34558.37880583843,33563.88292749581,-0.013433575358781445,-0.011155065294501871,-0.002278510064279654,0.029199457318444737,1295.496796,497707655.94,1315.7977139999996,1294.395498,-0.0227687790455331,1.0,0.0,0.0004242986649066326,0.000596339569611273,6.97918730557851e-13,3.3369149341392286e-13,1.8146402363962597
2022-05-09,33461.25101840718,33789.67810590369,32134.79431750447,32292.33955419921,852494.3555999999,58.8,0.0,32292.339554199283,33461.25101840725,33789.67810590376,32134.794317504544,-0.049566757357107256,-0.014008710617111194,-0.03555804673999605,0.05021599614120495,1237.3716519999994,611667926.32,1281.1311919999998,1233.3952839999995,-0.0447387725800846,1.0,0.0,0.0007724023219236398,0.000634959685707455,1.8005263678010299e-12,4.2371781180397435e-13,1.8012557086601664
2022-05-10,31627.91111763588,33010.077894317,31376.328436301614,32886.11664316406,704679.1708999999,0.0,0.0,32886.11664316414,31627.911117635955,33010.07789431708,31376.32843630169,0.018220545584230217,-0.02079004263397775,0.03901058821820793,0.050759168426234944,1260.703576,585507323.28,1260.703576,1201.2627219999997,0.018205980452334,1.0,0.0,0.0007003737899094215,0.0006422005148435361,7.862440095109722e-13,4.4583184760406256e-13,1.7571557663362665
2022-05-11,32984.48390727741,33514.985766166064,32425.67802987296,33105.63705253907,474490.699,54.0,0.0,33105.63705253915,32984.48390727749,33514.985766166144,32425.67802987304,0.006652989405088006,0.0029866840870835013,0.0036663053180043402,0.033042034412426875,1268.471138,371206037.8399999,1272.018682,1245.451086,0.0059863715106629,1.0,0.0,0.000540695529565921,0.0006450208726032417,4.2353292602154265e-13,4.37214322614869e-13,1.7969258868151634
2022-05-12,32994.14396542813,33345.307699446974,31962.90814356865,32113.76784248048,621948.6003999999,0.0,0.0,32113.767842480556,32994.14396542821,33345.307699447054,31962.908143568726,-0.03041872865228421,-0.0033734814587881383,-0.027045247193496134,0.04234095380889301,1207.373464,503519877.96,1258.84209,1206.6035300000003,-0.0481111656503348,1.0,0.0,0.0006138249528752499,0.0006588380795217255,1.5229838587669345e-12,4.887920854962306e-13,1.8031994560197298
2022-05-13,31935.5506473653,32285.689589614503,30495.22559985852,31004.782448339844,870788.6485000001,0.0,0.0,31004.78244833992,31935.550647365377,32285.689589614583,30495.225599858593,-0.035143377819334874,-0.005565013313381768,-0.029578364505953164,0.05705395164273228,1152.727642,717399356.52,1206.3598800000004,1150.6127599999998,-0.0451398784329195,1.0,0.0,0.0012896156247900479,0.0007047379454014761,1.301673472381753e-12,5.429843452263971e-13,1.77176968114156
2022-05-16,31212.90463654697,31867.713035006444,30338.42588770153,30719.51917265625,516599.841,0.0,0.0,30719.519172656328,31212.904636547046,31867.71303500652,30338.425887701604,-0.009243208888239356,0.0066901543346197506,-0.01593336322285901,0.0491782765115867,1142.18247,537349023.6399999,1185.074616,1140.857014,-0.008956688029824,1.0,0.0,0.0011111820937137514,0.0007388206872260539,5.824438794467723e-13,5.694799742886486e-13,1.7494376849847324
2022-05-17,30297.911494107742,32022.203607619835,30007.29145244686,31815.12749873048,490410.5188,0.0,0.0293249999999999,31815.12749873056,30297.911494107815,32022.20360761991,30007.291452446934,0.035043627955217774,-0.013819473672711207,0.048863101627928875,0.06498912438082136,1197.169402,529079250.2599999,1197.169402,1127.163884,0.0458247750429198,1.0,0.0,0.001189475684017398,0.0007667593501565763,2.246030327735562e-12,6.800339059603082e-13,1.7586500234886184
2022-05-18,32026.178875283134,32436.699272758586,31408.426532611236,32006.69928398437,455766.1864,0.0,0.0,32006.69928398445,32026.178875283214,32436.699272758666,31408.426532611313,0.006003349332601781,0.00661177401878338,-0.0006084246861816378,0.032214257565500934,1209.2446960000002,501469514.4799999,1218.094064,1191.857832,0.0097810932217094,1.0,0.0,0.000518736196570322,0.0007515664607119896,4.1153864620086437e-13,6.777379917952825e-13,1.8042484169084911
2022-05-19,31472.243763121103,32344.58448055546,31169.706310320977,32204.96186044922,400671.6315000001,0.0,0.0,32204.9618604493,31472.24376312118,32344.58448055554,31169.706310321053,0.006175302210912061,-0.0168392264997497,0.02301452871066187,0.03699993138759887,1210.102344,448177996.6399999,1214.994836,1179.6850780000002,0.0006909829486998,1.0,0.0,0.00047988949425661074,0.0007371791385300826,4.785715008597269e-13,6.874348195591515e-13,1.8014962879882415
2022-05-20,32086.17645016341,32479.52782219373,31691.439852201915,32045.088282226563,394067.7045,37.93388364,0.0,32045.088282226643,32086.17645016349,32479.52782219381,31691.43985220199,-0.004976615826114119,-0.0036952385219151947,-0.001281377304198917,0.024563369485019932,1209.195966,453962442.5600001,1221.1348159999998,1201.0288179999998,-0.0007302580557988,1.0,0.0,0.000301045292779953,0.00064684359157687,3.9409579400765237e-13,6.869129432104259e-13,1.8045833582048054
2022-05-23,32108.95162171145,32429.70998586651,31434.716445848648,31850.98761708984,344701.48639999994,0.0,0.0,31850.98761708992,32108.95162171153,32429.70998586659,31434.716445848724,-0.006075529974544822,0.0019909380820231537,-0.008066468056568153,0.031162076044216586,1187.8522260000002,476559030.8600001,1214.9168680000005,1177.3070539999997,-0.0173564793957693,1.0,0.0,0.00046040212616447546,0.0006138468703443801,5.533731823594625e-13,6.446735871102466e-13,1.7967679307093203
2022-05-24,31706.95282503688,32165.085472270108,31368.111238674755,31990.26947363281,373019.9148000001,0.0,0.0,31990.269473632892,31706.952825036962,32165.085472270195,31368.11123867484,0.00436338768608551,-0.0045324010697136395,0.008895788755799121,0.025089750935430078,1202.0521480000004,467319433.02,1202.0521480000004,1172.7166879999995,0.0115815569782133,1.0,0.0,0.0002841783744878915,0.0005571478582467521,3.6565699400612823e-13,6.376686981356143e-13,1.7921540385502528
2022-05-25,32195.338591793887,33052.511099158844,31922.44321095729,32815.64721132812,662828.1566,0.0,0.0,32815.64721132821,32195.338591793974,33052.51109915893,31922.443210957375,0.02547367315482259,0.0063899002316328115,0.01908377292318983,0.034788230856872875,1236.2118779999996,601280931.9,1236.2118779999996,1202.8220819999997,0.0273097998456891,1.0,0.0,0.00046442580943701126,0.0005526926421420058,1.1711422514217331e-12,6.706910732830845e-13,1.7995211228567332
2022-05-26,32952.748242539186,33356.17180039574,32449.85974235319,33002.14364052734,426606.9355,0.0,0.0,33002.14364052743,32952.74824253927,33356.17180039583,32449.859742353277,0.005667067396410853,0.004169213156549777,0.0014978542398610512,0.027546695849790213,1236.3483220000005,501288141.4200001,1245.646006,1229.5066299999996,0.0001075632638064,1.0,0.0,0.00037854354871442097,0.0005529490731949614,4.02520789389393e-13,6.842711790233103e-13,1.8245066596275645
2022-05-27,32917.249908123085,33625.3120997488,32617.02470966255,33413.53043271485,847284.7452,0.0,0.0,33413.530432714935,32917.24990812317,33625.31209974889,32617.024709662637,0.012388402565964966,-0.0025756844766706122,0.014964087042635675,0.03044473724025156,1252.7995700000004,563488867.7,1254.3004539999995,1237.0500339999996,0.0128828181016493,1.0,0.0,0.00037694047253014905,0.0005446414492666021,4.375861392958101e-13,6.830243729249546e-13,1.8203747214657522
2022-05-30,33459.465185578214,33904.98988804424,33038.57266765461,33598.95090927735,524996.4495,0.0,0.0,33598.950909277446,33459.46518557831,33904.989888044336,33038.572667654706,0.005533922816966317,0.001373791009751157,0.004160131807215191,0.02588645030386351,1261.054432,486766503.96,1263.2960120000002,1248.725742,0.0064007037927189,1.0,0.0,0.0003283686753403753,0.0005610598830336209,3.137263624853985e-13,6.987106910492246e-13,1.8279249619027276
2022-05-31,33534.483256594125,33961.441587430745,33013.45400640024,33583.587775878914,543806.9916,0.0,0.0,33583.587775879,33534.48325659421,33961.44158743083,33013.45400640033,-0.00045735496058702375,-0.0019205831878178967,0.0014632282272309517,0.02831063456895949,1259.8459279999995,529788759.06000006,1264.6799440000002,1247.9168240000004,-0.0009344344642223,1.0,0.0,0.00039991894438842193,0.0005810558302530419,2.5042721082674168e-14,6.999628271033582e-13,1.82668079185499
2022-06-01,33426.686432162336,34117.985260085334,33190.26504975021,33852.0234491211,543009.9022,0.0,0.0,33852.023449121196,33426.68643216243,34117.985260085436,33190.265049750305,0.007961285919962468,-0.004682912651938994,0.012644198571901319,0.027568060699143537,1266.5121919999997,492776764.7000001,1269.1728499999997,1253.3453459999998,0.0051433372978226,1.0,0.0,0.00031823988174389345,0.0005817976765745205,4.3310264794692995e-13,7.177887118185914e-13,1.8215716274316662
2022-06-02,33852.0234491211,33866.17627894835,33837.87061929385,33852.0234491211,2443.16,0.0,0.0,33852.023449121196,33852.023449121196,33866.17627894844,33837.87061929394,0.0,0.0,0.0,0.000836158622725452,1255.8890519999995,514523501.8,1269.5724360000004,1250.723672,-0.0082091407789554,1.0,0.0,3.4958062117906236e-07,0.0005476453529368382,0.0,7.173855300639096e-13,1.827673669955498
2022-06-03,34114.13813406948,34585.42026083214,33758.74501000032,34261.0828649414,488303.1726000001,0.0,0.045787,34261.0828649415,34114.138134069566,34585.42026083224,33758.745010000406,0.012011325159801408,0.00771313189762254,0.004298193262178969,0.02419271835115752,1255.2653080000002,383828862.1200001,1259.943388,1243.9502019999998,-0.0004841605315746,1.0,0.0,0.0002855072288317665,0.000540705781133095,7.179600724206205e-13,7.18387597157048e-13,1.8232889055073844
2022-06-06,34381.922655525705,34977.08452773032,34013.27903393513,34446.25879404297,821307.8208999999,0.0,0.0,34446.25879404306,34381.92265552579,34977.08452773041,34013.27903393521,0.00539029375875911,0.003520822391078427,0.001869471367680958,0.027942111093299974,1257.243746,527807202.34,1269.0656440000002,1249.38847,0.0015348689552038,1.0,0.0,0.00038903071705254577,0.0005215372008895403,1.9053045973154863e-13,6.37887801753574e-13,1.8334787838017288
2022-06-07,34354.64173653809,35055.17587707756,33700.85592674496,34829.91289228515,912029.7007,13.55,0.04117,34829.91289228524,34354.64173653818,35055.17587707765,33700.85592674504,0.011076190014035486,-0.0026632532699725694,0.013739443284008031,0.03940003836605823,1258.5497099999998,610087514.96,1258.5497099999998,1228.892632,0.0010118419107031,1.0,0.0,0.0007032598359200548,0.0005216815031900719,3.486815979763366e-13,6.160096811768422e-13,1.8328137014629249
2022-06-08,35113.580075566926,35617.498660073754,34640.13531980951,35148.831359472664,729176.7637,0.0,0.0,35148.83135947275,35113.58007556701,35617.49866007384,34640.1353198096,0.009114787027285824,0.008111368950863687,0.0010034180764219947,0.02782406234174618,1274.689086,529505930.1399999,1283.333788,1261.395542,0.0124186071206152,1.0,0.0,0.00038670028295710146,0.000513981740859631,3.5563362350213807e-13,6.126147160508719e-13,1.8394159325445418
2022-06-09,35037.59071587854,35438.108526420794,34681.34600225661,35122.69043759767,572711.8122999999,216.2,0.0,35122.690437597754,35037.59071587863,35438.10852642088,34681.346002256694,-0.0007439976369462408,-0.0031698648670417076,0.0024258672300953546,0.021585789942306553,1274.5818800000002,425257646.22,1279.104024,1267.80841,-8.197086073248621e-05,1.0,0.0,0.00023069988636923957,0.0004948254875343304,3.6986875001246933e-14,5.383148668625876e-13,1.842029825887984
2022-06-10,34913.17708962087,35425.805774444714,34306.22346842496,34503.39495947266,808595.7688999997,0.0,0.0,34503.394959472746,34913.17708962096,35425.8057744448,34306.22346842505,-0.017789649007557123,-0.0059830478401187315,-0.011806601167438433,0.03211375130313857,1251.464368,546817262.6399999,1276.3264139999994,1251.464368,-0.017838910303149,1.0,0.0,0.00046179868785195256,0.0004534346406874257,6.376378451211004e-13,5.05113085499555e-13,1.834950741360501
2022-06-13,33652.76486875382,34409.58549054317,32972.51114397333,33327.3459040039,905105.4744000002,24.393852504,0.04452,33327.34590400398,33652.7648687539,34409.58549054326,32972.51114397341,-0.0346794655123157,-0.024962505612499932,-0.009716959899815756,0.04266095484946524,1195.873184,691396346.3,1229.496884,1194.8693459999995,-0.0442836249012674,1.0,0.0,0.0008735048874181887,0.0004415507803726475,1.1496680830448914e-12,5.334742956794609e-13,1.8146777443613633
2022-06-14,32985.17650564949,33858.17204846572,32609.42195186056,33437.90488427734,628254.3561999998,0.0,0.0,33437.90488427742,32985.17650564957,33858.1720484658,32609.42195186064,0.003311874965606607,-0.010319994557101933,0.013631869522708671,0.03757912613020261,1199.0601259999996,505990001.6600001,1207.8802559999997,1180.367298,0.0025938054254484,1.0,0.0,0.000634311103315811,0.0004137925513375682,1.5765195681408756e-13,4.290553771333871e-13,1.785397521999272
2022-06-15,33708.64954508216,34058.36076292144,32806.6225969064,33492.61585888672,717622.7519,0.0,0.0,33492.6158588868,33708.64954508224,34058.36076292152,32806.62259690648,0.0016348591401259543,0.008064334213221983,-0.006429475073096116,0.037445142701134415,1183.0961779999996,610990969.1599998,1204.1767760000002,1164.832174,-0.0130627000500077,1.0,0.0,0.0006851006618199076,0.00042211077460004747,6.801975635245336e-14,4.118794326409666e-13,1.8034370487731017
2022-06-16,33865.0463735078,34677.05794743002,33352.27547333631,34407.10706367188,1005016.0678,0.0,0.0542,34407.10706367197,33865.04637350788,34677.057947430105,33352.27547333639,0.026938151316796066,0.01105840961809972,0.015879741698696256,0.038952313922106914,1205.2195980000004,509029096.84,1214.663472,1191.9357999999995,0.0180563241149441,1.0,0.0,0.0006612310002021234,0.00043117784989732313,7.790164421560163e-13,4.26901679705781e-13,1.8080380482345415
2022-06-17,34035.662937882866,34707.4155473852,33384.035214169526,34296.65808691406,738808.3763000001,0.0,0.0,34296.65808691415,34035.662937882946,34707.41554738529,33384.035214169606,-0.003215226171798939,-0.010854258896269696,0.00763903272447081,0.03887557054639673,1186.38058,666648328.5,1189.411586,1161.6452320000003,-0.0153544784619179,1.0,0.0,0.0007331128543707873,0.00045278122797686484,1.2689015089386043e-13,4.135413975500915e-13,1.8360605288499254
2022-06-20,34247.68303336879,34621.89177243043,33399.213213734285,33611.636624511724,673402.3714,0.0,0.0,33611.63662451181,34247.683033368885,34621.89177243052,33399.21321373437,-0.020175582434817173,-0.0014290037975112089,-0.01874657863730591,0.035953848942653535,1150.41784,604254826.34,1190.57136,1150.41784,-0.0300000663921583,1.0,0.0,0.0005105825730343609,0.0004552902503203592,8.913777303890687e-13,4.304416249515719e-13,1.822916084353814
2022-06-21,33587.68747039659,34056.59357927189,32580.380550708425,33087.08303505859,868980.618,0.0,0.0,33087.08303505867,33587.68747039667,34056.59357927197,32580.380550708505,-0.015729369535234516,-0.0007127796432974374,-0.015016589891937007,0.04431337427416764,1142.689262,592276017.7400002,1159.744762,1133.401324,-0.0065695149021182,1.0,0.0,0.0008947289747603723,0.00048581778033398324,5.470698041690711e-13,4.395122654597189e-13,1.8012648297877316
2022-06-22,33321.821542556725,33595.22495357898,32159.974579749483,32578.398564941406,841798.1152000001,0.0,0.0,32578.39856494149,33321.82154255681,33595.22495357907,32159.97457974957,-0.015493517551439049,0.007069518361697882,-0.0225630359131369,0.04366128851334544,1139.570542,515695263.38,1155.739156,1133.4403080000002,-0.002663593687801,1.0,0.0,0.0007564952332543525,0.0005004212515248502,5.6495303656326e-13,4.092028047167953e-13,1.7926167086975529
2022-06-23,32322.93718210981,33279.70117041497,31939.09128712379,33104.94082480468,555680.9419,18.9,0.0,33104.94082480477,32322.937182109898,33279.70117041506,31939.091287123872,0.016033092839759778,-0.007872340352152672,0.023905433191912514,0.041116944898494844,1158.6824480000005,370779650.3399999,1158.6824480000005,1132.5436760000002,0.0162096105575579,1.0,0.0,0.0006245460422895355,0.000512721376203606,8.715634098810267e-13,4.3265493574137696e-13,1.7851783727243138
2022-06-24,33267.4888736175,33689.5213818747,32783.17370174091,33257.230436816404,357869.4842,12.78,0.0,33257.23043681649,33267.488873617585,33689.52138187479,32783.173701741,0.0045896593329541975,0.004898069108711064,-0.0003084097757567648,0.027271463919672893,1155.3688080000002,400440529.2799999,1166.4500100000002,1155.3688080000002,-0.0027911877431405,1.0,0.0,0.0003718296291587283,0.0005124658340350349,3.8562901605824305e-13,4.3005707957949867e-13,1.8100286513662471
2022-06-27,33273.29637580925,33895.9579830073,32888.765568933035,33502.30261357421,429382.4588,0.0,0.0,33502.302613574306,33273.29637580935,33895.95798300739,32888.76556893313,0.007341970994525829,0.0004829644397793123,0.006859006554746532,0.030164646350354204,1172.2683720000002,418820413.22,1172.940846,1155.3688080000002,0.0141522094824554,1.0,0.0,0.00043677935144191326,0.0005178863678401118,5.103800718485281e-13,4.398897650476551e-13,1.8113735605861763
2022-06-28,33614.549672224755,33992.83332658802,33020.96688141252,33592.99262470703,643172.8058,0.0,0.0,33592.99262470713,33614.54967222485,33992.833326588116,33020.96688141261,0.002703321180435823,0.0033448279970891893,-0.0006415068166535665,0.02900699813232115,1187.16026,520618260.3600001,1190.707804,1168.535654,0.0123028317777918,1.0,0.0,0.0004205439982211327,0.0005189176205317473,1.251184279120114e-13,4.44893550389122e-13,1.8167198940934401
2022-06-29,33373.63912659625,34019.5202209034,32980.26308926095,33651.90909541017,401079.3089000001,0.0,0.0,33651.90909541026,33373.63912659634,34019.52022090349,32980.26308926104,0.001752295988885548,-0.006551151726881606,0.008303447715767154,0.031025189677995408,1187.1505139999997,506109682.54,1188.6026679999995,1176.7125480000002,-8.001017983016043e-06,1.0,0.0,0.00045464726571801565,0.0005257379897304535,1.298277414108132e-13,4.297298050623161e-13,1.8161366522408997
2022-06-30,33671.55759197065,34004.65529893701,33151.86938417605,33429.6399678711,438710.8374,0.0,0.0,33429.63996787119,33671.55759197074,34004.6552989371,33151.869384176134,-0.006626857729409231,0.0005837042590095595,-0.007210561988418705,0.025398329078928986,1167.18096,459597969.6,1189.509046,1167.18096,-0.0165336056570589,1.0,0.0,0.00030245326470044635,0.0005408431739344167,4.5185343145925786e-13,4.52322476635279e-13,1.8158606390035903
2022-07-01,33188.47048454997,33526.30022351929,32450.23698926944,33062.94274277343,558264.1769,0.0,0.0,33062.94274277352,33188.47048455006,33526.30022351938,32450.236989269528,-0.011029830027734824,-0.007240389595447668,-0.0037894404322871174,0.03262246577831702,1168.4479400000002,485817633.4,1171.8687860000005,1141.2078700000002,0.0010573587517414,1.0,0.0,0.0005265655042517347,0.0005528960877054152,5.975683047520936e-13,4.463028882518527e-13,1.8077594001375292
2022-07-04,33221.34493676706,33576.05106125639,32521.07623482529,32901.18952978515,429193.39970000007,0.0,0.0,32901.18952978524,33221.34493676715,33576.051061256476,32521.076234825377,-0.004904287576395272,0.004779488505566942,-0.009683776081962192,0.031924668112824316,1165.1635380000002,393070409.16,1178.2524159999998,1162.337198,-0.0027433703793038,1.0,0.0,0.00047336726277678415,0.0005571129149916272,3.4730520633954884e-13,4.5414162558225266e-13,1.7987193361507376
2022-07-05,32837.61461012125,33050.12326289653,31906.112300571884,32265.783195898443,631222.3925999998,0.0,0.0,32265.78319589853,32837.61461012134,33050.12326289662,31906.112300571967,-0.019501488091067044,-0.001934167812000582,-0.017567320279066448,0.03522769627444169,1151.2852340000002,545281877.8,1170.4848540000005,1151.2852340000002,-0.0116781835014627,1.0,0.0,0.0005012807030686961,0.0005470139583490592,9.575096151145135e-13,4.845830264391615e-13,1.7985929423656604
2022-07-06,31870.096677024667,32506.968841788257,31397.10755404321,31790.501990625,465915.737,51.5,0.02616,31790.50199062509,31870.09667702475,32506.968841788344,31397.107554043294,-0.01483975931475156,-0.012339163041991416,-0.002500596272760041,0.03473871969293691,1120.409906,498774745.4799999,1145.4083959999996,1118.480198,-0.0264938258592145,1.0,0.0,0.000600973831373854,0.0005577276357698968,1.0018947291230143e-12,5.168960817202053e-13,1.7825001170135248
2022-07-07,31564.548591685103,32213.685827950736,31252.292566777374,32042.45710986328,333973.91130000004,0.0,0.0,32042.457109863368,31564.548591685187,32213.685827950823,31252.292566777458,0.007894242449501477,-0.0071329548279645185,0.015027197277465864,0.030298652336858706,1136.851408,353601058.36,1136.851408,1113.7728799999998,0.0141978876231246,1.0,0.0,0.00037177246507644456,0.000564781264705257,7.376869589455887e-13,5.519310859174224e-13,1.7768565170754211
2022-07-08,32187.3212408822,32503.753862577607,31864.764415336995,32181.81979423828,335516.0915,0.0,0.0,32181.819794238363,32187.321240882287,32503.753862577694,31864.76441533708,0.004339882356931148,0.0045108166452824915,-0.00017093428835154105,0.01985475060150621,1141.558726,426084691.7799999,1147.2796280000002,1134.6585580000003,0.0040271578695,1.0,0.0,0.0001970942737702655,0.0005515460440011727,4.0193331451542413e-13,5.401458593871385e-13,1.7938762529881078
2022-07-11,32089.6548365548,32405.890923361032,31597.33302857979,32014.95720498047,298973.1726,0.0,0.0,32014.957204980554,32089.654836554888,32405.89092336112,31597.333028579873,-0.0051984841867537285,-0.002867991481047713,-0.002330492705705957,0.02526750569211964,1125.945634,476318207.2000001,1135.9937599999996,1115.47843,-0.0134215926695769,1.0,0.0,0.0003171253814646177,0.0005237270687034942,5.431147299389809e-13,5.098181917318431e-13,1.79870626737614
2022-07-12,32014.957171888957,32033.827609946988,32014.957171888957,32024.39239091797,6309.52,0.0,0.0,32024.392390918052,32014.95717188904,32033.82760994707,32014.95717188904,0.00029466838952317786,-1.0336266292667122e-09,0.0002946694231499403,0.0005892520418091643,1144.9795720000004,463353200.8600001,1144.9795720000004,1124.2498299999995,0.0163377555013451,1.0,0.0,1.4006701838114716e-07,0.0004920185168886227,1.4583317452651648e-12,5.74852181154397e-13,1.7930688561951502
2022-07-13,32418.85402208122,32723.60413369836,32005.30559759785,32366.81138798829,307122.2213,0.0,0.0,32366.811387988375,32418.85402208131,32723.60413369845,32005.305597597933,0.010635683285119968,0.01224229317197916,-0.0016066098868590946,0.02219496747242542,1144.102432,509111255.62,1152.181866,1141.178632,-0.0007469026311384,1.0,0.0,0.00024531118935064206,0.00047002904326515937,1.0699272259371285e-12,6.249475546336308e-13,1.796005058360679
2022-07-14,32244.26555791729,32624.74782855167,31963.35545931176,32419.803467285157,288804.6052,0.0,0.0,32419.80346728524,32244.265557917377,32624.747828551757,31963.355459311842,0.0016358962799081047,-0.0037933426530192466,0.005429238932927357,0.020481031492686836,1152.142882,478053385.04,1152.142882,1140.3209840000002,0.0068252765059302,1.0,0.0,0.00019834966746595646,0.0004468849766283511,1.747194576538471e-13,5.947327054085223e-13,1.8077719782564081
2022-07-15,32368.763903938183,32642.204303712693,31994.228974645084,32278.81228945313,402960.8127,0.0,0.0,32278.812289453213,32368.76390393827,32642.20430371278,31994.228974645168,-0.004358405488845822,-0.0015755734684807525,-0.0027828320203649943,0.020050519636974944,1149.29705,530040303.3200001,1159.4426360000002,1148.195752,-0.00241027301409,1.0,0.0,0.0001980201458138216,0.0004201303412005028,3.350790479063682e-13,6.051421502591477e-13,1.806023097369435
2022-07-18,32393.553422490477,32777.11730196541,32084.15886896375,32378.98570371094,320663.9599,0.0,0.0,32378.98570371102,32393.553422490557,32777.11730196549,32084.15886896383,0.0030985742637513534,0.0035483858419814635,-0.00044981157823000044,0.021368213541618046,1146.607154,468309431.7000001,1154.832778,1144.86262,-0.0022836961895398,1.0,0.0,0.00022822211586589366,0.0004060123183420794,2.984341498145998e-13,5.754949712304242e-13,1.8004689435836205
2022-07-19,32503.209541029573,32905.21925101121,32156.068608392423,32721.060927636725,436433.2874,226.17,0.0,32721.06092763681,32503.20954102966,32905.219251011295,32156.06860839251,0.01050931266610564,0.0038292165867743395,0.0066800960793313045,0.02303009296337281,1148.400418,466840027.2799999,1150.4763160000002,1139.2976539999995,0.001523058547964,1.0,0.0,0.00024795471359247856,0.00037367360528368476,7.359173959461735e-13,5.849373508192793e-13,1.8050695605367721
2022-07-20,32973.7200287093,33544.697840417335,32658.52570228901,33140.58897041016,735544.9213999999,0.0,0.0,33140.58897041024,32973.72002870938,33544.697840417415,32658.52570228909,0.012739848383845091,0.0076919457871567195,0.005047902596688331,0.02677286763653555,1163.8088440000004,585830695.56,1168.1847980000002,1155.7001720000003,0.0129895459942016,1.0,0.0,0.0003485499302701487,0.00035327634013447454,5.226306022318888e-13,5.828212291027107e-13,1.8148936990809368
2022-07-21,33101.66171083896,33751.94734686174,32874.04197516878,33322.07041396484,497159.6568,0.0,0.0,33322.07041396492,33101.66171083904,33751.94734686182,32874.04197516886,0.005461168610550204,-0.0011753001642247536,0.006636468774774957,0.02635476618670398,1168.028862,488224895.4,1171.381486,1164.5397940000005,0.0035275474123079,1.0,0.0,0.0003302733968439382,0.0003385627078621947,3.296535280315977e-13,5.557257350102392e-13,1.823484400735472
2022-07-22,33488.29313531145,33962.9761849498,32888.338675316605,33310.27574736329,432664.5789999999,0.0,0.0,33310.27574736337,33488.29313531153,33962.97618494988,32888.338675316685,-0.00035402225508250385,0.004975966466642874,-0.005329988721725238,0.03215284817692932,1164.413096,437038026.25999993,1172.141674,1164.413096,-0.0030216643585452,1.0,0.0,0.0005059286715114495,0.00034526765997983073,2.4564107769423704e-14,5.376724895957983e-13,1.822757171742623
2022-07-25,33282.18393367685,33603.00277194521,32853.929146404735,33253.214649511734,470146.0176,0.0,0.0,33253.214649511814,33282.18393367693,33603.00277194529,32853.929146404815,-0.001714486770112594,-0.0008436935799441213,-0.0008707931901683961,0.022544084692084486,1158.3121,399650323.6,1167.7267359999998,1154.238272,-0.0051198862322623,1.0,0.0,0.0002538249577124626,0.0003361199402933582,1.0966492369032248e-13,5.17636732187888e-13,1.8181796715767646
2022-07-26,33109.57026221328,33438.381745782994,32726.7013482246,33052.270633691405,356598.9882,0.0,0.0,33052.270633691485,33109.57026221336,33438.381745783074,32726.70134822468,-0.006061176692983591,-0.004329071235463562,-0.0017321054575200772,0.021513094580755437,1154.969222,378464761.18,1163.8185900000003,1154.355224,-0.0028167530992838,1.0,0.0,0.0002302476630052128,0.00032660512353256216,5.142514653197662e-13,5.370933840582758e-13,1.8147931971770763
2022-07-27,32955.32151783008,33405.52119790835,32655.698361205537,33164.58439482421,269493.02640000003,0.0,0.0,33164.58439482429,32955.32151783016,33405.52119790843,32655.698361205617,0.0033923045360818977,-0.0029375161982357475,0.00632982073431773,0.02270182247976627,1160.7875840000002,377949100.3200001,1160.7875840000002,1148.644068,0.0048973946856413,1.0,0.0,0.00024220885850913886,0.0003159832031721184,3.7955327426983333e-13,5.495796607012269e-13,1.8083739227782
2022-07-28,33394.526411005696,33958.89829641409,33146.602622079154,33659.561198925774,565674.7958000001,0.0,0.0,33659.561198925854,33394.526411005776,33958.89829641417,33146.602622079234,0.014814580941012647,0.006909435182906458,0.00790514575810616,0.024210693329370953,1177.433752,604784813.82,1183.1936380000002,1160.933774,0.0138768979402975,1.0,0.0,0.0002689387875563363,0.00031430747931491284,7.780617978502875e-13,5.658900790207783e-13,1.8136813641716731
2022-07-29,33786.99324952394,34289.29205134085,33301.189513276026,33676.57423847657,643856.5099000001,0.0,0.0,33676.57423847665,33786.99324952402,34289.29205134094,33301.189513276106,0.0005053167902286089,0.0037787609248272373,-0.0032734441345985744,0.029240002872066528,1175.6892179999998,523417019.1799999,1186.9068639999998,1175.6892179999998,-0.001445078025733,1.0,0.0,0.00042334957128143806,0.000309146682666398,2.3304872507686436e-14,5.371769074085579e-13,1.8275145204013032
2022-08-01,33899.80645366776,34509.78769676641,33519.65490425415,34267.13224257812,617538.2751,0.0,0.0,34267.1322425782,33899.80645366784,34509.7876967665,33519.65490425423,0.017384181915119125,0.00660683584757128,0.010777346067547823,0.029111004815504708,1200.07371,664551768.9799999,1200.07371,1175.8159160000002,0.0200070134963957,1.0,0.0,0.00037885675162207665,0.00030442115710866265,8.215095510163097e-13,5.608871246423961e-13,1.8217974777742452
2022-08-02,34204.88464749193,34671.05148613138,33779.4200959361,34345.19792871094,504896.0570000001,0.0,0.0,34345.19792871102,34204.884647492,34671.05148613146,33779.42009593617,0.002275559498544627,-0.001818191286358974,0.004093750784903659,0.026053343502261246,1210.082852,715734739.72,1210.365486,1193.017606,0.0080948814921156,1.0,0.0,0.0003329145256268859,0.0002960028482365721,1.312260911989835e-13,5.195729484466195e-13,1.836974993830788
2022-08-03,34184.74022448482,34770.37125572412,33957.625489906175,34477.72187792969,558728.7842999999,0.0,0.0,34477.72187792977,34184.74022448489,34770.3712557242,33957.62548990625,0.003851162182149838,-0.004682858376220339,0.008534020558370378,0.0236521852287713,1218.0160959999998,684518691.5599998,1218.44492,1201.106786,0.0063685766357368,1.0,0.0,0.00025157930521303853,0.00027853312192853137,1.999181390768278e-13,4.794741189443101e-13,1.8310790331045048
2022-08-04,34488.78731490441,34896.34610444674,33985.347536302594,34437.039278417964,655767.7982000001,0.0,0.0,34437.039278418044,34488.78731490449,34896.34610444682,33985.34753630267,-0.0011806644485143818,0.00032089305952056317,-0.001501557508035079,0.026452650665881795,1222.2945900000002,639275030.6799998,1225.4425480000002,1215.696548,0.0034174538093738,1.0,0.0,0.00034900039540626955,0.0002773945184450226,5.2281807492373525e-14,4.452038613716494e-13,1.831076384764435
2022-08-05,34271.93471470956,34780.08868985304,33947.486294670576,34365.542593847655,441843.8238,0.0,0.0,34365.542593847735,34271.934714709634,34780.08868985312,33947.48629467065,-0.0020783147480781515,-0.004805918991247008,0.0027276042431688733,0.02423024907799866,1220.920404,589039858.44,1221.9047499999997,1213.42573,-0.0010963274375086,1.0,0.0,0.00029067852278149767,0.00028207373089558427,1.3687348507907428e-13,4.3195086989983193e-13,1.826361243896681
2022-08-08,34411.67226133896,34858.92267496018,34017.98220919914,34506.01547109375,466657.9500999999,0.0,0.0,34506.01547109383,34411.67226133904,34858.92267496026,34017.98220919921,0.004079276728674557,0.0013414231589818557,0.002737853569692683,0.02441986197178464,1224.82855,617911603.7599998,1226.865464,1220.2381839999996,0.0031146960747804,1.0,0.0,0.00029526922779874696,0.0002809809232122907,2.533317867246356e-13,4.1746172273911455e-13,1.8229562501450545
2022-08-09,34566.93967806628,34968.9272920011,34233.00849000613,34594.19081669922,602369.0759,0.0,0.0,34594.19081669931,34566.93967806637,34968.927292001186,34233.00849000621,0.0025521021774396386,0.0017640543289360819,0.0007880478485034092,0.02126953638477879,1226.87521,638618637.5800002,1231.056244,1221.017864,0.0016271748095267,1.0,0.0,0.00022595669271489405,0.00029227175449711635,1.2247070370932705e-13,3.506686706613227e-13,1.8267830332314041
2022-08-10,34637.54449911845,35124.59120135208,34377.30947010319,34856.18168105468,402101.379,0.0,0.0,34856.18168105477,34637.544499118536,35124.59120135217,34377.309470103275,0.007544728637322371,0.0012524224010381944,0.006292306236284071,0.021504750875740636,1224.5848999999996,569541426.0800002,1228.3468559999997,1222.041194,-0.0018210671806029,1.0,0.0,0.00021593255697967148,0.0002908028228785678,5.383047981848365e-13,3.2408754927370814e-13,1.8271053550197074
2022-08-11,34990.61272055474,35220.59138454759,34306.11244035832,34630.546437304685,530898.3827000001,0.0,0.0,34630.54643730477,34990.612720554826,35220.591384547675,34306.11244035841,-0.006494363539812129,0.0038493163972116696,-0.010343679937023877,0.02630735053055112,1220.2674220000004,745896952.9,1235.822038,1214.2054099999996,-0.0034421861762856,1.0,0.0,0.000304708049916822,0.0002961207420011111,3.53236724601296e-13,3.330134126210806e-13,1.8325895549594602
2022-08-12,34654.863292707574,35003.189976964204,34206.80012178302,34743.808808203124,410867.3241,0.0,0.0,34743.80880820321,34654.86329270766,35003.18997696429,34206.8001217831,0.00326525475098572,0.0007019329609530491,0.002563321790032698,0.02301474126122416,1230.266818,495893827.88,1230.266818,1216.9342899999997,0.0079537476127136,1.0,0.0,0.0002623009647465847,0.0002993347829477493,2.2873785277798285e-13,3.276963528646613e-13,1.822012771016487
2022-08-15,34842.75209853533,35326.44600464296,34491.67229074391,35031.56316542968,798085.7354000001,15.0,0.0,35031.56316542977,34842.75209853542,35326.44600464305,34491.672290744,0.008248067489361657,0.0028437490148014574,0.005404318474560269,0.023913950024040363,1241.83532,570706755.3,1241.8743039999997,1235.8122919999996,0.0091215845637652,1.0,0.0,0.0002746561355161948,0.00030165648393026427,2.950143495797417e-13,3.275253628529184e-13,1.8261768250479662
2022-08-16,35113.95808132295,35515.12414195732,34845.11112392251,35222.379224121105,558291.2470999999,0.0,0.0,35222.379224121185,35113.95808132303,35515.1241419574,34845.11112392259,0.005432194163894041,0.002349257723762175,0.003082936440131763,0.019045793945510422,1242.312874,557785313.5800002,1243.521378,1238.823806,0.0003747152728308,1.0,0.0,0.00017769959987476972,0.0002981437282443788,2.76245859261123e-13,3.045417860186659e-13,1.8327683510800181
2022-08-17,35217.624735884005,35423.52077019841,34750.80881092692,35041.90424541016,521415.8915,0.0,0.0,35041.904245410245,35217.62473588409,35423.5207701985,34750.80881092701,-0.005137044503469358,-0.00013499398004050695,-0.005002050523428934,0.019173181166965016,1242.8878879999995,628209227.36,1248.0825060000002,1239.6619620000004,0.0004509966864402,1.0,0.0,0.00017414015632202315,0.0002894232395469726,2.811521223934671e-13,2.924678620267448e-13,1.8340223101843307
2022-08-18,35046.76327452225,35593.951041444045,34747.88993641149,35164.418615234375,632345.8362000001,0.0,0.0,35164.418615234456,35046.76327452233,35593.951041444125,34747.88993641157,0.0034901270767172966,0.00013865377362139663,0.00335147330309586,0.024056859941845404,1241.309036,544240322.78,1250.5579900000002,1236.4165440000004,-0.0012388304256547,1.0,0.0,0.0002850272526624724,0.0002871609323378993,1.569578840575744e-13,2.8383307982804363e-13,1.8250106751413782
2022-08-19,35123.16108222168,35507.499240189674,34740.42473974527,35101.7841158203,523214.55979999993,0.0,0.0,35101.78411582038,35123.16108222176,35507.499240189754,34740.42473974535,-0.0017827778809411637,-0.001173963819174808,-0.0006088140617663443,0.02183993339151341,1236.9428280000002,553777271.0800002,1247.488,1231.3583700000004,-0.0034341228842862,1.0,0.0,0.0002383481635057228,0.0002737819069376129,9.707071429436782e-14,2.8745841015429083e-13,1.8287924724631388
2022-08-22,35038.98955152314,35414.57425324528,34791.940288506354,35185.417857421875,540428.5096,0.0,0.0,35185.417857421955,35038.98955152322,35414.57425324536,34791.940288506434,0.0023797726676836827,-0.0017905300381081243,0.004170302705791832,0.017737678430953842,1228.415078,552389538.1399999,1238.2975219999996,1223.931918,-0.0067423705721127,1.0,0.0,0.000150594408782761,0.0002686203794911279,1.251510528786588e-13,2.8823271661370765e-13,1.8250404727292384
2022-08-23,35023.169891066165,35448.49673790606,34847.52614792909,35249.69034960937,526746.9742,17.85,0.0,35249.69034960945,35023.169891066245,35448.49673790614,34847.52614792917,0.0018250134531717925,-0.004621892004542637,0.006446905457714413,0.017098697967664986,1238.531426,507568073.9799999,1238.531426,1221.6123700000005,0.0079932402354374,1.0,0.0,0.00013012734195162984,0.00026361436343844873,9.828985952361161e-14,2.6743463632389993e-13,1.8271149445402664
2022-08-24,35263.70717025758,35740.76305584208,34992.53010406054,35385.30118847656,564574.9233,24.393852504,0.0,35385.30118847664,35263.70717025766,35740.76305584216,34992.53010406062,0.0038397684358049155,0.00039756475580046723,0.0034422036800043038,0.021157246582150943,1244.720136,506607605.6799999,1247.838856,1240.012818,0.0048577674090832,1.0,0.0,0.00021923742990947922,0.00026246579200846573,1.9220317323616176e-13,2.5806713127221633e-13,1.8274300453888124
2022-08-25,35422.517518210465,35918.17800631243,35162.883840426206,35525.57333925781,648517.8101,0.0,0.0,35525.573339257884,35422.51751821054,35918.178006312504,35162.88384042628,0.003956299641786536,0.001051192759237224,0.0029051068825495436,0.021252428549094114,1256.1424480000005,547846732.62,1256.4348280000002,1246.9519699999996,0.0089027384036968,1.0,0.0,0.00022257267195789933,0.00026014748622854393,1.7172209316396376e-13,2.2775014603790013e-13,1.8297516730800734
2022-08-26,35552.39432257275,35896.00677060477,35088.38642657644,35505.077438867185,739730.5241,0.0,0.0,35505.07743886726,35552.39432257282,35896.00677060484,35088.386426576515,-0.0005771001880155914,0.0007546919381700877,-0.0013317921261857388,0.022755852606700433,1249.9927219999995,598749895.7,1262.2239519999998,1247.53673,-0.0047830899636461,1.0,0.0,0.0002582292551061663,0.0002518914704197803,2.197289153321543e-14,2.276835469891766e-13,1.831347702048502
2022-08-29,35107.82085517909,35707.73104782891,34688.772307453764,35466.385281347655,853208.5019000001,205.38,0.0,35466.38528134773,35107.82085517916,35707.73104782898,34688.77230745384,-0.0010903582896530605,-0.011251790662221513,0.010161432372568592,0.02895115133453731,1238.52168,773829768.5800002,1239.262376,1217.4410820000005,-0.0089850850037247,1.0,0.0,0.0003791978703913584,0.0002519085263582444,3.603272670430145e-14,1.8840970577357624e-13,1.8280901493908335
2022-08-30,35549.72170647606,35919.751303945704,35143.24356446323,35533.91613623047,553241.8581,0.0,0.0,35533.916136230546,35549.721706476135,35919.75130394578,35143.2435644633,0.0019022701002281775,0.0023469735787148473,-0.000444703478486585,0.02185493724714569,1246.893494,461736242.0,1254.9436899999998,1238.726346,0.0065656642542749,1.0,0.0,0.00023874274700819617,0.00024719993742730996,9.676405896921228e-14,1.8668660416208763e-13,1.8259852730358723
2022-08-31,35516.14717772963,36080.60170771037,35139.04230812444,35763.3211790039,665117.4294,0.0,0.0,35763.32117900397,35516.147177729705,36080.60170771044,35139.04230812451,0.006435195614395545,-0.0005001813662790864,0.006935376980674766,0.026442543321341827,1247.9850460000002,450674629.46,1252.6436339999998,1242.6052539999996,0.0008528083672398,1.0,0.0,0.00033102350084988176,0.00025117214720915207,2.7053632193641344e-13,1.9021751330506693e-13,1.8275483779454795
2022-09-01,35763.3211790039,35763.3211790039,35763.3211790039,35763.3211790039,0.0,0.0,0.0,35763.32117900397,35763.32117900397,35763.32117900397,35763.32117900397,0.0,0.0,0.0,0.0,1247.9850460000002,450674629.46,1252.6436339999998,1242.6052539999996,0.0,1.0,0.0,0.0,0.00023372212743883857,0.0,1.8760342293044824e-13,1.8327580135523807
2022-09-02,35763.3211790039,35763.3211790039,35763.3211790039,35763.3211790039,0.0,0.0,0.0,35763.32117900397,35763.32117900397,35763.32117900397,35763.32117900397,0.0,0.0,0.0,0.0,1247.9850460000002,450674629.46,1252.6436339999998,1242.6052539999996,0.0,1.0,0.0,0.0,0.00021918820129976369,0.0,1.8075974867649452e-13,1.8295394142712276
2022-09-05,35710.89225174022,36107.71091823191,35329.69900204655,35736.49610683593,432895.0593,0.0,0.0,35736.496106836006,35710.89225174029,36107.710918231984,35329.699002046626,-0.0007503536217256617,-0.0014670727847340625,0.0007167191630082649,0.021782499651818058,1244.90531,454325675.9799999,1253.0432200000005,1242.9561099999996,-0.0024080579600126,1.0,0.0,0.00023704021139700653,0.00021627675047967667,4.8503310927942755e-14,1.7051832488665988e-13,1.8282714738480532
2022-09-06,35799.82283701796,36077.39783756938,35476.60207812308,35637.44420185547,551579.3744,0.0,0.0,35637.44420185554,35799.82283701803,36077.39783756945,35476.60207812316,-0.0027755779810390902,0.0017704782034894592,-0.004546056184528607,0.01679318778395916,1244.9540400000003,524322714.96,1254.2322320000003,1244.9540400000003,3.8148546829546645e-05,1.0,0.0,0.00013302217656474284,0.0002116300246721691,1.4120135530644236e-13,1.7145485746651565e-13,1.8266898556473592
2022-09-07,35634.02257783202,35876.04639869077,34862.81006686384,35050.63827294921,769535.2163000001,0.0,0.0,35050.63827294928,35634.02257783209,35876.04639869084,34862.810066863916,-0.016603064853254978,-9.601665801713177e-05,-0.016507048195237902,0.028649194654167404,1211.593482,776360122.5599997,1242.683222,1211.593482,-0.0264722733751841,1.0,0.0,0.00030512966978480657,0.00021608988031242586,6.155507065480396e-13,1.753171528846758e-13,1.8235671903471964
2022-09-08,35165.06684776069,35561.73518281609,34736.17152401933,35153.698743945315,518872.9837,0.0,0.0,35153.69874394539,35165.06684776076,35561.73518281616,34736.1715240194,0.0029360164744443853,0.003259347062481644,-0.0003233305880373133,0.023488654316305004,1203.2411599999998,543612193.08,1219.5754559999996,1203.2411599999998,-0.0067418326208498,1.0,0.0,0.0002758180565518437,0.00021464538064417697,1.609631278651715e-13,1.6570347304786958e-13,1.807640631038197
2022-09-09,35231.371188984434,35823.83283253281,34930.02318099839,35632.67725351562,583647.7563,0.0,0.0,35632.6772535157,35231.371188984514,35823.83283253289,34930.02318099847,0.01353327708027483,0.002207072512473811,0.011326204567800988,0.02526667103142666,1217.060988,528271989.08,1217.060988,1197.335084,0.0111299746274638,1.0,0.0,0.0002696473677782362,0.00021501270079575955,6.507343004100159e-13,1.8680329542947122e-13,1.8171861532436235
2022-09-12,35773.8507527698,36262.58792182796,35542.23833722036,35836.007057226554,534583.3758,0.0,0.0,35836.00705722663,35773.850752769875,36262.58792182803,35542.238337220435,0.005690054441818516,0.003954083390705179,0.001735971051113371,0.020064772506536727,1217.879652,380800000.24,1225.85188,1217.246162,0.0006553506490933,1.0,0.0,0.00020013341292493544,0.00021128656466619654,2.9701703547868086e-13,1.869034297244182e-13,1.8313883831644127
2022-09-13,35847.708989697545,36129.82996673008,35390.84408143953,35762.988090625004,406817.6172999999,0.0,0.0,35762.98809062508,35847.70898969762,36129.829966730154,35390.8440814396,-0.002039665270872398,0.00032648788930756225,-0.0023661531601798305,0.02066569407759228,1216.6906400000005,400275432.0400001,1220.54031,1212.275702,-0.0009519636308235,1.0,0.0,0.0002113727170402852,0.00021297022052447234,1.4019268430088029e-13,1.8010077097640605e-13,1.832236535703121
2022-09-14,35348.85253364116,35862.81761086481,35054.930148971886,35503.985701757825,569757.2471999999,0.0,0.0,35503.985701757905,35348.85253364124,35862.81761086489,35054.930148971966,-0.0072685429274929915,-0.011647574731495974,0.00437903180400291,0.02278477357409329,1209.254442,559749717.34,1210.6188820000002,1197.3058460000002,-0.0059748601261786,1.0,0.0,0.0002521654038235781,0.00021687148289955006,3.593191731895533e-13,1.8400912351621036e-13,1.826658804230199
2022-09-15,35574.465621824456,35957.96220564837,35313.27247792931,35641.15809482422,462594.5277,0.0,0.0,35641.1580948243,35574.465621824536,35957.96220564845,35313.27247792939,0.0038561328496369675,0.0019831592234641634,0.0018729736261727647,0.018091655485623574,1214.020236,375930021.5,1219.156378,1211.8663700000002,0.0038334480716619,1.0,0.0,0.00016229886681867246,0.00021073506360736008,2.3388355662042317e-13,1.8785540714435278e-13,1.8189017985637062
2022-09-16,35583.35478553195,35990.706455377775,34991.52239971057,35312.57386865235,678946.8306,0.0,0.0,35312.57386865243,35583.35478553203,35990.706455377855,34991.52239971065,-0.009261995557672355,-0.0016231300052511192,-0.00763886555242125,0.02815493611236645,1202.6856380000002,579353893.8,1214.517282,1199.118602,-0.0091420146150334,1.0,0.0,0.0003738090620728815,0.00021750810853571803,3.8631309460115387e-13,2.023175261596921e-13,1.8251473578698523
2022-09-19,35133.737840724745,35457.68175631808,34534.146947000394,34780.60300771485,658101.4591999999,25.56,0.0,34780.60300771493,35133.737840724825,35457.68175631816,34534.146947000474,-0.015179254212138994,-0.0050772398941267335,-0.010102014318012177,0.026391321085512683,1174.8120780000002,625502178.4,1202.1301160000005,1171.5374219999997,-0.0228532848898532,1.0,0.0,0.00030882930695636256,0.0002254198534443981,6.631632835909439e-13,2.2921813769530635e-13,1.814813235376345
2022-09-20,34980.65102408861,35394.87644536717,34342.089693760776,35048.09005458983,442006.0229999999,141.75,0.0,35048.09005458991,34980.65102408869,35394.87644536725,34342.08969376085,0.007661273424765753,0.00573523419258084,0.00192603923218475,0.0301953698146027,1187.969178,402240225.64,1187.969178,1169.2373660000003,0.0108541932668238,1.0,0.0,0.0004544471710804843,0.00024163584490084086,4.945479646844487e-13,2.4903104295334823e-13,1.8030303954320441
2022-09-21,34868.07699355843,35268.71860708747,34622.02628815066,35023.39470947265,312468.31389999995,0.0,0.0,35023.394709472734,34868.07699355851,35268.71860708755,34622.02628815074,-0.0007048615060114659,-0.005149408682036718,0.004444547176025252,0.01850633518469444,1179.8020299999998,317259101.5,1186.361088,1174.081128,-0.0067233979207087,1.0,0.0,0.00016361136232911832,0.0002388545415218228,6.440796400512811e-14,2.426412824917965e-13,1.817679730997991
2022-09-22,34696.6961626189,35233.09165183676,34401.799402798824,35050.36728759765,518620.2624999999,0.0,0.0,35050.36728759773,34696.69616261898,35233.09165183684,34401.7994027989,0.0007698339203829182,-0.009371787498718163,0.010141621419101004,0.023876873496424537,1183.84662,424908154.66,1183.84662,1166.2453440000002,0.0033354037296252,1.0,0.0,0.00024532120899622945,0.00023999196837373927,4.235015353538753e-14,2.361726855103677e-13,1.8161866058252283
2022-09-23,35020.45787861806,35241.29197275972,34581.8095795229,34875.068642480466,359709.06740000006,0.0,0.0,34875.06864248055,35020.457878618145,35241.291972759806,34581.80957952299,-0.005013884004351255,-0.000853690839949532,-0.004160193164401674,0.01889065338516685,1172.7166879999995,431950516.7999999,1185.688614,1170.93317,-0.0092060436867419,1.0,0.0,0.0001717427161246327,0.0002356676414246626,3.9967577506352454e-13,2.550578296868832e-13,1.8175438442537164
2022-09-26,34386.561878292065,34628.68242309712,33613.01809458866,34004.50063789062,734689.1147,0.0,0.0,34004.5006378907,34386.56187829215,34628.682423097205,33613.01809458874,-0.025279320824294484,-0.014106363397194554,-0.011172957427099938,0.029768875198450617,1144.52151,684065989.86,1160.0371419999997,1129.6783519999997,-0.0237182148234719,1.0,0.0,0.0003948699173468703,0.0002364512437724382,1.0118715720029089e-12,3.0384977195181353e-13,1.8126155382432252
2022-09-27,33923.84006705665,34444.44610814459,33433.786478929986,33944.434148339846,424806.3857,0.0,0.0,33944.434148339926,33923.84006705673,34444.44610814468,33433.786478930066,-0.0017679896053116745,-0.0023748735184023957,0.0006068839130906938,0.029780808529234832,1136.909884,404591350.68,1150.75895,1136.8124239999995,-0.006503213941911,1.0,0.0,0.0004433060029914812,0.0002466794065716024,1.2260836397065449e-13,3.051419872018857e-13,1.7895633472024883
2022-09-28,33797.47329329283,34062.119128028506,32956.85269016162,33467.73416923829,507116.6303,0.0,0.0,33467.73416923837,33797.47329329291,34062.119128028586,32956.8526901617,-0.014143082385149164,-0.004338852894754945,-0.009804229490394143,0.032986679085922926,1114.5720519999998,484113058.0,1133.06996,1113.7631339999998,-0.0193394093719024,1.0,0.0,0.0005069287581721397,0.00025547466943771533,8.333163586793273e-13,3.3328098903903136e-13,1.798718477157296
2022-09-29,33793.952282120845,33962.05171333112,32880.17690444184,33123.62395351562,505164.8475,0.0,0.0,33123.62395351571,33793.95228212093,33962.05171333121,32880.17690444193,-0.010335073150414367,0.009700044347228718,-0.020035117497643178,0.03237382472618426,1097.4678219999998,405427070.18,1130.038954,1097.4678219999998,-0.015072164827553,1.0,0.0,0.0003689714152071126,0.000273923240198071,6.176502012932646e-13,3.6416349910369456e-13,1.788803502114261
2022-09-30,32636.03507886556,33697.48533645965,32022.705244700628,33522.83897382813,679241.0717,0.0,0.0,33522.83897382821,32636.03507886564,33697.48533645973,32022.705244700704,0.011980224533152718,-0.0148296939997466,0.026809918532899487,0.050978025385113895,1103.354406,596890943.6599998,1106.6290620000002,1071.5142240000002,0.0052135773391437,1.0,0.0,0.0010217220691788444,0.00032500934365701324,5.261386767435041e-13,3.904704329408698e-13,1.7863126159874998
2022-10-03,33206.84492900104,33546.44542875449,32211.153254874665,32513.48085312501,461690.97529999993,0.0,0.0,32513.480853125086,33206.84492900112,33546.44542875457,32211.153254874745,-0.030572168138145735,-0.00947093971866977,-0.021101228419476,0.04061814238086236,1058.844424,489163337.7400001,1097.847916,1052.431556,-0.0401309601630024,1.0,0.0,0.0006529146069088898,0.00034580306343260736,2.03662648386634e-12,4.898765915877897e-13,1.8055616017199192
2022-10-04,32515.013870272214,33057.20910776308,31938.279626412062,32473.23774374999,566163.1741000001,0.0,0.0,32473.237743750065,32515.013870272294,33057.20910776316,31938.27962641214,-0.001238502739881217,4.7149089149802014e-05,-0.0012856518290308711,0.03443439115736509,1050.7552440000002,500810392.5,1072.469332,1042.5686040000005,-0.0074741701814575,1.0,0.0,0.000592225140998093,0.00036876321165427487,6.736429393556136e-14,4.861847385192456e-13,1.7733994845942203
2022-10-05,32699.92513843656,33211.66614077959,32396.63802398432,32971.24505800781,421496.2819,0.0,0.0,32971.24505800789,32699.92513843664,33211.66614077967,32396.6380239844,0.015219523658773037,0.006956492483423091,0.008263031175350044,0.024846551259516094,1076.211796,386762310.6600001,1082.010666,1064.341168,0.0233300656225077,1.0,0.0,0.000282300270347239,0.00036762174168239654,1.0951458577783354e-12,5.101644960807604e-13,1.785028549527354
2022-10-06,32897.17278385324,33204.155027390065,31935.90680416608,32364.621400781256,453148.8657,8.040000000000001,0.0,32364.621400781332,32897.17278385332,33204.155027390145,31935.906804166156,-0.018569925600018012,-0.0022490992741506792,-0.016320826325867302,0.038944037600494946,1047.2271919999998,487255948.0799999,1078.852962,1045.3267219999998,-0.0266079221587765,1.0,0.0,0.0006554220459515261,0.0003866019411523806,1.2661895808189824e-12,5.65425818728451e-13,1.8051779937423316
2022-10-07,31965.941268716782,32441.98655100199,31181.09113918656,31850.121095605467,687931.6006999998,17.485,0.0,31850.121095605544,31965.94126871686,32441.98655100207,31181.091139186636,-0.016024710060700834,-0.012394893491434586,-0.0036298165692661526,0.03964160721294982,1009.597886,768635930.2599998,1035.2493579999998,996.411548,-0.035664300676864,1.0,0.0,0.0007806388634638134,0.00041215151593665953,7.313644273839929e-13,5.694573250771498e-13,1.783338237403882
2022-10-10,31430.464735459434,32437.58064707346,31159.80096030548,32095.85860429688,499233.1489,0.0,0.0,32095.85860429695,31430.464735459504,32437.580647073533,31159.80096030555,0.007685822299526331,-0.013263547005373879,0.020949369304900264,0.040188813837200084,1016.0010080000002,528112447.06000006,1024.324092,987.211324,0.0061616379293419,1.0,0.0,0.0006380350260984306,0.0004340465965953342,4.796648853477332e-13,5.785897175706024e-13,1.7748967015617243
2022-10-11,31898.93886458878,32328.30639479996,31045.35028838697,31425.23103671876,441061.45090000005,0.0,0.0,31425.231036718833,31898.93886458885,32328.306394800034,31045.35028838704,-0.02111589991723277,-0.006154261565725561,-0.014961638351507213,0.0404941574227432,980.64252,566153326.6399999,1010.153408,973.2745439999998,-0.0345219213576347,1.0,0.0,0.000733416159614868,0.00046014876872406337,1.5234633605501382e-12,6.477532513830654e-13,1.791768588687292
2022-10-12,31596.668107778485,32383.39886156813,31137.768883300545,31967.93835986328,453218.4807,0.0,0.0,31967.938359863354,31596.668107778554,32383.398861568203,31137.768883300614,0.017122367828764667,0.0054405689533904115,0.011681798875374285,0.039224394766676586,1008.525826,519291732.3,1013.038224,977.416594,0.0273248367229517,1.0,0.0,0.0007165611345487123,0.0004833685552603201,1.1817934612483703e-12,6.888769657860061e-13,1.7712926174043098
2022-10-13,32073.19169639379,32575.558627795926,31717.40501368766,32343.344546191405,324061.93690000003,51.5,0.0,32343.34454619148,32073.19169639387,32575.558627796006,31717.405013687738,0.011674792769412854,0.00328705727733613,0.008387735492076623,0.026696687569128304,1024.294854,392416550.02,1024.294854,999.003984,0.0151206676657806,1.0,0.0,0.000329179168887766,0.0004917125703637747,1.1138744181561684e-12,7.328765088627934e-13,1.798330704617685
2022-10-14,32555.259913347083,32869.8271249222,32050.65528356669,32548.41539228516,527172.2853999998,0.0,0.0,32548.415392285242,32555.25991334717,32869.82712492229,32050.655283566775,0.006320418153651863,0.006530683428385142,-0.00021026527473335193,0.025237499482119154,1034.87901,493443780.94,1040.9897519999995,1028.485634,0.0100189784472475,1.0,0.0,0.00031844861140733696,0.0004889445478304975,3.68352304688444e-13,7.319784693671579e-13,1.8069726433506972
2022-10-17,32492.82713311406,33062.111029061256,31926.16948509338,32661.30649404297,392262.43160000007,0.0,0.0,32661.306494043052,32492.827133114148,33062.11102906134,31926.169485093465,0.003462404416785771,-0.0017093238243147861,0.0051717282411005506,0.03496191131913005,1024.869868,424655733.25999993,1027.2771300000002,1007.3368139999998,-0.0094720154304706,1.0,0.0,0.0006008354939553816,0.0005035448571804486,2.7025113330424906e-13,7.123328618528231e-13,1.8090137226321907
2022-10-18,33033.890383400925,33304.25283471341,32481.258709889767,32895.91996406251,430471.4236999999,0.0,0.0,32895.919964062596,33033.89038340101,33304.252834713494,32481.258709889855,0.0071575472089884275,0.011342926175441153,-0.004185378966452704,0.02502183366008505,1036.643036,454586478.94,1044.517804,1030.8441660000003,0.0111318772296601,1.0,0.0,0.0003062792081380264,0.0004961364590333256,5.054496011499777e-13,7.128779436760996e-13,1.8092727599790805
2022-10-19,32925.613379849776,33225.961450650284,32666.875375103864,32998.62649462891,312177.7859,0.0,0.0,32998.626494628996,32925.61337984986,33225.96145065037,32666.87537510395,0.0031173023947376403,0.00090224023334191,0.002215062161395859,0.016969962731381398,1033.144222,336644967.56000006,1038.913854,1025.561834,-0.0032949737797717,1.0,0.0,0.00014209446412305533,0.0004950606141230225,3.026084656606423e-13,7.247879687588754e-13,1.8142800458691895
2022-10-20,32989.75376187806,33360.44327806011,32633.595211692813,33001.203744824226,493886.1507,0.0,0.0,33001.20374482431,32989.75376187815,33360.4432780602,32633.5952116929,7.809869168683416e-05,-0.00026891803586710956,0.0003470167275540766,0.022028579404623473,1031.56537,343548449.20000005,1038.2218879999998,1021.585466,-0.0014905238635847,1.0,0.0,0.00024258263749060325,0.0004949236855477412,4.7916725198302375e-15,7.229100447080975e-13,1.81388975637614
2022-10-21,32850.47141940974,33128.986343443474,31866.735316605947,32283.787790234368,625660.6226000001,0.0,0.0,32283.78779023445,32850.47141940983,33128.98634344356,31866.73531660603,-0.021978859694437386,-0.004577942422479271,-0.017400917271958083,0.038845933835668936,993.916572,625892895.54,1032.189114,987.9422740000005,-0.0362350750960426,1.0,0.0,0.0006375364757578242,0.0005182133735294008,1.0881326712491057e-12,7.573328895173765e-13,1.8116449148928222
2022-10-24,32368.972186455398,32868.70129371674,31108.53606597177,31481.273667285164,543732.0579000001,0.0,0.0,31481.273667285248,32368.972186455485,32868.701293716826,31108.536065971854,-0.025172295921233573,0.0026351371710888276,-0.02780743309232235,0.05503862341334141,961.10179,533252097.62,997.512846,952.583786,-0.0327201944072005,1.0,0.0,0.001215921630519085,0.0005592659591880114,1.4705696362053085e-12,7.802677927274965e-13,1.788799530464761
2022-10-25,31425.607688375847,32392.010623900103,30987.54042422275,31747.34061044922,592311.5463,0.0,0.0,31747.340610449308,31425.60768837593,32392.01062390019,30987.540424222832,0.008416079228377747,-0.001769790275380068,0.010185869503757822,0.044326604815275165,972.35842,653249332.78,985.7006939999995,938.00377,0.0113483954803724,1.0,0.0,0.0009423451587948932,0.000584217916978182,4.4756103044763587e-13,7.965154260513457e-13,1.7720131372180141
2022-10-26,31959.645669073238,32320.51907386986,31354.193864663648,31699.170283886728,342213.48250000004,124.0,0.0,31699.170283886815,31959.64566907332,32320.519073869946,31354.19386466373,-0.0015184549989916364,0.006665072606981044,-0.008183527605972596,0.030354260258690226,968.128656,343426429.2799999,979.03443,959.698366,-0.0042487626680785,1.0,0.0,0.0004348203766314295,0.0005806124979011465,1.399770752756785e-13,7.618484618811632e-13,1.792930842653405
2022-10-27,31650.92566069457,32527.927755282763,31323.317485610787,32389.1029711914,485261.99970000016,0.0,0.0,32389.102971191493,31650.925660694662,32527.927755282857,31323.317485610878,0.021531531646865405,-0.0015231115849018795,0.023054643231767254,0.03773624809573902,1001.898546,557791648.4799999,1001.898546,965.321808,0.0334161467335339,1.0,0.0,0.0005066903545834485,0.0005874984448699632,1.3699342406030512e-12,7.994626638466525e-13,1.7923658190245035
2022-10-28,32656.648364675195,33070.45599628353,32162.658819976976,32444.876236425785,396728.7650000001,0.0,0.0,32444.87623642588,32656.64836467529,33070.45599628362,32162.65881997707,0.001720495322789708,0.008226422074004404,-0.0065059267512147705,0.027834200074896964,1001.2650559999998,502580363.5600001,1018.037922,1000.4561379999998,-0.000616424313986,1.0,0.0,0.0003710206334607968,0.0005549633730840609,1.3366376318473488e-13,7.79838918168714e-13,1.8159915010855823
2022-10-31,32513.5338009956,32757.6658914104,31689.845782572807,32238.908301269526,491653.6498000001,0.0,0.0,32238.90830126962,32513.533800995694,32757.665891410496,31689.8457825729,-0.006368478058505894,0.002113893800568439,-0.008482371859074307,0.033140700457842495,1001.830324,566732726.34,1004.1498719999998,979.4729999999996,0.0005500588867856,1.0,0.0,0.0005213588898602361,0.0005483855872316283,4.017871679565055e-13,6.980969523732223e-13,1.810442636301394
2022-11-01,32529.64257052081,32885.89425098289,31909.30410413888,32315.47747236329,332798.4749,0.0,0.0,32315.477472363382,32529.642570520904,32885.89425098299,31909.30410413897,0.0023722387281357774,0.008977697295290642,-0.006605458567154962,0.030146187691209466,1007.4927500000002,561217562.4,1017.0243379999996,1001.2942940000004,0.0054930091231563,1.0,0.0,0.0004375414885754274,0.000540651404610495,2.205801801968145e-13,7.057577466862849e-13,1.8017970504730982
2022-11-02,32290.69867806003,32568.97395290861,31666.94333006086,32032.508809863284,460860.3308000001,0.0,0.0,32032.508809863375,32290.698678060126,32568.973952908706,31666.943330060953,-0.008795006739634303,-0.0007670720353592567,-0.008027934704274993,0.028086776331396397,997.200974,475942888.7400001,1008.447858,992.7665440000002,-0.0100069680390991,1.0,0.0,0.0003695377054894984,0.000545013276367608,5.957662475276163e-13,6.80788766173749e-13,1.80595402108378
2022-11-03,31893.869349926703,32304.316539733107,31586.614259583588,31883.663287402345,354835.2534000001,0.0,0.0,31883.663287402433,31893.869349926787,32304.316539733194,31586.61425958367,-0.00465753147121706,-0.004337479497130464,-0.0003200519740865505,0.02246742883170178,993.906826,394170050.3399999,997.94167,984.97949,-0.0032248174307561,1.0,0.0,0.00025235310976070023,0.0005248598295580667,4.116809992382137e-13,6.380633370947105e-13,1.7966582317562239
2022-11-04,31728.780743937525,31996.856477451947,30882.23339225733,31308.97302158204,696801.429,0.0,0.0,31308.973021582126,31728.780743937616,31996.85647745204,30882.23339225742,-0.01818902149160509,-0.004869577073516455,-0.013319444418088647,0.035456615474661245,971.82239,677079277.3799999,984.307016,949.854906,-0.0218996561458129,1.0,0.0,0.0005600542351111669,0.0005138305981404344,8.337416185664034e-13,6.43182196653831e-13,1.7955222309007848
2022-11-07,31238.910080157795,31546.4266889789,30308.111257064746,30664.00118505859,543913.4826,0.0,0.0,30664.001185058678,31238.910080157886,31546.42668897899,30308.111257064833,-0.02081536774280697,-0.0022402987040740538,-0.018575069038732957,0.0400449489600248,950.4201739999996,520463786.2599999,970.877028,944.981906,-0.0217032564822878,1.0,0.0,0.0006685145929889821,0.000515354576484962,1.2480311943160932e-12,6.81600512102249e-13,1.7803326836017987
2022-11-08,30374.007820697807,31054.26317700972,29904.340319612988,30598.22627070312,470464.2599000001,0.0,0.0,30598.226270703206,30374.007820697894,31054.263177009812,29904.340319613075,-0.002147324456231689,-0.009502129936774099,0.007354805480542385,0.03773246828859457,956.71609,528698571.5,956.920756,932.662962,0.0064348018964389,1.0,0.0,0.0006909736974792112,0.000513232453378179,1.491676960223186e-13,6.128857288758581e-13,1.767971477975216
2022-11-09,30723.24752760567,31372.90294046948,30348.411970501693,30909.28162197265,292029.6048,0.0,0.0,30909.281621972743,30723.247527605763,31372.90294046958,30348.411970501787,0.010114472646849016,0.004077574212812893,0.00603689843403628,0.03320036440225663,960.556014,454481709.44,969.5223339999998,953.090578,0.0039038746002392,1.0,0.0,0.0005370539313993473,0.0005042570932207108,1.1205402265421944e-12,6.098230671405493e-13,1.7770678338499408
2022-11-10,30507.124573982204,30824.76752092874,29641.740953638146,30079.787929296883,522762.8548,0.0,0.0,30079.787929296974,30507.1245739823,30824.767520928835,29641.740953638237,-0.027203066081502775,-0.01309626599100043,-0.014106800090502344,0.0391349717914199,923.180104,621426888.5,951.511726,912.011188,-0.038679879633202,1.0,0.0,0.0006888997319680677,0.000522243121374726,1.7299691776322647e-12,6.40627805114354e-13,1.792207998646992
2022-11-11,30444.12203275751,30775.423453166237,29580.898720170386,30144.33981748047,469509.1414000001,0.0,0.0,30144.33981748056,30444.122032757597,30775.423453166324,29580.89872017047,0.0021437226347533114,0.012039489996931978,-0.009895767362178856,0.0395875921059462,930.2849379999998,629853669.94,942.1458199999998,925.372954,0.0074718486459523,1.0,0.0,0.0007457603809931118,0.0005436087098540147,1.5146725822367967e-13,6.297835527911159e-13,1.7636770414078722
2022-11-14,29855.56828183701,30281.57809564238,28877.09039677361,29716.05388183593,462479.7384,0.0,0.0,29716.05388183602,29855.5682818371,30281.578095642468,28877.090396773692,-0.01430973695437286,-0.009625806921807919,-0.004683930032564992,0.047490983061109854,917.1375839999996,584086843.78,921.279634,900.072338,-0.0138718970651705,1.0,0.0,0.001119221746595382,0.0005695280224860147,1.0412327094539924e-12,6.683326315986031e-13,1.7773670430897806
2022-11-15,29338.06868392539,29612.20452411748,28088.857518428344,28596.55834716796,532816.6979,246.7,0.0,28596.558347168044,29338.068683925474,29612.204524117562,28088.857518428424,-0.03840106144126577,-0.012801489326488228,-0.025599572114777428,0.05281362324775565,888.73774,574135885.4,905.4618759999996,877.305682,-0.0306563467950668,1.0,0.0,0.0011414859905336944,0.0006112883616057981,2.5202964870220343e-12,7.690749758922059e-13,1.7661587560878402
2022-11-16,27590.918742804697,29295.379659467733,27219.357065874592,28878.426609277343,1047251.0628,0.0,0.0,28878.426609277423,27590.91874280477,29295.37965946781,27219.357065874665,0.009808459179281968,-0.03579968555034986,0.04560814472963188,0.07350143575744199,918.95034,910340821.0599996,921.406332,851.5859879999999,0.0325807781346986,1.0,0.0,0.0018976985216415444,0.0006990685644817225,3.243220313010553e-13,7.701606541742266e-13,1.7355973173530508
2022-11-17,29302.24928330201,30081.504620486856,28730.139881188195,29528.795870410155,431934.07240000006,19.0,0.0,29528.79587041024,29302.249283302095,30081.504620486943,28730.13988118828,0.022271086187521154,0.014569448172411119,0.0077016380151101686,0.04596377665955328,944.640796,574592290.5800002,948.168848,926.7471400000002,0.0268723156852368,1.0,0.0,0.0010334212442549777,0.0007386104948199412,1.7461365257185696e-12,8.572278968341636e-13,1.764069720326983
2022-11-18,29480.385582271378,29873.441329556168,28694.627785223256,29472.79031689453,580680.3644000001,26.6,0.0,29472.790316894614,29480.38558227146,29873.441329556255,28694.62778522334,-0.0018984428709615002,-0.001640771751364474,-0.0002576711195970472,0.040259915760979474,944.7090179999998,812619823.1799998,947.0870419999998,915.860858,7.038311353062038e-05,1.0,0.0,0.0008104047607559825,0.0007472539090698492,1.1092747759995238e-13,8.083676371517058e-13,1.7891465635335297
2022-11-21,29443.19972012473,29865.008054730588,29044.78676808666,29475.93282636719,406496.6789,0.0,0.0,29475.932826367276,29443.199720124812,29865.008054730675,29044.786768086742,0.00010661840691613618,-0.0010045014685942444,0.0011111198755104476,0.02784848590409583,936.24949,509449441.8200001,948.470974,932.468042,-0.0087665002103231,1.0,0.0,0.00038729216943297575,0.0007058224360155437,8.898311998183308e-15,7.352840709413496e-13,1.7811619757283559
2022-11-22,29369.66379330857,29955.616747188364,29047.81003827231,29485.68428515625,672610.3772999998,0.0,0.0,29485.684285156338,29369.663793308653,29955.61674718845,29047.810038272393,0.00033077311497502155,-0.0036117961134576543,0.003942569228432781,0.03077374993685105,927.936152,953872791.9599998,960.2538879999996,924.427592,-0.0086925172500531,1.0,0.0,0.00046750734016350206,0.0006820805450839741,1.6678440063227367e-14,7.137399414221292e-13,1.781562675911692
2022-11-23,29370.412181178268,29907.28959869103,29098.523115233857,29579.669594628904,272496.5073,0.0,0.0,29579.669594628995,29370.41218117836,29907.289598691124,29098.523115233947,0.003182420238637741,-0.003917087890272052,0.007099508128909914,0.027414829134050873,921.9716,476509423.72,934.261306,918.092692,-0.0062847161072828,1.0,0.0,0.0003563160274868943,0.0006781553276267474,3.948237498890804e-13,7.264822751527993e-13,1.7823678929578133
2022-11-24,29427.398212954915,29699.02672095956,28976.33134705865,29358.10005791016,525492.9994,0.0,0.0,29358.100057910247,29427.398212955,29699.026720959646,28976.331347058735,-0.007518797601061444,-0.005161134939928589,-0.002357662661132792,0.02463493863367975,923.638166,469963620.2799999,925.899238,910.578526,0.0017601073585366,1.0,0.0,0.0003012928552503963,0.0006678854526600949,4.873640752195787e-13,6.823537668836256e-13,1.7860474618484439
2022-11-25,29458.24114344648,29973.022589656408,29175.917174432307,29705.709849707026,479536.1786,0.0,0.0,29705.709849707117,29458.241143446572,29973.022589656503,29175.917174432398,0.011770788434350365,0.0034052163142537853,0.00836557212009661,0.0269541154085301,946.784916,540285493.44,946.784916,931.259538,0.0241228569692404,1.0,0.0,0.00033622820891164877,0.0006661458314326373,8.263123448025121e-13,7.169861959645144e-13,1.7778708959165783
2022-11-28,29596.9784953291,30622.90794462181,29406.94985148557,30294.42620410156,557808.3177000001,0.0,0.0,30294.426204101655,29596.97849532919,30622.907944621904,29406.94985148566,0.01962446377104198,-0.0036669999035054326,0.023291463674547302,0.04051731860381944,980.145474,850238213.6599998,980.662012,954.601208,0.0337494794894238,1.0,0.0,0.0006112648446669395,0.0006706411291729726,1.1613151232509712e-12,7.549625937292378e-13,1.7928809825001633
2022-11-29,30384.41665787714,30934.42486035452,29823.958993158038,30573.90534033204,636619.2697999999,0.0,0.0,30573.905340332134,30384.416657877235,30934.424860354615,29823.95899315813,0.009183136556429453,0.002966125110773911,0.0062170114456556545,0.0365575733943038,1005.943136,1073707268.92,1005.943136,973.1965759999996,0.0253199332600583,1.0,0.0,0.0006532973335324698,0.0006814289214208247,4.718026172369161e-13,7.675237155812428e-13,1.8090813944395698
2022-11-30,30733.439340849884,31562.40153106262,30227.133077903494,31324.687741796875,600068.1061999999,0.0,0.0,31324.68774179697,30733.439340849978,31562.40153106272,30227.13307790359,0.02425965390377144,0.0052044126667354015,0.019055241237036016,0.04322661991506136,1021.790132,932215815.52,1021.790132,995.5928839999998,0.0152335585622889,1.0,0.0,0.0007940059950846552,0.0007026523359005825,1.2906167756486156e-12,8.022662419872929e-13,1.8099134940845634
2022-12-01,31387.358455666166,31706.357555254905,30566.132905170285,30924.110275000006,691389.0412000001,0.0,0.0,30924.1102750001,31387.358455666264,31706.357555255003,30566.13290517038,-0.012870384941572353,0.001998682503029207,-0.014869067444601687,0.03662458633486774,1009.958488,1231241905.3,1039.1964879999998,1009.315252,-0.0113510603412013,1.0,0.0,0.0005852746637099571,0.0007192984135980453,6.019658188993709e-13,8.117804829703506e-13,1.8281394902814405
2022-12-02,30871.19130629981,31501.483755943635,30358.478518767097,31176.330283007814,744557.9876999999,0.0,0.0,31176.33028300791,30871.191306299905,31501.483755943733,30358.47851876719,0.008123014671083837,-0.0017127186139431127,0.009835733285026866,0.03695881147901683,1052.577746,988480155.74,1052.577746,1004.627426,0.0402830665232501,1.0,0.0,0.000645606119378423,0.0007235760078114081,3.4994010414362277e-13,7.875904072492116e-13,1.8033636965004671
2022-12-05,31352.91277347109,31847.9118617847,30922.34768549045,31440.81117050782,512544.5877,0.0,0.0,31440.81117050791,31352.91277347118,31847.911861784793,30922.347685490542,0.008447605693375668,0.0056480120739424685,0.0027995936194332703,0.02949266966009416,1065.8907820000002,1083917763.2799995,1071.52397,1055.092214,0.0122494674997084,1.0,0.0,0.00043188111308686453,0.0007117443338163023,5.242135470552928e-13,7.513995248861716e-13,1.8124908744762696
2022-12-06,31265.67989235749,31805.09662064143,30671.118561608662,31170.77362890625,689626.6835,0.0,0.0,31170.77362890634,31265.67989235758,31805.09662064152,30671.11856160875,-0.008625854682266381,-0.0055857609167261355,-0.0030400937655400903,0.0363050997014912,1022.0532739999998,1322470020.5199995,1062.937744,1022.0532739999998,-0.0409305168874507,1.0,0.0,0.0006554599339722019,0.0007099686456409519,4.01273517637942e-13,7.640048159669528e-13,1.8168543314394086
2022-12-07,31043.4429236057,31444.287871553854,30657.651394119228,31157.285655175787,404273.4186000001,0.0,0.0,31157.285655175874,31043.44292360579,31444.287871553945,30657.651394119315,-0.0004328058372406253,-0.004093305040016776,0.00366049920277621,0.02533507206203085,1014.578092,806918413.1799998,1032.8713339999997,1008.633032,-0.0071543090359784,1.0,0.0,0.0003157568817709924,0.0006989037931595341,3.436040756020152e-14,7.096958250178532e-13,1.8031410177114644
2022-12-08,31367.740871914702,31794.14655706782,30816.561438402627,31402.591378027344,491431.8742,0.0,0.0,31402.59137802743,31367.740871914793,31794.14655706791,30816.561438402714,0.007842310174276286,0.006731896753018337,0.001110413421258084,0.03122994780574138,1023.846538,851520105.04,1050.706514,1019.412108,0.0088628145373009,1.0,0.0,0.0004871785120871976,0.0006888177321654906,5.081772349817454e-13,6.486062278853272e-13,1.8040412051256727
2022-12-09,31364.691631059075,31749.46232790812,30982.59219777058,31545.43831074218,396363.59,0.0,0.0,31545.43831074227,31364.69163105916,31749.462327908204,30982.592197770664,0.0045385750316786965,-0.0012076275969682346,0.005746202628646924,0.02445028588725027,1025.094026,707205235.44,1034.255266,1014.9386940000002,0.0011867615648704,1.0,0.0,0.00028615324648535137,0.0006658373754401026,3.629854359101477e-13,6.591821367696507e-13,1.8118042359049316
2022-12-12,31759.781440234998,32185.527858742746,31177.55987189673,31550.786314355468,539486.1236,0.0,0.0,31550.786314355555,31759.78144023508,32185.527858742833,31177.559871896814,0.00016951897384888672,0.006771762247269238,-0.006602243273420372,0.0318183049720121,1005.855422,788239034.6599998,1038.104936,1005.855422,-0.018464767138693,1.0,0.0,0.0004893638426885427,0.0006343444802447606,9.959277857066329e-15,6.076184651898043e-13,1.8129024336655597
2022-12-13,31524.955514359262,32094.24498292699,31057.45662555841,31763.938039257817,399473.3051,0.0,0.0,31763.938039257904,31524.955514359346,32094.244982927077,31057.456625558494,0.006733110894611834,-0.000819040749781647,0.007552151644393274,0.0328378015220783,1020.84477,717138845.94,1020.84477,1000.23198,0.0144164242846508,1.0,0.0,0.0005171283076553356,0.0006031265961008427,5.306322781389366e-13,5.081352547456494e-13,1.8100040520236185
2022-12-14,32049.710762648378,32235.46209527479,31483.315060149624,31858.01128037109,428799.7538,96.8,0.0,31858.011280371178,32049.71076264846,32235.462095274877,31483.315060149707,0.002957259583466623,0.008956536387847542,-0.005999276804380971,0.023609428991948206,1023.749078,650896745.84,1035.200628,1019.850678,0.0027688046536589,1.0,0.0,0.00026479932385724503,0.0005214816362116277,2.1647924212594219e-13,5.027431152868938e-13,1.815356293098274
2022-12-15,31773.44193937266,32273.263934023427,31503.851116587517,32062.46759101563,395080.0209000001,14.2,0.0,32062.467591015724,31773.44193937275,32273.263934023522,31503.851116587608,0.006397230168724428,-0.0026581002480038645,0.009055330416728454,0.024129349452184385,1028.5148719999995,648858857.2400002,1035.6197059999995,1022.4138759999998,0.0045264656932849,1.0,0.0,0.000259436997715644,0.00048278242388466105,5.050216135404921e-13,4.4068736967798983e-13,1.8147367920485031
2022-12-16,31920.04061959248,32358.961153538068,31585.644169029336,32134.64796904298,465161.9403,0.0,0.0,32134.647969043075,31920.04061959257,32358.961153538163,31585.644169029427,0.0022487118872518566,-0.0044520669995250246,0.006700778886776684,0.024188269959875986,1025.7470079999998,770165272.5800002,1037.7443339999998,1020.562136,-0.0026263076904354,1.0,0.0,0.0002751914159346614,0.0004560217566435949,1.5043749585766666e-13,4.4266287059087565e-13,1.8184879300060022
2022-12-19,32100.676490451155,32456.05755999036,31618.413014014623,31917.27091748047,526722.7348000001,63.3,0.0,31917.270917480568,32100.676490451253,32456.057559990462,31618.41301401472,-0.00678755265738373,-0.0010577196284090027,-0.0057298330289747585,0.026147458168515946,1012.02464,830675652.6200002,1038.524014,1012.02464,-0.0131261243377744,1.0,0.0,0.0003291623593667676,0.0004531152661402846,4.0374336447570663e-13,4.624051232147516e-13,1.8168375228501752
2022-12-20,31780.200733114205,32171.512622386053,31024.453147640517,31699.132880175777,514016.0343,85.0,0.0,31699.132880175872,31780.200733114296,32171.512622386148,31024.45314764061,-0.006857944782378759,-0.004303793930574011,-0.0025541508518047086,0.03630565505187906,997.1424980000002,929806214.4800004,1012.356004,984.423968,-0.0144382222724356,1.0,0.0,0.0006565302310358532,0.0004625664106839021,4.208912866000887e-13,4.826157655415948e-13,1.8074087700795722
2022-12-21,31822.037750031937,32038.36200497281,31155.74724970152,31677.367231933596,284818.7763,0.0,0.0,31677.36723193369,31822.03775003203,32038.3620049729,31155.74724970161,-0.0006868681312287221,0.003869734200745256,-0.004556602331973887,0.027935266839900788,993.000448,685699711.8400002,1007.580464,979.892078,-0.0040568420142637,1.0,0.0,0.0003821690818214034,0.0004638590634006275,7.612997220618946e-14,4.666810766574503e-13,1.8018255238180956
2022-12-22,31849.032057994875,32076.42556612809,31226.990885493065,31637.01670009765,223665.7704,0.0,0.0,31637.01670009774,31849.032057994966,32076.425566128182,31226.990885493156,-0.0012746088579855405,0.005404532472356577,-0.006679141330341969,0.026838540965770485,996.635706,518207099.96,1006.9372280000002,990.719884,0.0035613811923462,1.0,0.0,0.00034292069030315343,0.00046594045515326537,1.8012827225506982e-13,4.5131928650922476e-13,1.8036865266945696
2022-12-23,31596.64631367284,31877.79910834935,31202.77432254291,31496.351313183597,289211.3426999999,10.0,0.0,31496.35131318369,31596.64631367294,31877.79910834945,31202.77432254301,-0.00445614178710603,-0.001276863935620404,-0.003179277851485573,0.021402803330406617,994.4233640000004,413058285.64,1001.245564,987.4647199999996,-0.002165831675248,1.0,0.0,0.0002251354060988693,0.00046038581501262646,4.891966036789298e-13,4.344634994530457e-13,1.8030911549774675
2022-12-26,31466.0141424891,31666.61322480005,30559.48311128578,30866.988999707028,333633.2386,0.0,0.0,30866.98899970712,31466.01414248919,31666.61322480014,30559.483111285866,-0.020184412110530202,-0.0009636605239539245,-0.01922075158657624,0.03558786503555239,960.1856660000002,552452107.4600002,995.933994,960.1856660000002,-0.0341464439119459,1.0,0.0,0.0004905365263800663,0.0004543493990982827,1.9599840010887952e-12,4.743969433449369e-13,1.7992448614564491
2022-12-27,30560.88322458591,31413.50465545296,30262.73527245249,31060.88904658204,270209.5679,0.0,0.0,31060.889046582128,30560.883224585996,31413.504655453053,30262.735272452577,0.006262145147946473,-0.009966430475828852,0.01622857562377535,0.03732078839978052,979.0539220000002,494322772.68,982.279848,959.386494,0.0189657665037517,1.0,0.0,0.0005946835651078562,0.00045141871067705207,7.461197302198555e-13,4.88112798994084e-13,1.780893486826992
2022-12-28,31104.205687228758,31434.558228839083,30717.013239506083,31366.108137207037,231716.7808,0.0,0.0,31366.108137207128,31104.20568722885,31434.558228839174,30717.01323950617,0.009778510466916652,0.0013936003103579167,0.00838491015655883,0.023091189979435663,989.862236,382308193.74,994.598792,973.5961620000002,0.0107001901457193,1.0,0.0,0.00023944243849209496,0.00042369053284742407,1.3454097891949039e-12,4.908524496713983e-13,1.7955896046435456
2022-12-29,31242.479236052764,31584.94659227282,30972.77908326224,31277.18467783203,179355.4276,37.93388364,0.0,31277.18467783212,31242.479236052855,31584.94659227291,30972.779083262332,-0.002839043578559255,-0.003949268527685403,0.0011102249491261118,0.019571908782248876,983.654034,361869467.3,996.002216,983.654034,-0.0061317291572294,1.0,0.0,0.00019105366047804693,0.0004039794826858286,5.060924759831377e-13,4.860587825255866e-13,1.8053683293619152
2022-12-30,31306.18544562536,31822.66042158141,30800.40644872001,31325.008085644524,211820.62009999997,0.0,0.0,31325.00808564461,31306.18544562545,31822.660421581502,30800.406448720096,0.0015278511823425321,0.0009267883724362396,0.0006010628099062758,0.03265074160725127,981.509914,335631383.56000006,992.133054,981.509914,-0.0021267031519876,1.0,0.0,0.0005328959046764283,0.0003983439719507288,2.3026165814623306e-13,4.800748602257172e-13,1.7991721197874764
2023-11-10,35795.28824113018,36264.49062414456,35421.87388003046,35866.3962399414,736919.8210000001,0.0,0.0,35866.3962399415,35795.288241130285,36264.49062414466,35421.873880030565,0.13538406034933198,0.13339951246536963,0.001984547883962235,0.023509507251268512,1101.569832,945294761.0699998,1115.908398,1101.119877,-0.0110210037148244,1.0,0.0,0.00027482707218072527,0.0003904912699054218,5.122235656325987e-12,7.099759656892519e-13,1.8010495129135382
2023-11-13,35904.35528004512,36209.6981648716,35559.262409758565,35851.53560166015,512406.3633,0.0,0.0,35851.53560166025,35904.35528004522,36209.698164871705,35559.26240975867,-0.0004144190472964419,0.0010577858762576028,-0.0014722049235540882,0.018126319760701698,1099.959993,730117280.9700001,1107.799209,1093.080681,-0.0014623270461504,1.0,0.0,0.00016344448452698107,0.0003658904974331608,2.255887466816169e-14,6.910402335407629e-13,1.9357972050606342
2023-11-14,36036.05090758506,36316.99206461051,35640.593680579725,35939.44315273437,744591.1893999999,0.0,0.0,35939.44315273448,36036.050907585166,36316.992064610626,35640.593680579834,0.0024489872275097095,0.005133451269825691,-0.0026844640423160943,0.018800472531061558,1109.6190269999995,765945497.7899997,1115.4884399999994,1101.559833,0.0087420540564749,1.0,0.0,0.0001739451124100972,0.00035879990896511604,9.151605344613189e-14,6.938980158350593e-13,1.880994939680047
2023-11-15,36193.67121870988,36439.51927784359,35839.57171799237,36101.42259384765,677402.8835999998,0.0,0.0,36101.42259384776,36193.67121870999,36439.519277843705,35839.571717992476,0.004496884161411924,0.0070488879022801085,-0.0025520037408682797,0.01660124194643859,1122.38775,882208370.3399998,1132.636725,1118.6281259999998,0.0114404539818945,1.0,0.0,0.00013528478887557817,0.0003412052228045351,1.8388247624930363e-13,6.776832778984373e-13,1.8672135102091385
2023-11-16,36102.47233329781,36333.39880095922,35771.951139951496,36134.68088613281,598927.9931999999,0.0,0.0,36134.68088613292,36102.47233329792,36333.39880095934,35771.951139951605,0.0009208219445111649,2.90770865280363e-05,0.0008917448579830561,0.015573296811777541,1125.417447,605064387.51,1125.417447,1114.8585030000002,0.0026954256257046,1.0,0.0,0.00012095660208306901,0.00033294539058442094,4.2547772155238325e-14,6.616613947106918e-13,1.861976168276934
2023-11-17,36216.130183622205,36419.9158967194,35654.22711429767,35908.88761953124,764186.8841999999,0.0,0.0,35908.88761953135,36216.130183622314,36419.91589671952,35654.22711429778,-0.006268262680217965,0.00225151123236092,-0.008519773912578844,0.021248052573736673,1101.079881,1175418046.4399998,1129.7270159999998,1096.050384,-0.0218604363246977,1.0,0.0,0.00019770009508743823,0.00031836220320436575,2.2842606398220826e-13,6.725847340169489e-13,1.8551000611110062
2023-11-20,35801.022150532604,36248.57318083504,35471.34150238476,35848.87509492188,485024.4342,260.0,0.0,35848.87509492199,35801.02215053271,36248.57318083515,35471.34150238487,-0.001672642410543124,-0.0030083861685648427,0.0013357437580216395,0.02167493116622863,1103.549634,750808111.6799998,1111.1488739999998,1085.211468,0.0022402921134426,1.0,0.0,0.00023421208973249438,0.00030421639230822367,9.619753731965394e-14,6.508629969759847e-13,1.8436825554300302
2023-11-21,36069.26139628185,36355.04332137528,35757.8131774107,36198.643631054685,427156.7967,107.7,0.0,36198.6436310548,36069.26139628196,36355.04332137539,35757.81317741081,0.009709460926419226,0.006128829304202575,0.003580631622216726,0.016564142043704523,1110.3489539999998,601768317.15,1112.658723,1103.6796210000002,0.0061418002436724,1.0,0.0,0.00013223275063460127,0.0002975880636470915,6.279361697511435e-13,6.714358433572448e-13,1.8408971578066655
2023-11-22,36141.65568775773,36491.00120477904,35895.48846506717,36225.8203336914,799894.4175999998,0.0,0.0,36225.82033369152,36141.65568775784,36491.00120477915,35895.488465067276,0.000750484088511757,-0.0015755520953692804,0.00232603618388103,0.016454069756643507,1113.708618,812150276.85,1115.3584529999998,1103.149674,0.0030209025441884,1.0,0.0,0.00013327818164290614,0.0002912801228434546,2.58994531407657e-14,6.474797353372586e-13,1.8492638331326905
2023-11-23,36268.3152041384,36517.57414146314,35485.90464902832,35612.25223662109,632377.5908000001,0.0,0.0,35612.2522366212,36268.31520413851,36517.57414146326,35485.90464902843,-0.017082390865682324,0.0011723672542327144,-0.018254758119915008,0.028658062545048622,1088.381151,952232067.27,1118.4281459999995,1088.381151,-0.0230018334482486,1.0,0.0,0.00028191501174829183,0.0002916163026341361,7.585299659149691e-13,6.778843588401236e-13,1.84445920385466
2023-11-24,35664.668808431445,36052.75451933783,35135.15549642958,35758.64948603517,678169.6976000001,0.0,0.0,35758.64948603528,35664.66880843156,36052.754519337956,35135.155496429696,0.004102440944499273,0.0014707869108502591,0.002631654033649166,0.025781058796399123,1095.500439,900743616.63,1095.500439,1073.202669,0.0065192191010482,1.0,0.0,0.0003296561749636639,0.0002916409934139809,1.691698052418831e-13,6.661556808784324e-13,1.824394817603988
2023-11-27,35815.738780074054,36092.76715368161,35466.89807108413,35821.37969541015,399224.4102,0.0,0.0,35821.379695410265,35815.73878007417,36092.767153681736,35466.898071084244,0.0017527298089032267,0.001595243984017899,0.000157485824885209,0.01749267663243278,1087.9511939999998,507126682.26,1096.730316,1085.581431,-0.0069143003126848,1.0,0.0,0.00015298728709372332,0.00026646384621687445,1.2256192563241278e-13,6.512392128300486e-13,1.8332856622269595
2023-11-28,35880.94420444889,36065.05864370264,35319.501111063146,35872.65892958985,387377.2785,0.0,0.0,35872.65892958997,35880.944204449006,36065.05864370277,35319.50111106326,0.001430502281855573,0.0016614391138465297,-0.00023093683199107014,0.020889241202453813,1095.320457,593195874.48,1095.320457,1076.342355,0.006750011207598,1.0,0.0,0.00021815959722566982,0.0002582633719870878,1.0294158310290369e-13,6.525797933748844e-13,1.8337895760626282
2023-11-29,35968.215802579405,36330.91105291656,35686.201363280255,36167.14034599609,451268.2272,0.0,0.0,36167.14034599622,35968.21580257952,36330.91105291669,35686.20136328037,0.008175565718508034,0.00266023847007465,0.005515327248433324,0.017904825436118942,1102.68972,562756818.6899999,1105.1694719999998,1095.320457,0.0067047493772558,1.0,0.0,0.00014854076264898835,0.0002485443756043795,5.00920592503028e-13,6.686194093872823e-13,1.8337181611727384
2023-11-30,36185.06006567195,36479.18043676019,35928.77255678653,36127.232171972646,375049.9681,0.0,0.0,36127.23217197276,36185.06006567207,36479.18043676031,35928.772556786644,-0.0011040465996788721,0.0004953469262940506,-0.0015993935259728891,0.015203260385359173,1094.020587,659913602.0399998,1107.3392550000003,1094.020587,-0.0078920839583949,1.0,0.0,0.00011458139915395553,0.00024301667525713377,8.148235670556125e-14,6.482336970386138e-13,1.8403599541480453
2023-12-01,36302.2225631354,36417.99444013922,35893.603247757106,36208.6821953125,311672.24509999994,0.0,0.0,36208.68219531263,36302.222563135525,36417.994440139344,35893.60324775722,0.002251994973036268,0.004832032279778891,-0.0025800373067428307,0.014503908137593731,1102.0497840000005,569276366.67,1102.08978,1089.970992,0.0073116325960383,1.0,0.0,0.0001026102714832393,0.00022362036251229249,1.995522221256005e-13,5.602121080904541e-13,1.8349945230356397
2023-12-04,36300.29071307021,36778.87779238195,36065.62915159063,36552.055604882815,738757.4857000002,0.0,0.0,36552.05560488294,36300.29071307033,36778.877792382074,36065.62915159075,0.009438495789682776,0.0025268201389486277,0.006911675650734084,0.019583396617458736,1120.3779510000002,1037934396.18,1123.847604,1102.0497840000005,0.0164925494576879,1.0,0.0,0.0001733009430604995,0.00020255123140992462,3.495337256956368e-13,5.403828078642431e-13,1.8358756265473701
2023-12-05,36733.4146368652,37015.20187021385,36332.02537516675,36680.6152571289,626438.0542999998,0.0,0.0,36680.61525712902,36733.414636865324,37015.201870213976,36332.02537516687,0.003510995373967589,0.004949395879048614,-0.0014384005050810508,0.01862909555650158,1115.8584029999995,753370555.4100002,1123.9975889999998,1113.4386449999995,-0.0040417035436378,1.0,0.0,0.00017272235913362528,0.00019921522744200114,1.5279724142216854e-13,4.807521804756064e-13,1.843300777690029
2023-12-06,36705.19700420719,37028.8096956975,36365.12763525608,36852.07128740234,520125.1196999999,0.0,0.0,36852.07128740246,36705.197004207315,37028.80969569762,36365.127635256205,0.004663404781099603,0.0006699318911979808,0.003993472889901657,0.018085966647024557,1126.3173570000004,776691123.1199999,1126.3173570000004,1115.8584029999995,0.0093284247765619,1.0,0.0,0.00015739053962996442,0.000197532071399597,2.4329511121222725e-13,4.67612312237061e-13,1.8418502240929424
2023-12-07,36881.45046731301,37107.17978807605,36303.542783195815,36800.7953477539,786067.1222000001,0.0,0.0,36800.79534775402,36881.45046731313,37107.17978807617,36303.54278319594,-0.001392368017023548,0.0007969016199491101,-0.0021892696369727855,0.02189514233314258,1121.3778510000004,1298262860.73,1129.7170170000002,1109.399049,-0.0043947417627156,1.0,0.0,0.0002378471580546791,0.00018277963406850955,4.813236507143114e-14,4.585058475833208e-13,1.843056693468478
2023-12-08,36798.99978148944,37071.71664416967,36531.497058197965,36908.97828115234,778235.5980999998,0.0,0.0,36908.978281152464,36798.99978148956,37071.71664416979,36531.49705819809,0.0029353776507960753,-4.879269736182935e-05,0.0029841703481577964,0.014679502691704432,1124.3275560000002,737531339.4900001,1127.3472540000002,1119.318057,0.0026267129396964,1.0,0.0,0.00010430384302244954,0.00017425347261059576,1.0219293390304583e-13,2.0750371146217376e-13,1.837998980305839
2023-12-11,36915.2321001964,37093.24507561678,36636.95910730759,36913.14861064452,384462.9758,0.0,0.0,36913.148610644654,36915.23210019653,37093.24507561691,36636.959107307724,0.00011298318464168094,0.00016942461088900466,-5.644142624748535e-05,0.012377337036935988,1125.3874500000002,618245569.26,1129.0370850000002,1120.207968,0.0009421531937892,1.0,0.0,7.659800547027231e-05,0.00016991114865776033,7.96119382918462e-15,2.067738274202249e-13,1.8396188849549215
2023-12-12,36947.76199440992,37188.42406376988,36651.487342778346,36909.82416816406,558668.1763,0.0,0.0,36909.82416816419,36947.76199441005,37188.42406377001,36651.48734277848,-9.006525631719844e-05,0.0009372585855143798,-0.0010273238418317457,0.014543521921073882,1127.5172370000005,539130281.58,1129.6570230000002,1123.237665,0.0018905146480288,1.0,0.0,0.00010534932207680283,0.00016648135914109561,4.367786281240008e-15,2.0241641406198027e-13,1.8373577747453957
2023-12-13,37005.38276943619,37269.582105860165,36520.56999418609,36679.34101816406,621853.6117999998,0.0,0.0,36679.34101816419,37005.38276943632,37269.582105860296,36520.56999418622,-0.006264071703186776,0.0025856290868725837,-0.008849700790059378,0.02030183748201417,1114.08858,763900702.2899997,1131.096879,1111.9687919999997,-0.0119802283358246,1.0,0.0,0.00017582880826075902,0.00016850856011035466,2.746294041929895e-13,2.069537604591646e-13,1.8358594521939118
2023-12-14,36811.21956436528,37067.7061376978,36367.44057305265,36592.76349033203,454246.0228999999,28.6,0.0,36592.76349033216,36811.21956436541,37067.70613769793,36367.44057305278,-0.0023631795129850554,0.003588996647061581,-0.005952176160046679,0.019072251441668436,1110.018987,603862307.7299999,1120.247964,1107.7492140000002,-0.0036591670675901,1.0,0.0,0.00016818959598177772,0.0001708702098052901,1.421707880431535e-13,2.1193491125356033e-13,1.8285544931162008
2023-12-15,36632.017013553545,36788.50291318324,36313.54826581986,36476.96200898437,550276.3132,0.0,0.0,36476.96200898449,36632.01701355367,36788.502913183365,36313.54826581998,-0.0031696185391725676,0.0010721377848177192,-0.004241756323990335,0.012994473422918058,1102.18977,684381455.0099999,1112.678721,1102.18977,-0.0070775117745934,1.0,0.0,7.747776974710485e-05,0.00016485909353827343,1.579092310281707e-13,2.0840906960585848e-13,1.8277954546987036
2023-12-18,36491.62083141865,36742.38367829672,36007.54123640905,36209.150792578126,512276.7598000001,152.75,0.0,36209.15079257825,36491.620831418775,36742.38367829684,36007.54123640917,-0.007369012263299903,0.00040178449576161506,-0.0077707967590614855,0.020202562023548813,1091.7708120000002,544243170.24,1103.629626,1091.3408549999997,-0.0094969750201886,1.0,0.0,0.000180745262121887,0.00016218575215774306,3.972704715395344e-13,2.2346271631685251e-13,1.8254863118892004
2023-12-19,36219.14870083979,36574.98503510981,35968.02015299011,36401.24194423828,382419.9820000001,87.10000000000001,0.0,36401.241944238405,36219.14870083991,36574.98503510993,35968.020152990226,0.005291022195335208,0.0002760774005490479,0.005014944794785991,0.016734323175447652,1096.1903699999998,561101484.24,1096.1903699999998,1082.181771,0.004039488534642,1.0,0.0,0.00013030360986498107,0.00016208929511926204,3.800868158523095e-13,2.110702486219108e-13,1.819333852199664
2023-12-20,36385.299638628014,36879.24769823991,36181.65445899616,36674.29169970703,568979.6718,0.0,0.0,36674.29169970716,36385.299638628145,36879.24769824004,36181.654458996294,0.007473117543276488,-0.0004380564186319419,0.007911173961908451,0.01909679236938083,1100.649924,470436351.6599999,1102.159773,1093.270662,0.0040595706314072,1.0,0.0,0.00015816686036247913,0.0001633337290552407,3.5813216476634406e-13,2.276818842031897e-13,1.8277190190641779
2023-12-21,36630.09459990644,36883.306470600975,36400.72073721292,36804.9439359375,492819.8542,0.0,0.0,36804.943935937634,36630.09459990657,36883.30647060111,36400.72073721305,0.0035561712853911984,-0.001205851583708651,0.004762022869099819,0.013170474592846768,1102.3197569999998,451371758.31,1102.3197569999998,1094.3605529999998,0.0015158323338448,1.0,0.0,7.797075665692409e-05,0.0001531365163006723,1.9605969128772045e-13,1.9955837047182726e-13,1.8338506220985895
2023-12-22,36683.44256433444,37264.347821382464,36424.43369596062,37062.89401806641,461738.6711,0.0,0.0,37062.894018066545,36683.442564334575,37264.3478213826,36424.43369596076,0.006984125643775084,-0.003306685262773644,0.010290810906548722,0.022797242242027,1102.949694,496237971.24,1104.539535,1099.210068,0.0005712445008895,1.0,0.0,0.00021894824924781307,0.00014760112001487976,4.081092771185135e-13,2.1150534406565878e-13,1.834051554915364
2023-12-25,36971.74948552559,37774.37399182937,36794.08206328285,37552.53767753906,549278.2182000001,0.0,0.0,37552.5376775392,36971.74948552573,37774.37399182952,36794.082063282985,0.013124649338991405,-0.002462214289810334,0.015586863628801585,0.026293917253178496,1117.548234,550784516.04,1118.1981689999998,1104.159573,0.013147763192029,1.0,0.0,0.00025183470446669547,0.00015254349088352837,6.36291381868999e-13,2.3719181687748813e-13,1.8387519749026566
2023-12-26,37690.3308951389,38116.1713375083,37232.93783416168,37814.39311074219,642778.0403,52.70833249,0.0,37814.39311074233,37690.33089513903,38116.17133750844,37232.937834161814,0.006948843057166897,0.003662629409360014,0.003286213647806744,0.023444841465020034,1122.137775,575231371.11,1122.997689,1117.8182070000005,0.0040979748508782,1.0,0.0,0.00027065862554164844,0.0001551684422993273,2.8588695375855024e-13,2.4633908541027047e-13,1.8482112893341451
2023-12-27,37704.01665042437,38064.25998088887,37367.97615450925,37785.63367919922,522379.0748,0.0,0.0,37785.63367919936,37704.0166504245,38064.25998088901,37367.97615450938,-0.0007608312893907468,-0.002923169046153562,0.0021623377567628723,0.018461698562644534,1121.877801,570680626.23,1126.3573529999996,1121.877801,-0.0002316811046617,1.0,0.0,0.00016861095859765246,0.00015617195209676051,3.854569521023738e-14,2.2322034054563088e-13,1.8485621058931638
2023-12-28,37752.0888723001,38205.326914508245,37488.58134231063,37798.098337792966,520911.7412000001,193.68,0.0,37798.098337793104,37752.08887230023,38205.32691450838,37488.58134231076,0.0003298238489716406,-0.0008881604573490973,0.001217984306320618,0.018938564845140286,1128.817107,608405153.4,1130.4669419999998,1120.38795,0.0061657704303344,1.0,0.0,0.0001787615570088679,0.0001593809599895061,1.6751278477588034e-14,2.1998378663423223e-13,1.8426565183103367
2023-12-29,37937.02567996959,38137.825509849616,37472.802769479895,37855.88017597656,515203.8611,6.3,0.0,37855.8801759767,37937.02567996973,38137.825509849754,37472.802769480026,0.0015275296964983845,0.0036687732358631417,-0.002141243539364596,0.017591174803277418,1129.817007,616423251.51,1134.936495,1129.817007,0.0008853138887064,1.0,0.0,0.00015295358523297877,0.00016189812567699312,7.832081619214714e-14,2.139222163375596e-13,1.8410700674983644
2024-01-01,32830.21013857421,32830.21013857421,32830.21013857421,32830.21013857421,0.0,0.0,0.0,32830.21013857433,32830.21013857433,32830.21013857433,32830.21013857433,-0.1424371902300635,-0.1424371902300635,0.0,0.0,970.4968769999998,529498880.61,974.8944449999996,970.4968769999998,0.0,1.0,0.0,0.0,0.00015323307852396813,14243719.023006348,712185.9511503174,1.8411386379184478
2024-01-02,32848.14811260476,33114.010349151344,32378.31084971378,32726.68957304687,455014.1938999999,0.0,0.0,32726.689573046984,32848.148112604875,33114.01034915146,32378.310849713896,-0.0031581924107790633,0.0005462369935607733,-0.0037044294043397383,0.02246768579721076,972.034308,667654921.08,978.896919,969.431841,0.001359566087607,1.0,0.0,0.00024709741335940735,0.00015695183123525723,2.120857865267794e-13,712185.9511503174,1.6970704596085344
2024-01-03,32836.67115217798,33122.56489077148,32590.750933562795,32865.693503125,408891.33,117.8,0.0,32865.69350312512,32836.671152178096,33122.564890771595,32590.75093356291,0.0042384231720384545,0.0033549739084721333,0.000883449263566147,0.016186234448840955,982.727613,564785241.09,982.727613,969.1140479999998,0.0093971252284828,1.0,0.0,0.00013069559678859018,0.0001556170840931885,3.153941346052705e-13,712185.9511503174,1.7499383723895452
2024-01-04,32956.852294994,33360.3788058993,32521.156088580785,32884.08944394532,646813.1900000001,0.0,0.0,32884.089443945435,32956.85229499412,33360.37880589942,32521.1560885809,0.0005595742062035719,0.0027698366583813906,-0.0022102624521777308,0.025478098391901297,988.3534080000002,980527884.21,996.392712,982.727613,0.0049029019050947,1.0,0.0,0.00032267960040156796,0.00015985870621053295,2.6308312923156483e-14,712185.9511503174,1.7718192757677969
2024-01-05,32897.789875675735,33030.33739504838,32475.94510687867,32813.3488368164,432915.2023,0.0,0.0,32813.34883681652,32897.78987567585,33030.3373950485,32475.945106878786,-0.0021535279401906195,0.00041654121378747447,-0.0025700691539781786,0.01692678942525894,991.754652,653006725.1399999,992.7509759999998,986.9448120000002,0.0029506787066419,1.0,0.0,0.00014070652718703086,0.00016167884041876201,1.5159927292680772e-13,712185.9511503174,1.7795630209134394
2024-01-08,32755.361209039093,33155.23645601796,32508.87042408704,32828.551666308595,460069.2532,0.0,0.0,32828.55166630871,32755.36120903921,33155.23645601808,32508.870424087156,0.0004632050457861398,-0.001768759606668085,0.0022319646524540356,0.019687678410101727,996.4871910000002,699497264.3399999,998.5227839999998,992.441772,0.0040888239405857,1.0,0.0,0.00019187795102396395,0.00016744283769644662,3.0668910541645085e-14,712185.9511503174,1.7822940547339297
2024-01-09,32825.727138484035,32983.49375142132,32561.086070523124,32801.58220429688,504782.5179999999,0.0,0.0,32801.582204297,32825.72713848416,32983.49375142145,32561.086070523248,-0.0008218622129566366,-8.604245991927636e-05,-0.000735819753037379,0.012889350426849291,995.112951,686654218.53,998.754687,992.424594,-0.0011853131544203,1.0,0.0,8.285852558325162e-05,0.00016631829787176904,4.9636358754542915e-14,712185.9511503174,1.7872412389841283
2024-01-10,32744.35348744833,32973.32463636298,32474.03157712466,32614.566113281253,606509.8478,0.0,0.0,32614.566113281373,32744.353487448454,32973.324636363104,32474.031577124784,-0.005717750290403038,-0.0017462175430637257,-0.003971532747339275,0.01525814868118618,997.646706,803689392.6600001,1001.56329,992.836866,0.0021841503410674,1.0,0.0,0.00011031250167715617,0.0001630424825425889,2.890518295091199e-13,712185.9511503174,1.7892658723252968
2024-01-11,32651.213287784107,32861.58659982429,32494.97829178713,32677.656226757816,359519.5795,0.0,0.0,32677.656226757936,32651.21328778423,32861.58659982441,32494.978291787254,0.0019325466602562803,0.0011230135820228327,0.0008095330782333498,0.011218831767367671,998.230758,671863531.08,1004.13999,994.116627,0.0005026784320852,1.0,0.0,6.26779374958777e-05,0.00015776689961829392,1.6449645450649795e-13,712185.9511503174,1.7861793272508812
2024-01-12,32498.84196893588,32756.289222392374,32286.66785004906,32536.88294423828,526029.6849,0.0,0.0,32536.8829442384,32498.841968936005,32756.289222392497,32286.667850049183,-0.004317242840636893,-0.005487091556602869,0.001169848715965973,0.014440596010083637,991.7718300000004,891487009.5600002,997.964499,984.943575,-0.005575462839159,1.0,0.0,0.00010373674495343975,0.00015907984837861065,2.522436721076217e-13,712185.9511503174,1.7923723690973894
2024-01-15,32622.459915113857,32969.97309712463,32391.805544014453,32636.37433574219,429105.0743999999,0.0,0.0,32636.374335742308,32622.459915113974,32969.97309712475,32391.80554401457,0.00305313783418313,0.0026266999120555653,0.0004264379221274021,0.017691765601241277,991.273668,480675311.34,999.5448750000002,991.273668,-0.0004315295349825,1.0,0.0,0.0001564290376849167,0.00015786403715676214,2.1801222881363131e-13,712185.9511503174,1.7895912670906018
2024-01-16,32608.525846826364,32832.92473797471,32410.352187425106,32709.471508593742,637851.2069,0.0,0.0,32709.47150859386,32608.52584682648,32832.92473797483,32410.352187425222,0.0022372410180379445,-0.0008536603023097134,0.0030909013203476274,0.012953931181037267,999.0037679999998,490410083.94000006,999.0037679999998,985.7681190000002,0.0066718500195601,1.0,0.0,8.021163729699745e-05,0.00015535943852836297,1.072308785826891e-13,712185.9511503174,1.7958987453854949
2024-01-17,32782.651125316974,32986.65030543519,32515.38874502596,32721.585469531256,526124.8919999999,0.0,0.0,32721.585469531372,32782.65112531709,32986.65030543531,32515.388745026077,0.00037028168687457374,0.0022347618075592066,-0.0018644801206846014,0.01438946630373845,998.497017,596157680.1600001,1003.590294,996.710505,-0.0004357930134555,1.0,0.0,0.00010218550052725144,0.00015256037053660158,2.1508446593502673e-14,712185.9511503174,1.7987574747167692
2024-01-18,32757.12045109256,33033.58663148883,32581.336635116204,32820.48701640625,458679.7061,0.0,0.0,32820.48701640637,32757.120451092676,33033.58663148895,32581.33663511632,0.0030179583339565398,0.001085390572408256,0.0019325677615481256,0.013785192015699065,1004.105634,489198176.0400001,1004.681097,998.5743180000002,0.0048109930684267,1.0,0.0,9.357302026254413e-05,0.00015334048371688257,2.004742940671109e-13,712185.9511503174,1.7993048061943089
2024-01-19,32785.36728453928,33066.371550799005,32675.673374349943,32890.08254892578,478130.6685,0.0,0.0,32890.08254892589,32785.367284539396,33066.37155079912,32675.67337435006,0.0021182454817423165,-0.0010706280893934376,0.0031888735711358904,0.011885933166618193,1014.79035,541778402.1300001,1014.79035,1004.105634,0.0090912937834862,1.0,0.0,6.670950923161402e-05,0.0001457285467160726,1.346991092836199e-13,712185.9511503174,1.80291050051407
2024-01-22,32898.77637819774,33217.90761005723,32619.662225165284,33031.25385908203,409340.8588000001,0.0,0.0,33031.25385908215,32898.77637819786,33217.907610057344,32619.6622251654,0.004283029855170727,0.00026429488105880495,0.004018734974111671,0.018173874050614117,1015.958454,662036684.4,1019.479944,1009.671306,0.0009880932927542,1.0,0.0,0.00015890610591800085,0.0001410821167886379,3.1676773961515064e-13,712185.9511503174,1.8045511565091168
2024-01-23,33012.87721601508,33176.44146571913,32660.20560621812,32938.653119726565,395675.5366000001,0.0,0.0,32938.65311972668,33012.87721601519,33176.44146571925,32660.205606218235,-0.002807364885417813,-0.0005564958836482414,-0.002250869001769575,0.01568264675994829,1011.35475,515851646.73,1017.573186,1008.1596420000002,-0.0039008557282392,1.0,0.0,0.00012101557859659797,0.00013359996444138538,2.1540403125257012e-13,712185.9511503174,1.8083383421885308
2024-01-24,32874.97926556117,33073.243364285925,32636.93183539796,32806.06219863281,464548.2731,0.0,0.0,32806.06219863293,32874.979265561284,33073.24336428604,32636.931835398078,-0.004033513574873709,-0.001934975223964618,-0.0020985383509091746,0.013280072374789087,1007.463933,553179612.5099999,1013.7596699999998,1006.6308,-0.0033106755817705,1.0,0.0,8.64789736145604e-05,0.00012949336519223073,2.6466625303152196e-13,712185.9511503174,1.804042356592296
2024-01-25,32806.06219863281,32806.06219863281,32806.06219863281,32806.06219863281,0.0,0.0,0.0,32806.06219863293,32806.06219863293,32806.06219863293,32806.06219863293,0.0,0.0,0.0,0.0,1005.2307929999996,412872800.55,1008.2025870000002,1003.62465,-0.0019059469956307,1.0,0.0,0.0,0.00012055528734178735,0.0,712185.9511503174,1.8009687030532415
2024-01-26,32816.757515913225,33108.92379489578,32589.235299965327,32912.06669423829,274971.4188,0.0,0.0,32912.066694238405,32816.75751591334,33108.9237948959,32589.235299965443,0.003226037908458792,0.0003259633591373716,0.002900074549321204,0.015820818781158836,1009.782963,427918581.3,1010.7191639999998,1007.7130139999998,0.0038807332733046,1.0,0.0,0.00012190025084567098,0.00011900262062242197,3.564730954904798e-13,712185.9511503174,1.8030299105175054
2024-01-29,32934.42413029715,33327.61504403472,32660.3132491031,33037.075920507814,354357.2042000001,0.0,0.0,33037.07592050793,32934.424130297266,33327.615044034836,32660.313249103216,0.003791084191115624,0.0006790775525945942,0.0031120066385211605,0.020225655212892733,1009.8001410000002,474809625.57,1013.897094,1009.1044320000004,1.461111867215561e-05,1.0,0.0,0.00020079746369720247,0.0001290424938072821,3.238325959399035e-13,1.8252767025358105e-13,1.8071255658279242
2024-01-30,33087.74025211261,33301.821218728226,32809.62280984659,33104.697249707024,391224.3109,0.0,0.0,33104.69724970714,33087.74025211273,33301.82121872834,32809.6228098467,0.002044739640872988,0.0015323850999213859,0.0005123545409514735,0.01489023603191916,1013.2013850000002,484983381.96,1013.4332880000002,1008.4602570000002,0.0028881156901307,1.0,0.0,0.00011075815950143105,0.00012222553111438327,1.5787834380699568e-13,1.7981729811759185e-13,1.8102331928755468
2024-01-31,33148.221827809044,33476.30107216378,32803.41612544766,33156.72243554687,538898.1898999999,0.0,0.0,33156.722435546995,33148.22182780917,33476.3010721639,32803.41612544778,0.0015703012937993087,0.0013138918245253462,0.0002564094692739923,0.020305097669248803,1000.025859,878266391.3100001,1015.675017,999.0123570000004,-0.0112422687318918,1.0,0.0,0.0002061230984409043,0.00012599690619699897,8.788295877119696e-14,1.684417393258882e-13,1.8108887875404154
2024-02-01,33174.899272212424,33720.52728954534,32946.498358022014,33589.44462128907,842388.4135000004,0.0,0.0,33589.44462128919,33174.89927221255,33720.52728954546,32946.49835802214,0.01296638496265968,0.0005480594821158299,0.012418325480543684,0.02322178638404505,1007.506878,496993466.55,1008.77805,998.428305,0.0064013670546763,1.0,0.0,0.00021005337080168165,0.00012036559471700466,4.582512976335183e-13,1.900388885614063e-13,1.8114499500561152
2024-02-02,33589.44462128907,33589.44462128907,33589.44462128907,33589.44462128907,0.0,0.0,0.0,33589.44462128919,33589.44462128919,33589.44462128919,33589.44462128919,0.0,0.0,0.0,0.0,1007.1031950000004,679180328.4,1012.016103,1004.65533,-0.0003442088749453,1.0,0.0,0.0,0.00011333026835765314,0.0,1.824589249150659e-13,1.8236009439528793
2024-02-05,33589.152111178846,33921.442713764394,33359.83529838838,33694.09380927734,507198.6216000001,0.0,0.0,33694.09380927746,33589.15211117896,33921.44271376452,33359.8352983885,0.0031106946755497904,-8.708431686822863e-06,0.00311940310723655,0.016694702474553347,1018.7069339999998,661312717.59,1020.7597050000004,1007.953506,0.0098395800123323,1.0,0.0,0.0001355976401865804,0.00011051625281578396,1.820226951608923e-13,1.9002661414602824e-13,1.818258060847775
2024-02-06,33809.65392484453,34179.19228841647,33441.91837332794,33786.05720869141,458373.8388,0.0,0.0,33786.057208691534,33809.65392484466,34179.19228841659,33441.91837332806,0.0027256446513776694,0.003423816671937149,-0.0006981720205595163,0.02180689209660991,1020.785472,486308235.21,1022.881188,1018.380552,0.0017506874759989,1.0,0.0,0.00023758197452224922,0.00011825242526273382,1.7599968857171212e-13,1.963447806368867e-13,1.8198589186596852
2024-02-07,33911.3739937254,34143.24704635046,33681.76700370935,33916.33746103515,438938.1627,0.0,0.0,33916.33746103528,33911.37399372552,34143.24704635058,33681.767003709465,0.003848620533651905,0.0037022653872918862,0.00014635514636012351,0.01360817009998449,1029.417417,570923112.27,1030.2677280000005,1022.52045,0.0072324757796098,1.0,0.0,9.258287237594883e-05,0.00011736594379767348,2.585192000671155e-13,1.9481814916478648e-13,1.8206473971122925
2024-02-08,33916.337461035146,33916.33746103515,33916.337461035146,33916.33746103515,0.0,0.0,0.0,33916.33746103528,33916.33746103527,33916.33746103528,33916.33746103527,0.0,-2.2204460492503136e-16,2.2204460492503128e-16,2.2204460492503128e-16,1029.417417,570923112.27,1030.2677280000005,1022.52045,0.0,1.0,0.0,5.6061208259810374e-33,0.00011423204692287959,0.0,1.8659332643946157e-13,1.8226655080090364
2024-02-09,33916.337461035146,33916.33746103515,33916.337461035146,33916.33746103515,0.0,0.0,0.0,33916.33746103528,33916.33746103527,33916.33746103528,33916.33746103527,0.0,-2.2204460492503136e-16,2.2204460492503128e-16,2.2204460492503128e-16,1029.417417,570923112.27,1030.2677280000005,1022.52045,0.0,1.0,0.0,5.6061208259810374e-33,0.0001090452096752076,0.0,1.739811428340805e-13,1.8204043708434714
2024-02-15,34084.89901117678,34349.1554232288,33569.439958086376,33901.09644345703,566714.7461,0.0,0.0,33901.09644345715,34084.8990111769,34349.15542322893,33569.43995808649,-0.00044947197076723977,0.00495761265904139,-0.005407084629808676,0.022961302934953475,1032.8272500000005,724682359.5899999,1037.1732840000002,1029.417417,0.0028403111226505,1.0,0.0,0.0002523167963487231,0.0001138395976083979,2.3395070395626597e-14,1.6425028491318027e-13,1.8195473255955683
2024-02-16,33908.370680737586,34206.94959265079,33719.56197251526,33942.09448466797,436295.62359999993,0.0,0.0,33942.094484668094,33908.37068073771,34206.94959265091,33719.561972515374,0.0012086119665275768,0.00021454931345020407,0.0009940626530774083,0.014350684978451102,1039.0113300000005,673270666.9500003,1039.4837250000005,1034.364681,0.0051273512686777,1.0,0.0,0.00010258935882384058,0.00011495848368474005,8.161451331011004e-14,1.6296946664955132e-13,1.8182871352621817
2024-02-19,34028.32857206911,34369.78669943582,33761.107471656425,34028.66767119141,569502.1642000001,0.0,0.0,34028.667671191535,34028.32857206924,34369.78669943594,33761.10747165654,0.0025473668557646294,0.002537401704758274,9.965151006374804e-06,0.017868411387536944,1052.1267329999998,837560457.72,1052.5647720000004,1041.484962,0.0107740063140059,1.0,0.0,0.0001596400243964641,0.0001178312098782007,1.3144714857358313e-13,1.6846640174855534e-13,1.8190545965914708
2024-02-20,34069.98673305631,34246.18331653449,33752.790478591945,34093.164448632815,548718.8693000001,0.0,0.0,34093.16444863294,34069.98673305643,34246.18331653461,33752.79047859206,0.0018935719931803929,0.0012135061198168301,0.000680065873363726,0.014512027737354327,1056.4985339999998,724722470.22,1056.850683,1050.1426740000004,0.0035615102578386,1.0,0.0,0.00010512081740336041,0.00011840859973524151,1.0121959920164326e-13,1.6350366700528195e-13,1.8206828573136722
2024-02-21,34101.72130160084,34623.48085843367,33863.09789122052,34443.09605927735,651659.1338,0.0,0.0,34443.09605927747,34101.72130160096,34623.480858433795,33863.09789122064,0.01021166456693242,0.00025095292465983853,0.009960711642272727,0.022206225724384562,1056.4813560000002,761080222.5600001,1060.071558,1050.3659880000002,-1.396528596424016e-05,1.0,0.0,0.00020823173549578552,0.00012548471104845008,4.549606869196748e-13,1.7951674588708472e-13,1.8210355037433832
2024-02-22,34473.865427152974,34866.81982813728,34195.52275359855,34539.90572050781,598059.7286999999,0.0,0.0,34539.905720507944,34473.865427153105,34866.81982813741,34195.52275359868,0.0028067704300469764,0.0008929404099213041,0.0019138300201256933,0.019440933868316624,1054.1365589999998,682844224.02,1058.2421009999998,1053.140235,-0.0019083956006779,1.0,0.0,0.00018756005696277762,0.00012691740860068892,1.3587550937981087e-13,1.7047213437531772e-13,1.8297747537599207
2024-02-23,34660.424899585945,34990.61976344785,34176.74549346738,34448.653298242185,964416.8132000002,0.0,0.0,34448.653298242316,34660.424899586076,34990.61976344798,34176.74549346751,-0.002645437932941611,0.00348320014803111,-0.006128638080972834,0.023534562348505306,1040.9868,1069967889.69,1065.731709,1040.6002949999995,-0.0107816814365589,1.0,0.0,0.0002624285171790804,0.00013398805552981304,7.96270368797049e-14,1.6368328465667445e-13,1.8277661148251543
2024-02-26,34440.39057415559,35119.14192391144,34254.125529023644,34940.99714228515,889982.5655999997,0.0,0.0,34940.99714228528,34440.39057415572,35119.14192391157,34254.125529023775,0.014190937794070818,-0.0002398849994645584,0.014430822793535318,0.024939324921528082,1051.439613,716966689.1100001,1052.3328690000003,1039.7156279999997,0.0085814207981929,1.0,0.0,0.00023053968591758736,0.0001411910911449644,4.563460571731541e-13,1.7326727486375604e-13,1.822250010665094
2024-02-27,35132.98211702375,35350.67546483218,34709.51818491512,35112.30686777343,622164.6094,0.0,0.0,35112.30686777356,35132.98211702387,35350.675464832304,34709.51818491524,0.004890849029667267,0.0054795077182756185,-0.0005886586886081486,0.018303551459334846,1062.854394,787426550.6100001,1062.97464,1053.4322610000002,0.0092742547879581,1.0,0.0,0.00016737613965657716,0.00014955989812779328,2.2388221260795102e-13,1.844613854941536e-13,1.8360805687658441
2024-02-28,35113.99712254591,35394.92372468896,34768.30760179704,35113.34749902343,771098.5254000002,0.0,0.0,35113.347499023555,35113.99712254603,35394.923724689084,34768.30760179716,2.963678329393714e-05,4.813736952568222e-05,-1.8500586231668257e-05,0.017862141507198104,1077.532995,772600476.4800003,1077.532995,1061.8752479999998,0.0117807160670362,1.0,0.0,0.0001595279173939605,0.00015144128145520773,1.0945836518645858e-15,1.6669245990222286e-13,1.8346528848104082
2024-02-29,35216.41605360587,35578.63090160602,34904.526027551634,35264.18933691406,715180.8842999998,0.0,0.0,35264.18933691419,35216.416053606,35578.63090160615,34904.526027551765,0.004286653828871742,0.002931010234159654,0.0013556435947120675,0.019128695656489968,1075.969797,870024129.2399999,1085.984571,1071.64953,-0.0012469275665704,1.0,0.0,0.00018224357874283334,0.0001505135872074893,1.699685661416229e-13,1.5899925841230882e-13,1.8304529339088909
2024-03-01,35342.83015800623,35761.280032704686,35065.66411692562,35521.71749550781,967817.4028999998,0.0,0.0,35521.71749550794,35342.83015800636,35761.280032704824,35065.66411692575,0.007276287225486474,0.0022275647427971836,0.005048722482689303,0.019643323357399864,1080.7366920000002,764949051.7199999,1081.1489639999998,1071.7955429999995,0.0037968010980082,1.0,0.0,0.00018308358801388052,0.00015412985863311174,2.1165203621613458e-13,1.6168794303276576e-13,1.8327508591886765
2024-03-04,35600.1445988592,36073.361604496255,35305.78592680032,35721.48006650391,1035617.2220000002,0.0,0.0,35721.48006650404,35600.14459885933,36073.36160449639,35305.785926800454,0.005607920513278858,0.0022054297463677958,0.003402490766911253,0.021507829477082022,1083.4250490000002,911068211.76,1089.2999249999998,1079.242206,0.0021338802652738,1.0,0.0,0.00022682125644588776,0.00015516476653336094,1.5159090313357292e-13,1.6487334025088456e-13,1.8369933084807464
2024-03-05,35713.2668211823,36183.128161940855,35341.90867243702,35857.24812832031,1045653.7356,0.0,0.0,35857.24812832044,35713.26682118242,36183.128161940986,35341.908672437145,0.003793535539376412,-0.0002299509892776254,0.004023486528653978,0.023523463037427552,1090.7858219999998,797049064.9800003,1090.7858219999998,1080.333009,0.0058156199733428,1.0,0.0,0.0002704231520634939,0.00015818325559645153,1.0117641973969127e-13,1.470195963561932e-13,1.8381847160791356
2024-03-06,35860.84330860143,36069.24134091696,35396.31634582146,35686.99344160157,816091.1841000001,0.0,0.0,35686.9934416017,35860.843308601565,36069.2413409171,35396.31634582159,-0.004759432887108863,0.00010025867147610736,-0.004859691558585044,0.018832705030593557,1084.558797,859951632.0065999,1097.2533390000003,1079.03607,-0.0049172957097511,1.0,0.0,0.00016821242918603715,0.0001665938770557534,1.634205093504023e-13,1.5519062182371334e-13,1.8377997619577915
2024-03-07,35737.245447862784,36364.05715070423,35477.029289684695,36143.36409580079,790645.8397999998,0.0,0.0,36143.36409580092,35737.24544786291,36364.057150704364,35477.02928968482,0.012707072905245672,0.0014071417584374422,0.011299931146807992,0.024695421103195413,1089.480294,814300758.6,1090.699932,1082.4201360000002,0.0038886890410619,1.0,0.0,0.00025560658586460034,0.0001725943243396544,4.446670598065288e-13,1.6832284005599514e-13,1.8295549060579788
2024-03-08,36172.57111216114,36482.5358663431,35658.1813225884,35996.00824833984,1032942.3375,0.0,0.0,35996.00824833997,36172.57111216127,36482.535866343234,35658.18132258853,-0.004085315622180529,0.0008077616050856991,-0.00489307722726629,0.022855066024013913,1071.3489149999998,1123869189.87,1094.4962700000003,1071.3489149999998,-0.0144142876832193,1.0,0.0,0.00025192828279254524,0.00017331163975316922,1.0987406535498302e-13,1.6501655889515868e-13,1.8423740521924383
2024-03-11,35985.451011914665,36463.24564605008,35685.33799476445,35951.68251416016,846771.5597,15.3,0.0,35951.68251416029,35985.451011914796,36463.245646050214,35685.33799476457,-0.0012321657392468507,-0.0002933321054995646,-0.0009388336337474057,0.02156488065528008,1061.1623610000004,792552809.3699999,1077.069189,1059.4445609999998,-0.0082056286180179,1.0,0.0,0.00023218155566936014,0.00018029157391783975,4.047470070525813e-14,1.541143339270658e-13,1.8325025603953353
2024-03-12,36002.055156433584,36490.613535657256,35801.46157491596,36244.22049316407,882171.7425,0.0,0.0,36244.220493164205,36002.055156433715,36490.61353565739,35801.46157491608,0.008104049339848905,0.0014001399269405411,0.006703909412908411,0.01906634542135423,1069.3305000000005,680432175.15,1072.1906370000004,1059.143946,0.0065859398919996,1.0,0.0,0.00016440176762082416,0.00018851166229888098,2.5346043169686414e-13,1.6678735551190902e-13,1.8306769932376987
2024-03-13,36399.67959233761,36984.89706815883,36064.04933559626,36740.19930400392,950531.7114,0.0,0.0,36740.199304004054,36399.67959233774,36984.89706815896,36064.04933559639,0.013591570568290995,0.004280038277356599,0.009311532290934446,0.025213136108375903,1091.2410390000005,764671712.91,1091.2410390000005,1069.5452249999996,0.0174209525315394,1.0,0.0,0.00028435760516512233,0.0002027295425571371,3.8918986861634465e-13,1.8624684894272627e-13,1.8383173556746826
2024-03-14,36862.33844946925,37412.49168255905,36523.72863763915,36880.40141767578,1007463.0199999998,127.36,0.0,36880.40141767591,36862.33844946938,37412.49168255918,36523.72863763928,0.003808778569794957,0.0033188871282693305,0.0004898914415253695,0.024042501835080332,1085.8729140000005,877178250.9000001,1096.3085490000003,1081.071663,-0.0042355999786348,1.0,0.0,0.0002889282390610793,0.0002045601146927549,1.0250875800297656e-13,1.9020253332309378e-13,1.8479894068226805
2024-03-15,36885.50057555031,37130.84568418374,36362.85597652465,36740.717461816406,813904.5383,0.0,0.0,36740.717461816545,36885.500575550446,37130.84568418388,36362.855976524785,-0.003794675375787438,0.00013825243764057038,-0.003932927813427973,0.020900230800293063,1085.4606419999998,866488037.9400002,1092.2030070000003,1075.652004,-0.0003261594001314,1.0,0.0,0.0002124346530205016,0.00021005237940258797,1.2689763441133826e-13,1.9246668937815518e-13,1.8447651986917553
2024-03-18,36805.47565288862,36955.45365792012,35440.902105688496,35950.21647675781,1335862.6853999998,0.0,0.0,35950.21647675794,36805.47565288875,36955.453657920254,35440.90210568862,-0.02175050192504722,0.0017610213408833205,-0.02351152326593058,0.04184665225421416,1068.093684,1388346230.04,1090.71711,1049.2923629999998,-0.0138531946138931,1.0,0.0,0.0006620308257051719,0.00023517191946802331,4.529037896582112e-13,2.0853952143238654e-13,1.8367400985606963
2024-03-19,36124.84124925447,36588.40685394874,35709.01603491609,36159.12583984375,627064.2527999998,83.55,0.0,36159.12583984387,36124.84124925459,36588.406853948865,35709.0160349162,0.005794254693137666,0.004845646183093975,0.0009486085100436795,0.024328230708400334,1067.148894,672071728.4399999,1073.410275,1064.108388,-0.0007600824302765,1.0,0.0,0.0002955837945886806,0.0002446950683272893,2.555451335638787e-13,2.1625579815049834e-13,1.8143457144092299
2024-03-20,36191.58184137542,36615.41813342965,35763.688823471464,36369.39589794922,908385.7728,0.0,0.0,36369.39589794935,36191.58184137554,36615.418133429775,35763.68882347158,0.005798288512609065,0.0008971855217164185,0.004901102990892599,0.023536312174280226,1082.2827120000002,737876351.9399999,1083.545295,1061.1365940000003,0.0120949659836103,1.0,0.0,0.00026769989172634645,0.00024766847613881743,1.755065827396987e-13,2.0228309294149955e-13,1.827823650732057
2024-03-21,36580.22233897427,36799.56710623883,36180.64522158624,36549.71593535157,719547.684,0.0,0.0,36549.7159353517,36580.2223389744,36799.56710623896,36180.64522158637,0.004945765257692637,0.005780072139719732,-0.0008343068820272544,0.016961768226569064,1096.317138,975059611.47,1096.317138,1085.82138,0.0110661306064194,1.0,0.0,0.0001435819035528441,0.0002454695684683207,1.8805717759712222e-13,2.0489217635236512e-13,1.8330246411406002
2024-03-22,36623.281381468834,36924.37740850634,36301.82183738385,36646.50807705079,724259.8074,0.0,0.0,36646.508077050916,36623.28138146896,36924.377408506465,36301.82183738398,0.0026447320042465488,0.002010727279198773,0.0006340047250477386,0.017004038931424527,1100.9380200000005,1014166960.38,1109.0718030000005,1096.2827820000005,0.0036125812575121,1.0,0.0,0.00014441339434004475,0.0002395688123263689,9.964481092102535e-14,2.0589306505443112e-13,1.8355901761538487
2024-03-25,36592.81128331127,36932.58263988566,36107.70664937527,36383.73325214844,650905.7694999999,0.0,0.0,36383.733252148566,36592.81128331139,36932.58263988578,36107.706649375396,-0.007196360142276676,-0.0014663381317528191,-0.00573002201052394,0.02258783665643137,1088.964954,1001429988.72,1105.266876,1086.087639,-0.0093919858360931,1.0,0.0,0.00024242192084028888,0.000240162924072504,3.038697786300163e-13,1.9826925112727425e-13,1.8354425268551733
2024-03-26,36122.94367044279,36652.963747302674,35868.74501695079,36418.07193623047,480362.4405,0.0,0.0,36418.0719362306,36122.94367044292,36652.9637473028,35868.7450169509,0.0009433471200250048,-0.007193563886008174,0.008136911006033276,0.021627987342434745,1101.2901689999997,737302177.29,1101.5392499999998,1086.0103380000005,0.0096666719746038,1.0,0.0,0.0002083086309945037,0.00024220954863940036,5.392442661268115e-14,1.8977136182751078e-13,1.8260685775296945
2024-03-27,36425.81892285009,36817.01733077708,36229.467301639605,36656.23794677736,671568.6215,0.0,0.0,36656.23794677749,36425.81892285022,36817.01733077721,36229.467301639736,0.00651848383505167,0.00021270106682853344,0.006305782768223208,0.016087364195446218,1102.046001,689911081.4399999,1105.1638080000002,1096.772355,0.0005892737922642,1.0,0.0,0.00011404146074824361,0.00023993522580711447,2.6479410112172054e-13,2.029563377010035e-13,1.828837615956843
2024-03-28,36904.98218076818,37183.97836440008,36542.15071631043,36860.06271357422,628071.1043,0.0,0.0,36860.06271357434,36904.982180768304,37183.9783644002,36542.150716310556,0.005545036603394771,0.006762943345286142,-0.0012179067418913428,0.017411570927879785,1108.1356019999998,763036539.0899999,1111.33071,1104.1331280000002,0.0047329789797405,1.0,0.0,0.00015100841188624714,0.00023837346746428517,2.395187597975771e-13,2.0643384738380123e-13,1.835106947917609
2024-03-29,36795.61818582427,37197.66233712871,36545.39544203798,36853.14140566406,603698.0179000001,0.0,0.0,36853.14140566419,36795.6181858244,37197.662337128844,36545.39544203811,-0.00018779017987865707,-0.0017498865914391368,0.00156209641156046,0.017690720343118735,1102.904901,678997039.1399999,1110.5920560000002,1101.4877160000003,-0.0040638400464035,1.0,0.0,0.00015553817879852616,0.00023699619700351748,8.440702907927701e-15,1.9627328071839093e-13,1.8378114396754341
2024-04-01,36776.58900817947,37144.872168956346,36395.93184369318,36802.270863085934,690965.2254000002,0.0,0.0,36802.270863086065,36776.5890081796,37144.87216895648,36395.93184369331,-0.0013813119525017989,-0.002079388981537455,0.0006980770290356984,0.020368725330473268,1100.697528,772484782.65,1105.2325199999998,1094.3159009999997,-0.0017207398928999,1.0,0.0,0.00020725424009471308,0.00023601784618595875,5.4320150114055315e-14,1.9140974306741503e-13,1.834379331312574
2024-04-02,36712.05846224427,37245.33095800311,36449.11238642378,37113.76482685547,708514.0249000001,0.0,0.0,37113.76482685559,36712.05846224439,37245.33095800324,36449.112386423905,0.0084283688873904,-0.0024542819597879162,0.010882650847178491,0.02160948694039297,1105.438656,885544881.6900002,1105.438656,1089.497472,0.0036916679376378,1.0,0.0,0.00018773531457884669,0.00023188345431172634,3.2052364458187224e-13,2.0237710430952409e-13,1.8317541879094001
2024-04-03,37117.08754314454,37445.7694015668,36630.306129705685,36856.84485546874,887614.8877,0.0,0.0,36856.844855468866,37117.08754314466,37445.769401566926,36630.30612970581,-0.006946569877553713,8.952386198459677e-05,-0.007036093739538282,0.022017802896574935,1092.0655829999998,855086827.5600001,1107.1135109999998,1092.0655829999998,-0.0104539267704218,1.0,0.0,0.00022326769594047962,0.00023463621764944847,2.123379774514284e-13,2.0482297771457542e-13,1.8399075219263032
2024-04-04,36862.6677356754,37321.12149405621,36438.470811494655,37067.102220996094,757126.3531,0.0,0.0,37067.10222099622,36862.667735675524,37321.12149405634,36438.47081149478,0.005688493128898086,0.0001579739207193385,0.005530519208178724,0.02393431932650614,1089.2999249999998,791567822.85,1097.3478179999995,1086.611568,-0.0021779247176034,1.0,0.0,0.00027461037320633525,0.00023558640701653523,2.0269369481236504e-13,1.927243094648672e-13,1.8291510299548026
2024-04-05,36817.806369263,37325.1191617671,36371.28040392488,36746.781441308594,628367.1507,0.0,0.0,36746.781441308725,36817.80636926313,37325.11916176723,36371.28040392501,-0.008679201650605048,-0.006748246767643044,-0.001930954882962094,0.02588707263954042,1078.0139789999998,888831977.8800001,1086.628746,1076.682684,-0.0089452539575263,1.0,0.0,0.0003336299328820733,0.0002396714895210116,3.7587807950291625e-13,2.0602451017226387e-13,1.8362126255268443
2024-04-08,36762.80236734439,37005.3502070812,36312.12123566541,36513.00538945313,469932.4083999999,0.0,0.0,36513.00538945326,36762.80236734452,37005.350207081334,36312.12123566554,-0.006382132830973344,0.0004358867363787978,-0.0068180195673520315,0.01891089851163379,1073.925615,678827234.6100001,1080.8397600000003,1070.9366429999998,-0.0032635675036937,1.0,0.0,0.00016085399691012902,0.00023610511158305005,3.71948542231162e-13,2.2259820224855903e-13,1.825196435627694
2024-04-09,36701.76720209699,36982.85125244503,36335.14403241417,36699.94174960939,732040.2350000001,0.0,0.0,36699.94174960951,36701.767202097115,36982.85125244515,36335.1440324143,0.005106658690963252,0.005156397382719801,-4.973869175662798e-05,0.017668897466885766,1084.6360980000002,556719397.08,1084.6360980000002,1071.64953,0.0085235546333036,1.0,0.0,0.00015609401317957143,0.00023568972386098745,1.900800360122539e-13,2.1942918246432854e-13,1.8214122773160408
2024-04-10,36810.448969094046,37106.54492930913,36563.40505009008,36813.190774218754,498888.2046,0.0,0.0,36813.190774218885,36810.44896909418,37106.54492930926,36563.40505009021,0.0030810580452764547,0.003006576394123752,7.448165115276969e-05,0.014745489050888645,1080.977184,543812019.6600001,1089.703608,1080.977184,-0.0029023134010448,1.0,0.0,0.00010871258070065096,0.00022690747263776387,1.6776184082147255e-13,2.0835778107458492e-13,1.8295414895931614
2024-04-11,36652.37036906549,37005.35352419835,36450.069217460026,36820.22856660156,417836.6743000001,0.0,0.0,36820.22856660168,36652.37036906561,37005.35352419847,36450.06921746015,0.00019115756044569318,-0.004378123832006227,0.004569281392451859,0.015119234597896377,1080.66798,552164392.71,1083.9575670000002,1072.0016790000002,-0.0002457159221449,1.0,0.0,0.00010623044532063889,0.00021777258295074185,1.2425058528005075e-14,2.0385359610083636e-13,1.8314584766048227
2024-04-12,36917.95083295902,37421.42889342719,36697.38548650908,37288.40237099608,479307.8431,17.950193352000003,0.0,37288.402370996206,36917.95083295914,37421.42889342731,36697.38548650921,0.012634966449106262,0.0026505217341570783,0.00998444471494904,0.01953799303036554,1096.47174,598400182.17,1098.009171,1081.3722780000005,0.0124696525077291,1.0,0.0,0.00015235723462288678,0.00021476871203086114,7.069452505652198e-13,2.328559769085304e-13,1.8302170967842244
2024-04-15,37444.87368960228,37697.67236795204,36094.90833480536,36237.17842373047,942846.2763,0.0,0.0,36237.17842373059,37444.873689602406,37697.67236795216,36094.908334805485,-0.028596729831139762,0.004187466560983032,-0.03278419639212278,0.04344653961069456,1044.946329,907512795.21,1100.946609,1044.946329,-0.0413405673624929,1.0,0.0,0.000528610357932338,0.00020809768864221944,8.369916161137169e-13,2.5206036823130575e-13,1.8423154920563327
2024-04-16,36152.17889743245,36654.97443655645,35382.46236543366,36112.971288378896,805598.3711,0.0,0.0,36112.97128837902,36152.178897432575,36654.97443655657,35382.46236543378,-0.0034335038107981154,-0.002348399502571312,-0.0010851043082269244,0.03533286329244736,1044.147552,1043302823.85,1049.962305,1023.5768970000004,-0.0006568106919206,1.0,0.0,0.0006237507714006293,0.00022450603748281687,1.1802003299856049e-13,2.4518411320303983e-13,1.8083831750676325
2024-04-17,36160.01130934963,36430.69950260169,35642.83988702166,35878.8717743164,459726.9212999999,0.0,0.0,35878.871774316525,36160.011309349764,36430.69950260182,35642.839887021786,-0.006503523988887721,0.0013017320144384505,-0.007805256003326216,0.021863530110856146,1024.6762890000002,658064959.02,1049.120583,1024.6762890000002,-0.0161679900355724,1.0,0.0,0.0002154731411666479,0.00022189469995483193,3.9428479729659105e-13,2.561230239308844e-13,1.8146815441147446
2024-04-19,35381.43185542676,35872.762038040084,34654.82279999514,35079.045095214846,828852.9585000001,0.0,0.0,35079.04509521496,35381.431855426876,35872.7620380402,34654.82279999526,-0.022544645920620946,-0.013961433608197148,-0.008583212312423694,0.03454138782155806,1009.078665,880054964.67,1022.915544,1001.4688110000002,-0.0131747061265645,1.0,0.0,0.0005680948383148504,0.00024312034669293227,7.753863727751622e-13,2.854894836897864e-13,1.8120127608930456
2024-04-22,35155.87422922082,35623.60250040184,34828.224658693834,35270.99574169922,591957.911,0.0,0.0,35270.99574169934,35155.87422922094,35623.60250040196,34828.22465869396,0.005457029464229664,0.002187776832075649,0.003269252632153862,0.022580298295393895,1022.2799580000002,529008792.27,1025.423532,1014.472557,0.0111637108850491,1.0,0.0,0.00025080621648875684,0.00024843998780036785,2.613651923106642e-13,2.9357550275926836e-13,1.7936780796250655
2024-04-23,35421.94310716532,35739.20290798526,35021.48082606374,35440.55094902344,797560.1971000001,0.0,0.0,35440.550949023556,35421.94310716544,35739.202907985375,35021.48082606385,0.0047956957589430325,0.004270514066324189,0.0005251816926187482,0.02028659584710159,1011.26886,577993147.6199998,1024.4959199999998,1004.578029,-0.0093014973805523,1.0,0.0,0.00020566643943960788,0.00024660221373033373,1.6966321282609533e-13,2.8686517446907234e-13,1.8098616914154313
2024-04-24,35559.68334740521,36340.997421421365,35362.2211816825,36197.38037988281,1005295.6135999998,0.0,0.0,36197.380379882925,35559.68334740532,36340.99742142148,35362.22118168261,0.021130079434914996,0.0033558342832047386,0.017774245151710194,0.027302457500317994,1035.498429,593908135.17,1037.216229,1011.26886,0.0203362142157345,1.0,0.0,0.0002506725138822467,0.00024872040787472094,5.806710849992926e-13,3.132025073884029e-13,1.8162109673602949
2024-04-25,36263.359951773054,36799.46873020402,35882.055875789665,36407.38416816407,883431.0606999997,0.0,0.0,36407.384168164186,36263.35995177316,36799.468730204135,35882.055875789774,0.005784864815148294,0.0018211127797779522,0.003963752035370323,0.025246074186001565,1034.948733,420152321.61,1037.903349,1030.8603689999998,-0.0004560695043645,1.0,0.0,0.00031261293264140495,0.000258648981469379,1.798585440218278e-13,3.0895572953340826e-13,1.8369417122349994
2024-04-26,36158.85170887111,36861.04811192092,35884.10968870967,36513.174605371096,674786.9437000002,0.0,0.0,36513.17460537121,36158.85170887122,36861.04811192104,35884.10968870978,0.0029015277229338067,-0.006849836650772329,0.009751364373706045,0.02686081632777316,1038.8567280000002,493360061.88000005,1044.93774,1029.589197,0.0032371222295393,1.0,0.0,0.00032401934100168245,0.0002672995279251508,1.1776343353563194e-13,3.02867963220311e-13,1.834865707492039
2024-04-29,36513.174605371096,36513.174605371096,36513.174605371096,36513.174605371096,0.0,0.0,0.0,36513.17460537121,36513.17460537121,36513.17460537121,36513.17460537121,0.0,0.0,0.0,0.0,1038.8567280000002,493360061.88000005,1044.93774,1029.589197,0.0,1.0,0.0,0.0,0.00025952261898522445,0.0,3.0244592807491464e-13,1.8335260202820933
2024-04-30,36513.174605371096,36513.174605371096,36513.174605371096,36513.174605371096,0.0,0.0,0.0,36513.17460537121,36513.17460537121,36513.17460537121,36513.17460537121,0.0,0.0,0.0,0.0,1038.8567280000002,493360061.88000005,1044.93774,1029.589197,0.0,1.0,0.0,0.0,0.0002491599069804888,0.0,2.997299205692119e-13,1.8308486037930987
2024-05-02,36629.81898674744,37266.98702005063,36280.39939533905,36985.269906738285,965766.1585,0.0,0.0,36985.26990673841,36629.81898674757,37266.98702005075,36280.39939533918,0.012846579193741551,0.003189491557063695,0.009657087636677995,0.026830234382435838,1044.731604,441271727.81999993,1044.731604,1036.073892,0.0048435137506609,1.0,0.0,0.00032390518071770397,0.00025596840028743165,3.596555139217882e-13,3.016865140362077e-13,1.8296607074850488
2024-05-03,37090.85408710346,37504.883973483695,36670.750983968246,37056.691205957046,1175211.9999,15.659999999999998,0.0,37056.69120595716,37090.85408710357,37504.88397348381,36670.75098396836,0.0019292120386089995,0.002850695910496969,-0.0009214838718877467,0.022491702396153404,1048.7426670000002,487228117.11,1052.7966750000005,1046.423637,0.0032912811722435,1.0,0.0,0.00025261032323187145,0.00025743553165200126,4.4299324863258226e-14,2.932845814067991e-13,1.8418139654756178
2024-05-06,37171.179738757695,37741.01318149257,36935.98752916951,37508.96220937501,645293.4531000002,0.0,0.0,37508.962209375124,37171.17973875781,37741.013181492686,36935.98752916963,0.012130961885203309,0.003084788021861069,0.00904617386334222,0.021561038365357395,1066.393062,572197719.8699998,1066.393062,1051.482558,0.0143350386108458,1.0,0.0,0.000200827460201283,0.00025374638600174864,5.011906159917963e-13,3.082094274657707e-13,1.8381573329662224
2024-05-07,37622.527714282136,38209.9963441578,37294.24760653861,37801.65541484375,630952.892,0.0,0.0,37801.65541484387,37622.52771428226,38209.996344157924,37294.24760653873,0.007772999037829561,0.003023115647361119,0.004749883390468568,0.024258070688324543,1072.448307,508886139.5099999,1074.166107,1065.113301,0.0048632534427032,1.0,0.0,0.00028551165816509714,0.00025134047226589985,3.2589737300309816e-13,3.057103921407798e-13,1.8476711214274992
2024-05-08,37698.67293875622,38079.820377405886,37433.69135734264,37885.45764150391,699829.7677000002,13.666666120000002,0.0,37885.457641504036,37698.67293875635,38079.82037740601,37433.69135734277,0.00221443935490427,-0.0027280024391810533,0.004942441794085323,0.017113355591468992,1074.020094,703960967.6399999,1075.0164180000002,1060.5353639999998,0.0012578876958719,1.0,0.0,0.00013699717510307332,0.0002501476311755471,8.352160701086457e-14,2.9128904537976494e-13,1.8493219738837094
2024-05-09,37833.89756130889,38528.95133791508,37611.87152198609,37956.554184960936,706231.9800000002,0.0,0.0,37956.55418496106,37833.897561309015,38528.95133791521,37611.87152198621,0.0018748596607814116,-0.0013618734080858056,0.003236733068867064,0.024090208968608053,1072.456896,548708350.8900001,1079.4655199999995,1067.8617810000003,-0.0012510089843188,1.0,0.0,0.0002861220940084971,0.00025664903521699335,6.994144592305251e-14,2.8528211587530487e-13,1.846134677121185
2024-05-10,38017.07210267352,38396.04913899665,37663.36812835272,38098.3170232422,651660.4698,0.0,0.0,38098.31702324232,38017.07210267364,38396.04913899678,37663.36812835284,0.0037279138129195115,0.0015931299707431686,0.0021347838421763117,0.019266612899203547,1069.0728300000003,509696855.22,1075.7722500000002,1062.854394,-0.0027144864452868,1.0,0.0,0.00018384072621895493,0.00026040544249290854,1.5015461842263028e-13,2.8440175475536277e-13,1.8448108501385416
2024-05-13,38203.87108710341,38450.44132587592,37577.72053097533,38005.24608027344,520569.9701999999,0.0,0.0,38005.246080273566,38203.87108710354,38450.441325876054,37577.72053097546,-0.0024459035969569046,0.00276673929827297,-0.005212642895229713,0.02295883809654,1065.190602,546424879.35,1072.93788,1059.5046839999998,-0.0031246839137526,1.0,0.0,0.0002530578697575053,0.00026774681371475185,1.2362795210151662e-13,2.899618994340383e-13,1.846071881497398
2024-05-14,38086.1335291208,38441.3282053376,37783.6323899249,38125.81370234375,668690.1178,0.0,0.0,38125.813702343876,38086.133529120925,38441.32820533773,37783.63238992502,0.0031673727703674134,0.0021260615783579876,0.0010413111920095518,0.017257132899422222,1067.8531920000005,454489597.59,1075.789428,1065.791832,0.0021442595273572,1.0,0.0,0.00014848544777640077,0.00026755322437242756,1.2423820050663945e-13,2.6082654693110933e-13,1.8407372360030774
2024-05-15,38265.21962375801,38735.25809252014,38069.56071940056,38540.99254482421,744571.5767999999,0.0,0.0,38540.99254482433,38265.21962375812,38735.258092520264,38069.56071940067,0.010830838570517453,0.003649802080093272,0.00718103649042422,0.01733521552536864,1077.3955710000002,652042266.33,1080.4274879999998,1067.8531920000005,0.0076410750306624,1.0,0.0,0.0001303346972120596,0.0002476394413364136,3.774267996832162e-13,2.3784830610958425e-13,1.8434318692412024
2024-05-16,38689.69392670779,38959.68287708407,38278.01826768238,38592.37057558594,735854.7652000001,0.0,0.0,38592.370575586065,38689.693926707914,38959.6828770842,38278.0182676825,0.0013321871699023538,0.003850841483736846,-0.002518654313834499,0.01765154318308755,1089.7551420000002,694652037.6600001,1092.2287740000002,1083.236091,0.0097969657252088,1.0,0.0,0.00015333798390994413,0.00022411880196187938,4.691067518035245e-14,2.3429283821867387e-13,1.8522688774904452
2024-05-17,38674.15845814047,39035.2463058239,38363.3400883548,38633.59491904297,826862.7777999999,202.455,0.0,38633.59491904309,38674.15845814059,39035.246305824025,38363.34008835492,0.001067629186860268,0.0021170334457612378,-0.0010494042589011727,0.017362671031164408,1093.4741789999996,713609420.79,1094.470503,1087.642248,0.0029262010529675,1.0,0.0,0.0001503057662739815,0.00022086043321724604,3.342118728418598e-14,2.162496577180536e-13,1.848275957335746
2024-05-20,38688.908653652485,39115.81432107005,38351.80804668966,38504.68324531251,878841.8581000001,0.0,0.0,38504.68324531263,38688.90865365261,39115.814321070175,38351.80804668977,-0.0033423560081412814,0.0014307282224259544,-0.004773084230567106,0.01972517092040218,1097.313462,822527560.47,1103.849691,1097.124504,0.0030103908592051,1.0,0.0,0.00018574049712063694,0.00020174271615753538,9.877076507920605e-14,1.824188773332558e-13,1.8467722955146542
2024-05-21,38638.80135009366,39113.94555996534,38342.27401110073,38810.50420703124,718022.6523999999,0.0,0.031395,38810.504207031365,38638.80135009378,39113.94555996546,38342.274011100846,0.007911060343380717,0.0034771112715973732,0.004433949071783378,0.019926019767327736,1096.9355460000004,721595472.99,1100.499981,1088.4753810000002,-0.0002958570831532,1.0,0.0,0.00019092862168522908,0.00019874883641735901,2.83888151240256e-13,1.835450252797354e-13,1.84157099739169
2024-05-22,38868.86816332639,39357.24710363603,38501.72516688138,38926.29846591797,939533.5330000004,0.0,0.0,38926.298465918095,38868.868163326515,39357.24710363615,38501.72516688149,0.0029791383372415573,0.001502688950662377,0.0014764493865791143,0.02197707844616402,1088.1489990000002,847933908.3600001,1102.0202339999998,1085.537943,-0.0069075642057768,1.0,0.0,0.00024065390435842058,0.00020049820966329965,8.145828772514221e-14,1.7913477902468773e-13,1.8496527070650934
2024-05-23,39021.516134340935,39414.29787056797,38550.01108738208,39130.77982236328,941588.0586999998,42.6,0.0,39130.7798223634,39021.51613434106,39414.297870568094,38550.0110873822,0.005239289727029633,0.002443114441953218,0.0027961752850764565,0.02217225297140643,1100.276667,716072660.1,1100.276667,1084.180881,0.0095196842565988,1.0,0.0,0.00024278412128047916,0.00020010379003321125,1.4219783039772313e-13,1.5721111629460925e-13,1.8489742287093183
2024-05-24,38919.29300897677,39522.73319406362,38329.4022022597,38924.26411523439,1748761.9380999997,0.0,0.0,38924.26411523452,38919.29300897689,39522.733194063745,38329.402202259815,-0.005291552693836532,-0.005419273123067471,0.00012772042923082604,0.030658747066054256,1083.8716770000003,1013424956.67,1103.7466229999998,1073.865492,-0.012902521865359,1.0,0.0,0.0004699730844002725,0.00020797179762115466,7.773775997727768e-14,1.5210507709238176e-13,1.8515742897417287
2024-05-27,38939.81869133963,39402.99883155501,38581.20637760089,39036.21352363281,747748.486,9.12,0.0,39036.213523632934,38939.81869133975,39402.99883155513,38581.206377601,0.0028719548349795464,0.0003995314849025085,0.002472423350076903,0.02107664938725418,1088.8103520000004,514169748.75,1088.8103520000004,1079.8692030000004,0.0039046995433104,1.0,0.0,0.00021975120469554206,0.0002027583908058476,9.839077435396384e-14,1.5113644413329837e-13,1.8428720778357839
2024-05-28,39198.49901025472,39748.403016844495,38867.460191984224,39317.23439785157,999152.4997000004,0.0,0.0,39317.234397851695,39198.49901025485,39748.40301684462,38867.46019198435,0.007173189863585535,0.004148688328542813,0.003024501535042692,0.02241226297317468,1100.877897,639107919.4500003,1100.877897,1090.2618929999996,0.009467027409495,1.0,0.0,0.0002476210958080876,0.000215139445596252,1.8259865961227026e-13,1.6026637711391187e-13,1.846305916239947
2024-05-29,39443.28077247345,39760.65270212052,39025.69326937624,39225.10279960938,1040646.6129,0.0,0.0,39225.10279960951,39443.280772473576,39760.65270212064,39025.69326937637,-0.0023460376603621335,0.0032007531174596004,-0.0055467907778216806,0.018657566709043776,1093.0704960000005,830655932.4000001,1104.227607,1092.1772399999998,-0.0061130016067186,1.0,0.0,0.00016216732243351173,0.0002232478117179276,5.747349583790551e-14,1.6314005190580715e-13,1.851932482154659
2024-05-30,39116.76642716098,39417.69880711014,38642.945865218586,39176.02351132813,1311823.0368999997,0.0,0.0,39176.023511328254,39116.76642716111,39417.69880711026,38642.94586521871,-0.0012520048372175754,-0.002765735425404441,0.0015137305881869315,0.019850678556146507,1087.642248,823282791.24,1090.004223,1075.17102,-0.0042759706426789,1.0,0.0,0.00019613957228312355,0.00021685953129619854,2.43618576875499e-14,1.4637536909409525e-13,1.8458530989650956
2024-05-31,39232.15870233686,39611.18364133623,38907.22788213312,39284.93175419924,725332.1843000001,0.0,0.0,39284.93175419937,39232.158702336994,39611.18364133636,38907.22788213325,0.002776114882801725,0.0014318709862887254,0.0013442438965130996,0.0179314534709243,1083.691308,530584530.21,1091.722023,1083.442227,-0.0031256976633399,1.0,0.0,0.00016007048110369614,0.0002122325391897898,9.742591270429902e-14,1.4903169848614724e-13,1.8439990584558323
2024-06-03,39284.93175419924,39284.93175419924,39284.93175419924,39284.93175419924,0.0,0.0,0.0,39284.93175419937,39284.93175419937,39284.93175419937,39284.93175419937,0.0,0.0,0.0,0.0,1099.3919999999998,799633495.0799999,1103.239872,1092.2201850000004,0.0123545966607648,1.0,0.0,0.0,0.00020219116617972564,0.0,1.2397216768655746e-13,1.8465100276868718
2024-06-04,39784.39016413873,40022.013618279605,39317.27229818001,39593.57443886718,871277.7947000003,16.94,0.0,39593.57443886731,39784.39016413886,40022.013618279736,39317.27229818014,0.007825814020968661,0.0126335989970963,-0.004807784976127556,0.017765722183771773,1102.4153279999998,674975841.1199999,1107.3883590000005,1101.092622,0.0023587332262668,1.0,0.0,0.0001488813268567351,0.00019535964961430756,2.2685490091997049e-13,1.1902004408240108e-13,1.8448346481700373
2024-06-05,39642.03151089359,40069.82819240916,39356.23314099669,39573.239169824206,1132403.1415999995,0.0,0.0,39573.23916982434,39642.03151089372,40069.82819240929,39356.23314099682,-0.0005137321704200648,0.0012231137122405904,-0.0017368458826605814,0.017969272066865716,1103.128215,695843331.9599999,1111.3564770000005,1103.128215,0.0005552360710051,1.0,0.0,0.00016028206074950513,0.00019652389389662912,1.1463945088580542e-14,1.1541716098628687e-13,1.8517940167936668
2024-06-06,39780.37371874692,40127.26726948175,39385.73009031645,39652.80059345703,873272.1292999999,0.0,0.0,39652.80059345716,39780.373718747054,40127.26726948188,39385.73009031658,0.002008467181145269,0.005220556741483641,-0.003212089560338446,0.018652514760359513,1102.4496839999997,685351696.68,1109.7159780000002,1098.0177600000002,-0.0005284694723774,1.0,0.0,0.0001699725538995231,0.00019071641689118044,5.800177360804534e-14,1.1482017737053652e-13,1.8474907502824482
2024-06-07,39703.0372153255,40024.65828716523,39410.42984587036,39754.59181767578,619621.1195,0.0,0.0,39754.59181767591,39703.03721532563,40024.65828716536,39410.429845870494,0.002563773393975625,0.0012661104706737682,0.0012976629233017642,0.015465223188577844,1105.902462,519365148.96,1110.5834670000002,1102.080357,0.0026857975944611,1.0,0.0,0.00011893607183488861,0.00018747118417197713,1.0407972247221852e-13,1.1251643257301592e-13,1.8482568872612273
2024-06-10,39826.51350924299,40429.453864543226,39542.65497222096,39970.5986397461,766524.7408,204.806059954,0.0,39970.59863974623,39826.51350924312,40429.453864543364,39542.65497222109,0.005418797983124452,0.0018075072180244978,0.0036112907650999626,0.022178613409482757,1108.556463,669059823.8100001,1114.328271,1105.782216,0.0020587625487924,1.0,0.0,0.00024090761899417938,0.00018686367163381083,1.7686265116669555e-13,1.1517816752627486e-13,1.8491478635057277
2024-06-11,40225.387366414914,40478.87304574343,39587.220851710656,39857.358193359374,898444.2325,0.0,0.0,39857.358193359505,40225.387366415045,40478.87304574357,39587.22085171079,-0.0028371143854164153,0.0063541729861014695,-0.009191287371517951,0.022273824397768538,1103.179749,738056549.16,1113.486549,1098.936783,-0.0041759670314474,1.0,0.0,0.00021542757036482045,0.0001902107777632318,7.922772967561487e-14,1.1292764398472363e-13,1.8526312859737288
2024-06-12,39974.5082065644,40410.21475047039,39617.608400580655,40139.89301679689,952066.8601000002,31.739131625,0.0419749999999999,40139.89301679702,39974.50820656453,40410.21475047052,39617.608400580786,0.007063642660712727,0.0029349206671426013,0.0041287219935701855,0.019808917356232466,1116.7331910000005,661268398.35,1117.729515,1100.8607190000005,0.0104879752449365,1.0,0.0,0.0001896116963458579,0.00019317462771992173,1.8483536175335236e-13,1.0329807208823044e-13,1.8466379194427311
2024-06-13,39826.52961505069,40150.147877683776,39410.09268439149,39689.68544658203,904494.7089000002,0.0,0.0,39689.68544658216,39826.52961505082,40150.14787768391,39410.092684391624,-0.011279336605559104,-0.007837414641340842,-0.0034419219642182236,0.01860418051337662,1117.866939,712296678.03,1121.731989,1114.5086400000002,0.0008715440652504,1.0,0.0,0.00016848140389414654,0.00019393179871913185,3.1419543418714367e-13,1.1666231003857e-13,1.8534644577901283
2024-06-14,40055.97988818816,40339.079961118296,39598.81415875105,39763.79580976564,1280651.9441999998,0.0,0.0,39763.79580976576,40055.97988818828,40339.07996111842,39598.81415875117,0.0018655037766598835,0.009186631427766436,-0.007321127651106416,0.018521552828410403,1099.3146990000002,867081623.7300004,1120.8816779999995,1099.3146990000002,-0.0143740057763725,1.0,0.0,0.0001508190028602567,0.0001939574605484456,3.663339632209763e-14,1.1682292049046558e-13,1.8387994126656046
2024-06-17,39881.20622701821,40096.15816588617,39446.10403673215,39646.12449042968,782304.8005,0.0,0.0,39646.1244904298,39881.20622701833,40096.15816588629,39446.10403673227,-0.0029636449707691817,0.002948345766878828,-0.005911990737647993,0.016345237961022385,1094.899953,669672391.29,1102.0545900000002,1092.9846060000002,-0.0034562073975236,1.0,0.0,0.00012008178268888971,0.00019067452482685824,9.555412514661902e-14,1.1666208849383622e-13,1.8438222187810904
2024-06-18,39748.64383084278,40447.32312341361,39521.656446810965,40098.85159892578,1066647.9252000002,0.0,0.0,40098.851598925896,39748.6438308429,40447.32312341373,39521.65644681108,0.01135449515838165,0.002582522741976845,0.008771972416404863,0.023151677754731658,1098.9625500000002,543839075.0099999,1104.992028,1098.0005820000003,0.0031810275685691,1.0,0.0,0.00023827570604854497,0.00019304187904502405,2.6546960376565245e-13,1.1574116112010604e-13,1.8405954610780828
2024-06-19,39884.59205079416,40265.04290043865,39443.782351767455,39897.28648232424,980220.9996,119.0912,0.0,39897.28648232436,39884.59205079428,40265.04290043877,39443.78235176757,-0.005039381850284144,-0.005357610296909172,0.0003182284466250256,0.02060724414911498,1099.211631,659485407.84,1102.947846,1091.3698740000002,0.0001946485166322,1.0,0.0,0.00021229013593398205,0.00019162369062380213,1.2885756075528664e-13,1.181111247716133e-13,1.8529884575177729
2024-06-20,39181.741711060975,39578.15300624615,38804.54085903191,39203.46090927735,1078250.6446,11.6,0.0,39203.46090927746,39181.74171106109,39578.15300624627,38804.54085903202,-0.01754328222018339,-0.01809744800775938,0.0005541657875759517,0.01974000203033859,1101.36747,702661623.72,1105.009206,1093.8435060000002,0.0016828758472106,1.0,0.0,0.00019471520918870207,0.00018922024501921326,4.1501779148964484e-13,1.3175212282620934e-13,1.8435941106434584
2024-06-21,39337.157517019565,39988.52490027852,38989.8290487433,39603.94936777344,971967.0143,0.0,0.0,39603.94936777355,39337.15751701967,39988.52490027863,38989.8290487434,0.010163813395819057,0.0034045246792921368,0.006759288716526952,0.025291716968570514,1101.1269780000002,603579864.5099998,1106.314734,1098.911016,-0.0001875678549913,1.0,0.0,0.0003021864630370165,0.00018083091395105046,2.640381370279039e-13,1.4106714167874067e-13,1.8267204197839977
2024-06-24,39685.01492394646,39998.0925374428,38880.76275321722,39133.6223982422,1426208.0001000003,8.760330568,0.02332,39133.62239824231,39685.014923946575,39998.09253744291,38880.76275321733,-0.01194683943122658,0.0020448138058945077,-0.013991653237121067,0.02833216887485797,1077.1636679999997,943194335.5800002,1103.5490759999998,1075.9096739999998,-0.0188982286157964,1.0,0.0,0.0003257324554928518,0.00018612997649091595,2.1405240330283404e-13,1.468502231261842e-13,1.8437392368757006
2024-06-25,39100.65075584104,39513.50993118179,38734.85959629332,39066.23791240235,1023343.0326,0.0,0.0,39066.23791240246,39100.650755841154,39513.50993118191,38734.85959629343,-0.001723391889711252,-0.000842895141067889,-0.0008804967486433768,0.019902677651854862,1079.259384,469949196.36,1082.274123,1073.839725,0.0016694414738589,1.0,0.0,0.00019775880467973685,0.0001836368619344984,4.3108331829653827e-14,1.3987570673705338e-13,1.8296067292461515
2024-06-26,39157.51790272618,39414.21602919689,38568.834442799,39114.57702851562,840381.2048000001,0.0,0.0232,39114.57702851573,39157.51790272629,39414.21602919701,38568.83444279911,0.0012365980658991954,0.0023338186923895408,-0.0010972206264903467,0.021682011655700086,1083.279036,505960554.33,1084.5072630000002,1071.5206950000002,0.00319299120607,1.0,0.0,0.0002345897576018015,0.0001872579836929129,3.761954978575147e-14,1.3888300943444566e-13,1.83235292439438
2024-06-27,39182.960958544754,39458.08540597869,38734.947157630166,38986.68076347657,708348.4384999997,273.386363107,0.0,38986.68076347668,39182.96095854487,39458.0854059788,38734.947157630275,-0.003275142628395472,0.0017467713334296058,-0.005021913961825083,0.01849675966778461,1081.432401,403397415.75,1084.3526609999997,1078.022568,-0.0014653917922989,1.0,0.0,0.00016132286217012258,0.00018551714818726287,1.185951735380078e-13,1.4359467522696856e-13,1.8356189844935056
2024-06-28,39000.99085962323,39327.05035873506,38335.90485381966,38562.466736328126,840566.2253999999,12.35,0.0,38562.46673632823,39000.99085962333,39327.05035873516,38335.90485381976,-0.010940629839507261,0.00036698355033358223,-0.011307613389840921,0.025525665807681428,1069.605348,576836381.1,1084.4557289999998,1065.164835,-0.00944507663251,1.0,0.0,0.00027638739128410826,0.00019133299369628346,3.375247172029319e-13,1.555996154519002e-13,1.8327670292092257
2024-07-01,38676.07774712747,38997.666983586896,38216.02400825019,38668.37205068359,1102578.8191,53.25,0.05125,38668.37205068369,38676.07774712757,38997.666983587,38216.02400825029,0.0027425671506593613,0.002941823761560818,-0.00019925661090154068,0.02024691909407627,1077.5415839999998,371841687.42,1077.5415839999998,1065.096123,0.0063493224804343,1.0,0.0,0.00020495352927992023,0.00020158067016027946,6.432676868044757e-14,1.588159538859226e-13,1.8235521882921333
2024-07-02,38756.78811177404,39106.44625719194,38460.78103549416,38737.88354511719,684116.5647,0.0,0.0,38737.8835451173,38756.78811177415,39106.44625719206,38460.78103549427,0.0017960179725458234,0.002283911310956136,-0.0004878933384105112,0.01664827162567467,1090.6226310000002,404026731.78,1091.206683,1080.436077,0.010364019030569,1.0,0.0,0.00013849052058629695,0.00020106112984675755,6.777112310072064e-14,1.5086176499496008e-13,1.831364582772233
2024-07-03,38807.24748053791,39379.73464835696,38661.09565813849,39158.179513378906,772184.5277,0.0,0.0,39158.179513379015,38807.24748053802,39379.73464835708,38661.0956581386,0.010791303962019189,0.0017889957242509002,0.00900230823776822,0.018417520703291855,1096.6864650000002,431125799.7900001,1097.794446,1089.2827469999995,0.0047622353647795,1.0,0.0,0.00013829663925300764,0.00019996185877193265,3.56886678391408e-13,1.6813290166010145e-13,1.833829052729996
2024-07-04,39262.55050782486,39626.106486954646,38979.53793865941,39393.081119531256,763203.2004,0.0,0.0,39393.081119531365,39262.55050782496,39626.106486954755,38979.53793865951,0.0059808666207717435,0.002661823118523048,0.003319043502248766,0.016451315564977535,1099.297521,408594104.31,1102.080357,1094.736762,0.0020424894439523,1.0,0.0,0.00013106745400133862,0.00019801660377702346,1.9893169547527723e-13,1.7517939775346306e-13,1.8446057111830836
2024-07-05,39585.00197622357,39809.27319177839,39144.39862234762,39408.93902109375,836244.6832,0.0,0.0,39408.93902109386,39585.00197622367,39809.2731917785,39144.39862234772,0.000402474498705842,0.00486011376687826,-0.004457639268172286,0.016842542499381323,1102.0030560000002,506086554.96,1103.6693219999995,1096.755177,0.0021112838527173,1.0,0.0,0.000134159738336788,0.00019877778710211845,1.2212659696804544e-14,1.7058604461469235e-13,1.846602155482076
2024-07-08,39550.10981997648,40046.93255198552,39334.8644380463,39843.501676464846,1058357.4734000002,0.0,0.0,39843.501676464955,39550.109819976584,40046.93255198563,39334.8644380464,0.01096665306078538,0.0035758016687495995,0.007390851392035908,0.017940818687934585,1102.4496839999997,570310029.4500002,1105.5245460000006,1097.3993520000004,0.0003480308627062,1.0,0.0,0.00013983528007395203,0.00019372417015610708,2.600663867712345e-13,1.747462313949193e-13,1.8436196610838582
2024-07-09,40069.4941691961,40310.33551688992,39628.85678099603,39950.56087919923,1016607.8882,56.49999999999999,0.0,39950.560879199336,40069.49416919621,40310.33551689003,39628.85678099614,0.0026833893035680245,0.005655978550159114,-0.0029725892465912356,0.01705034103670084,1111.167519,650538160.65,1111.545435,1102.501218,0.0067652050981643,1.0,0.0,0.00014194365695864106,0.0001900499744857981,6.607045964530197e-14,1.7408836789340367e-13,1.8532849073150963
2024-07-10,39960.338613421554,40295.13721008316,39474.79209243058,39707.93026181641,1162360.4303999995,0.0,0.0,39707.93026181652,39960.33861342166,40295.13721008327,39474.79209243068,-0.006091789192589838,0.00024471591067570434,-0.0063365051032654805,0.02056850359821683,1104.4938660000005,582414593.04,1114.8178440000004,1104.4938660000005,-0.0051740919753038,1.0,0.0,0.00019602145054164994,0.0001903704621955877,1.319856752139449e-13,1.714458835664333e-13,1.8509483131938929
2024-07-11,39842.69850754097,40059.22587758856,39379.612944532666,39649.53347138672,823514.8467,0.0,0.0,39649.53347138683,39842.69850754108,40059.225877588666,39379.61294453277,-0.0014717406082113917,0.0033882415950625133,-0.00485998220327393,0.017110761546137793,1102.65582,546545812.4699999,1110.832548,1102.65582,-0.0014305310458628,1.0,0.0,0.00013726502887517647,0.0001888096434446392,4.507354934435982e-14,1.5798978932429408e-13,1.842078441083551
2024-07-12,39638.63185529482,39966.87764935812,39303.11120261965,39680.08542958984,719359.2309000002,0.0,0.0,39680.08542958994,39638.63185529493,39966.877649358226,39303.11120261975,0.0007702535354863702,-0.0002749872220066902,0.0010452407574929655,0.01674737111499463,1100.0361750000002,469672716.4500001,1106.838663,1096.952724,-0.0020429675655306,1.0,0.0,0.0001398151821327676,0.00018825945240826474,2.6984556272308293e-14,1.5750734732180462e-13,1.8417559165004018
2024-07-15,39815.315256112925,40144.46350621901,39384.8159439204,39748.90965195312,573964.9208000002,0.0,0.0,39748.909651953225,39815.315256113034,40144.463506219116,39384.815943920505,0.0017329752067755883,0.003402208323935503,-0.0016692331171599191,0.019104175755854515,1099.2373980000002,407427116.88,1104.8631929999997,1096.188303,-0.0006239056421995,1.0,0.0,0.00018140841853438514,0.00019132578420053952,7.595944432948637e-14,1.5652761328094799e-13,1.8430355003756151
2024-07-16,39779.79889762789,40284.98522988525,39520.24198378111,39964.93674423827,694153.8497000001,0.0,0.0,39964.936744238374,39779.79889762798,40284.98522988535,39520.241983781205,0.005420077713171308,0.0007768074646601272,0.004643270248511157,0.01916582865623182,1100.405502,547290221.1,1109.243583,1098.850893,0.0009122249978948,1.0,0.0,0.00017533600360658633,0.0001881787990784416,1.9537574498822136e-13,1.5302292034207644e-13,1.8444513871740185
2024-07-17,40145.76049676447,40432.1591902279,39187.25814231816,39570.896540625006,1364392.0257000006,0.0,0.0,39570.89654062511,40145.76049676458,40432.15919022801,39187.258142318264,-0.009908576077862956,0.004514354907487282,-0.014422930985350118,0.03127384130444188,1089.6520739999996,929641408.92,1108.6337640000002,1079.1391379999998,-0.0084346581903951,1.0,0.0,0.00040866925954302115,0.00019799775525889356,1.835254027282884e-13,1.5575631244072653e-13,1.8490155450648107
2024-07-18,39587.878119189765,39824.415647457725,39056.77966411081,39509.08292578125,1020406.318,0.0,0.0,39509.08292578135,39587.87811918987,39824.415647457834,39056.77966411091,-0.0015633192585543477,0.0004290510786263101,-0.0019923703371805663,0.01946370650611053,1094.6165160000005,560336912.1,1094.8140630000005,1078.9587690000003,0.0039042511488276,1.0,0.0,0.00018788452472955007,0.0001976562210359359,3.877730208948165e-14,1.369442879707184e-13,1.8365966091985886
2024-07-19,39526.90274756561,39816.143571444285,39049.20573094747,39243.5296743164,853840.5123000001,0.0,0.0,39243.5296743165,39526.90274756571,39816.143571444394,39049.20573094757,-0.006744011384022866,0.0004509293313545488,-0.007194940715377328,0.019449911140516588,1086.3195420000002,623617486.1699998,1099.340466,1082.798052,-0.006535088749504,1.0,0.0,0.0001691521550917536,0.00019100450563867277,2.012674181780755e-13,1.3380575202822695e-13,1.838126043736965
2024-07-22,39214.994252315446,39373.49662814307,38142.3539559255,38575.86119013672,1001832.8098,0.0,0.0,38575.86119013682,39214.99425231555,39373.49662814317,38142.3539559256,-0.017159858492735967,-0.0007274014812167768,-0.016432457011519106,0.031767598453160406,1077.610296,716528478.3299999,1088.595627,1069.347678,-0.0069137285772335,1.0,0.0,0.0004002807723237454,0.00019473192148021745,4.44020295212561e-13,1.453041466237133e-13,1.8326901868005105
2024-07-23,38670.869077106654,38999.80691914927,37837.926874909404,38004.20422109375,953851.6364,0.0,0.0,38004.20422109385,38670.869077106756,38999.80691914937,37837.926874909506,-0.014929932080854481,0.0024598564767240347,-0.01738978855757847,0.03024473924738415,1058.0016089999997,569283042.72,1081.1317860000004,1058.0016089999997,-0.0157728794574024,1.0,0.0,0.00034055487788558125,0.0002018717251405097,4.118559644498442e-13,1.6374152825472283e-13,1.8187106095450787
2024-07-24,37890.58907662235,38451.6940358771,37410.698556394775,38221.323078125,935966.4096,0.0,0.0,38221.323078125104,37890.589076622455,38451.694035877204,37410.69855639488,0.005696764637935657,-0.0029940190731566163,0.008690783711092118,0.02744603195996112,1063.7218830000002,565413440.5499998,1067.09736,1046.698485,0.0046312870279414,1.0,0.0,0.00034746562965618216,0.0002075155187432287,1.5924371381423758e-13,1.6982273645614713e-13,1.8117058058498205
2024-07-25,38127.16044548144,38650.86465964572,37858.76543526764,38333.63305048828,469057.799,0.0,0.0,38333.63305048838,38127.16044548154,38650.86465964582,37858.76543526774,0.0029341027313043045,-0.0024666548971580176,0.0054007576284624,0.020706609746821078,1059.1868910000003,361613734.4400001,1061.316963,1053.1831800000004,-0.0036695976779781,1.0,0.0,0.00020311433900147273,0.00020960509258479624,1.631807681092098e-13,1.720520161847072e-13,1.826037546414188
2024-07-26,38432.93329112836,38881.13777006026,38130.13150434141,38722.23786738281,521357.6895999999,0.0,0.0,38722.23786738292,38432.93329112847,38881.13777006037,38130.131504341516,0.010086398527024447,0.0025870714493700696,0.007499327077654349,0.019504420091884918,1066.8482789999998,358406000.61,1066.8482789999998,1059.925545,0.0061902970660108,1.0,0.0,0.0001684860427640586,0.00020421002515879377,4.996200883460993e-13,1.801567847418656e-13,1.8299586597927835
2024-07-29,38945.346945083234,39237.81718680349,38486.803611686526,38907.02591855468,550905.4076999999,0.0,0.0,38907.025918554784,38945.346945083336,39237.81718680359,38486.80361168663,0.004760792288380401,0.0057452460234147075,-0.0009844537350344879,0.01932558669814904,1070.70474,399076976.97,1073.350152,1067.681412,0.0030991679900044,1.0,0.0,0.00018636477375962712,0.0002032805873827791,2.221130951482245e-13,1.8804610106525443e-13,1.840130246508485
2024-07-30,38937.87007211111,39140.18923409909,38480.510679949344,38910.95205937499,498795.3109000001,0.0,0.0,38910.95205937509,38937.87007211121,39140.18923409919,38480.510679949446,0.00010090575277488845,0.0007924515738129017,-0.0006915458210380247,0.01699789973903711,1069.382034,517316500.68000007,1072.534197,1062.433533,-0.0010617067885865,1.0,0.0,0.00014427955804488375,0.00020357003925570842,5.199022626051307e-15,1.84917496041521e-13,1.84147591264618
2024-07-31,38883.61623093329,39112.133681584695,38476.39705736376,38811.83896054688,631272.4263,0.0,0.0,38811.83896054698,38883.61623093339,39112.1336815848,38476.397057363865,-0.0025504270048048653,-0.0007027696192042207,-0.0018476573856007206,0.016387753339480237,1074.921939,588714195.09,1078.5808530000002,1070.4470700000002,0.0044380228279513,1.0,0.0,0.00013296048346027857,0.00020330323146607195,1.0409547650075487e-13,1.722779359469883e-13,1.8390634196085074
2024-08-01,38739.59479968025,38871.62061282543,37716.0382347616,38062.45068447266,984443.5256,0.0,0.0,38062.45068447276,38739.59479968035,38871.62061282553,37716.038234761705,-0.01949707811310128,-0.0018631294938563359,-0.017633948619244895,0.03017901578984693,1053.835944,731986702.8600001,1080.367365,1050.0138390000002,-0.0170158885590434,1.0,0.0,0.0003352658920753769,0.00021351315336977389,5.203337274253136e-13,1.8834803754449014e-13,1.8357635501796086
2024-08-02,37556.99140358372,38475.28510485112,37274.51688744878,38196.3157953125,889203.7448,0.0,0.0,38196.3157953126,37556.99140358382,38475.285104851224,37274.51688744888,0.0035108159892716876,-0.013368699767483897,0.016879515756755656,0.031706190029221794,1062.11574,564872505.33,1062.11574,1039.071453,0.0067218482684116,1.0,0.0,0.0003925790061451752,0.00022643411676019328,1.0336780858953372e-13,1.929057949891266e-13,1.8169455155960819
2024-08-05,37772.30451559127,38145.52418080907,36894.00463659001,37153.44140742187,1116726.4359000002,2.97,0.0,37153.44140742197,37772.304515591364,38145.52418080917,36894.0046365901,-0.02768266347691026,-0.011162916504353968,-0.01651974697255626,0.03335936737113188,1020.4333230000002,809547777.7800001,1062.11574,1017.392817,-0.0343865221957696,1.0,0.0,0.00045100317649655273,0.0002419925115813233,6.672092042049303e-13,2.132629358608114e-13,1.828416821042289
2024-08-06,37281.32057049261,37775.37535785399,36904.56456776911,37562.75793515625,742003.1077000002,0.0,0.0,37562.75793515635,37281.3205704927,37775.375357854085,36904.5645677692,0.010956676762373578,0.00343600988264541,0.007520666879728057,0.023322200363572663,1039.509492,526327907.7000001,1042.146315,1019.2909860000002,0.0159081988334477,1.0,0.0,0.00025011353960579147,0.0002474010057136808,3.9311141399477614e-13,2.296149835782851e-13,1.8017423563678623
2024-08-07,37634.87480308032,37884.13600792482,37320.4662504671,37679.92862060546,424248.2254000001,0.0,0.0,37679.92862060556,37634.87480308042,37884.13600792492,37320.4662504672,0.0031144762507905443,0.001918062774255883,0.0011964134765346717,0.014990580257828541,1044.319332,438200988.5400001,1045.9598310000003,1035.068979,0.0039649887408673,1.0,0.0,0.00011180580447332187,0.00024319022341026442,1.9482959052190785e-13,2.327571793436832e-13,1.8246547626222114
2024-08-08,37684.42336106369,38015.10711414285,37378.94465252952,37703.52779384766,493496.8906,0.0,0.0,37703.52779384776,37684.42336106379,38015.10711414295,37378.94465252962,0.0006261101609186965,0.00011928027894794922,0.0005068298819706517,0.01687606767319646,1037.826048,549210034.3800001,1047.832233,1032.895962,-0.0053570704149933,1.0,0.0,0.0001423016001003967,0.0002434420519715254,3.36499438302509e-14,2.321859990679778e-13,1.827349708898467
2024-08-09,37874.75838463767,38470.14239573071,37617.58618833293,38296.9403415039,868484.5752000001,0.0,0.0,38296.940341504,37874.758384637775,38470.142395730814,37617.58618833303,0.015616340841003384,0.004531219016009644,0.011085121824993743,0.022410759407231022,1050.984396,467565920.64,1052.169678,1037.826048,0.0108213309910172,1.0,0.0,0.00020365324614407256,0.00024663395517209063,4.695189135062317e-13,2.5431271692967396e-13,1.827669387925754
2024-08-12,38347.63954279973,38856.505377515896,38100.81626501878,38651.28200224609,840436.6271000002,0.0,0.0,38651.28200224619,38347.63954279983,38856.505377516,38100.81626501888,0.009209937660361257,0.0013229691849583594,0.007886968475402843,0.019639805198547876,1056.687492,424822762.14,1057.700994,1048.8543240000004,0.0046481628732452,1.0,0.0,0.00016883181471081374,0.0002460051249809121,2.8352268696935725e-13,2.646908790616675e-13,1.84347153279424
2024-08-13,38677.28203473402,38940.47192493142,38219.32108919436,38618.93488027344,636851.3633000002,0.0,0.0,38618.93488027354,38677.28203473412,38940.471924931524,38219.32108919446,-0.0008372468764101505,0.0006724561303184294,-0.0015097030067284785,0.01869294373463329,1056.807738,419447594.1600001,1057.7782950000003,1050.4432889999998,9.773316546497436e-05,1.0,0.0,0.00017383262940123516,0.0002459299562706445,3.404200737451713e-14,2.566241921809823e-13,1.84683377939505
2024-08-14,38746.280957691255,38991.294436934506,38360.92755823468,38572.596965527344,482915.9483,0.0,0.0,38572.596965527446,38746.28095769136,38991.29443693461,38360.927558234784,-0.0012005959515023522,0.0032920787734098773,-0.0044926747249123345,0.016298971573545228,1056.7562039999998,380670921.75,1062.0384390000002,1055.5279770000002,-4.188428060236296e-05,1.0,0.0,0.0001250312230486579,0.00023174805444592636,6.445349126967998e-14,2.5067059660805187e-13,1.8408326169343852
2024-08-15,38466.28828943196,38645.38677562567,38112.95307224352,38352.52225712891,545281.666,0.0,0.0,38352.522257129014,38466.288289432065,38645.386775625775,38112.953072243625,-0.005721806115922336,-0.0027598723221928917,-0.002961933793729425,0.01387320893135989,1050.9156840000005,371249991.21,1057.8985410000005,1049.8162920000002,-0.0047601673645352,1.0,0.0,9.284398258703321e-05,0.00022699602733880056,2.736013974771331e-13,2.6241180137743446e-13,1.8382447527239627
2024-08-16,38376.038027426985,39100.94036186274,38259.8769850268,38966.37092070313,1261921.0553,0.0,0.0,38966.37092070324,38376.038027427094,39100.94036186286,38259.87698502691,0.015878694997127376,0.0006129600489607495,0.015265734948166496,0.021744768107845047,1075.540347,787705091.8800002,1076.407836,1052.779497,0.0198932573509641,1.0,0.0,0.00014639440321860376,0.00022585813974514306,3.2291830172889157e-13,2.6849434555497523e-13,1.832221918722233
2024-08-19,39104.30428138537,39316.82884991522,38796.97197529448,39011.652248437495,538188.172,0.0,0.0,39011.6522484376,39104.30428138547,39316.82884991532,38796.97197529458,0.001161387041726701,0.003533554791089754,-0.002372167749362931,0.013310440517949856,1083.605418,523806692.64,1085.512176,1075.540347,0.0064165391806611,1.0,0.0,8.641016555317231e-05,0.00021016460940661438,5.531570896110414e-14,2.4905911624240237e-13,1.8500588092639205
2024-08-20,39035.51593880094,39377.71158739685,38822.2764017735,39100.296378125,742852.4188,0.0,0.0,39100.29637812511,39035.51593880105,39377.71158739697,38822.27640177361,0.0022696698597228027,0.0006115197171502256,0.0016581501425727062,0.01420574454268011,1092.9931950000002,663170775.96,1095.913455,1083.605418,0.0074090019314868,1.0,0.0,9.983948737966911e-05,0.00019812883988131876,7.814120413544426e-14,2.323733782266824e-13,1.8453498193060796
2024-08-21,39077.756222678654,39633.54919451009,38843.22346919668,39290.97719179688,807914.9820000001,0.0,0.0,39290.977191796985,39077.756222678756,39633.5491945102,38843.22346919678,0.004864857555077923,-0.0005766364170266256,0.005441493972104402,0.02014232794704877,1102.8705450000004,614819344.02,1102.8705450000004,1089.866799,0.0077269941472717,1.0,0.0,0.00019141856690636699,0.00019032648674382802,1.5325393575828252e-13,2.3207388932388464e-13,1.845488187855869
2024-08-22,39386.32726424282,39655.648422345694,39022.86093285842,39371.690268359365,564625.278,0.0,0.0,39371.69026835947,39386.32726424292,39655.6484223458,39022.86093285852,0.002052132415382183,0.0024238278061636115,-0.00037169539078130934,0.016085742832544297,1101.7797420000002,525982372.23,1106.6239380000004,1099.752738,-0.0008499223470271,1.0,0.0,0.00012932219178826758,0.00018663687938316777,9.231260427067322e-14,2.285304811319578e-13,1.8484345043638672
2024-08-23,39367.22911857631,39507.83261419215,38966.92377741392,39246.906454492186,487093.8095999999,0.0,0.0,39246.90645449229,39367.22911857641,39507.83261419225,38966.92377741402,-0.003174412260069968,-0.00011331498635143815,-0.0030610972737185266,0.013785768268680226,1103.9613479999998,546015871.1700001,1105.7736270000005,1096.325727,0.0016990044868777,1.0,0.0,9.140400294561253e-05,0.00018278277739224545,1.66052449867935e-13,2.118520992080496e-13,1.8476421911345593
2024-08-26,39415.0473672494,39586.09109933617,39001.44171962876,39109.59446601562,542224.6136,0.0,0.0,39109.59446601572,39415.0473672495,39586.09109933627,39001.44171962886,-0.003504805023737226,0.004275031591900293,-0.00777983661563756,0.01487920908142839,1099.4091780000003,594486432.54,1108.367505,1098.2926080000004,-0.0035489849117822,1.0,0.0,8.731463388747444e-05,0.0001778302703986378,1.6527277610221266e-13,2.0901008325574904e-13,1.8424884350194422
2024-08-27,39036.69624742415,39270.17584482661,38758.77968595239,39119.04723701172,718300.6793999999,0.0,0.0,39119.04723701183,39036.69624742426,39270.17584482673,38758.7796859525,0.00024167033547633728,-0.0018656864982633434,0.002107356833739858,0.013108043744780296,1099.872984,506726435.46,1101.8999880000003,1094.83983,0.000362266366898,1.0,0.0,8.419489037335197e-05,0.0001748260370150612,8.600600973197435e-15,2.091801621731063e-13,1.8392912199564098
2024-08-28,39166.87693907088,39357.72785689661,38924.70532628312,39158.77241269531,532758.4850000001,0.0,0.0,39158.77241269541,39166.87693907098,39357.72785689671,38924.70532628322,0.001014979192616766,0.0012219235709031516,-0.00020694437828643172,0.011063195907962124,1100.628816,565297145.4900002,1104.304908,1096.7294100000004,0.0005900328100893,1.0,0.0,6.118060841605089e-05,0.00017123704326284985,4.865166361050149e-14,2.0640797152859367e-13,1.840691328144409
2024-08-29,39121.98826143656,39349.70648911264,38847.75710885807,39162.4169359375,323677.97310000006,17.4,0.0,39162.4169359376,39121.988261436665,39349.706489112745,38847.757108858175,9.30660853117213e-05,-0.0009398006266000299,0.0010328667119117215,0.012838172783604027,1100.654583,499208311.98,1106.43498,1099.5981359999998,2.010761205123753e-05,1.0,0.0,8.199723611557038e-05,0.00015857361046485953,7.34190589702016e-15,1.80758380452179e-13,1.8417557662852957
2024-08-30,39141.89915340536,39534.98813435365,38923.013241603,39347.14884726562,487531.0709000001,0.0,0.0,39347.148847265715,39141.89915340545,39534.98813435374,38923.0132416031,0.004705980740353973,-0.000524052415662753,0.005230033156016674,0.015600379653381135,1102.7159429999997,438710488.02,1105.266876,1101.6079620000005,0.0016070856895402,1.0,0.0,0.0001111195176626185,0.0001445006360407317,2.453209163548856e-13,1.8785603584044658e-13,1.8413953410009096
2024-09-04,39141.39836215279,39477.00719348018,38755.04723865832,39185.73875039061,595931.4001000002,125.46188424000002,0.0,39185.7387503907,39141.39836215288,39477.007193480276,38755.047238658415,-0.004110642791741743,-0.005242827488102014,0.001132184696360165,0.018457407418017404,1095.78462,505177237.5300001,1097.047203,1089.454527,-0.0054158121676121,1.0,0.0,0.0001698427758887849,0.0001304426160103433,1.760294900508711e-13,1.632970501327436e-13,1.8458499172675698
2024-09-05,39107.93058107147,39304.34814341083,38699.87867417528,38901.30823847656,795574.3476000001,0.0,0.0,38901.30823847665,39107.93058107157,39304.34814341093,38699.87867417537,-0.0072849923463955855,-0.0019875986295938806,-0.005297393716801826,0.01549868753994107,1089.2655689999997,510580920.9900002,1101.2901689999997,1087.410345,-0.0051250351550856,1.0,0.0,0.0001092643185030493,0.00012340015495520618,2.353878931466331e-13,1.5541087409033646e-13,1.8396442674490725
2024-09-06,38801.68066751224,39126.9884395114,38618.78432730829,38989.25168691406,646782.3743999997,0.0,0.0,38989.251686914155,38801.68066751234,39126.98843951149,38618.784327308385,0.002258129506103621,-0.002564319003958314,0.004822448510061832,0.013073671600511904,1094.2042439999998,442286260.5,1094.6165160000005,1084.7391659999996,0.003885407680867,1.0,0.0,7.647677917594796e-05,0.00012163370369033749,8.954591308857968e-14,1.5014669021867005e-13,1.833225302051824
2024-09-09,38930.01659054974,39048.122448304,38651.40967440549,38836.92958027344,459958.0913,0.0,0.0,38836.929580273536,38930.016590549836,39048.12244830409,38651.409674405586,-0.003914423106963393,-0.0015204225882732463,-0.0023940005186901393,0.010211547234486213,1088.853297,372647507.3999999,1094.2042439999998,1084.764933,-0.0042105510241034,1.0,0.0,4.992390335266653e-05,0.000117014818852951,2.1913140118051353e-13,1.594207630861832e-13,1.8384130570382435
2024-09-10,38849.916964153366,39122.39705170749,38467.05658333151,38718.27426591797,599883.7915000002,0.0,0.0,38718.274265918066,38849.91696415346,39122.39705170759,38467.05658333161,-0.003059895430645436,0.00033435219933876576,-0.003394247629984326,0.016892915781052,1078.117047,516631699.71,1092.3747869999995,1075.531758,-0.0085109061174547,1.0,0.0,0.00013823483653100478,0.00011374389837229761,1.3174176133336467e-13,1.4253190547753984e-13,1.8343851169181313
2024-09-11,38724.403288711095,38980.55550122964,38437.51172030449,38801.082317871085,554699.1171,0.0,0.0,38801.08231787118,38724.40328871119,38980.55550122973,38437.51172030458,0.0021364491941089398,0.00015828540539801258,0.00197816378871092,0.01402909442213203,1076.433603,444684051.63000005,1079.517054,1069.150131,-0.0013421920211916,1.0,0.0,9.689612433630026e-05,0.00011014711385357193,9.926388186071548e-14,1.3331896522210775e-13,1.8330022389528278
2024-09-12,38810.94233459478,39405.24713797165,38680.42437095407,39004.47681962891,499517.8497999998,4.5,0.0,39004.47681962901,38810.94233459488,39405.24713797175,38680.42437095417,0.0052282887579781084,0.0002540847715518472,0.0049742039864263616,0.01856534167481728,1079.0790149999998,327337955.7,1083.012777,1076.433603,0.0021082182387636,1.0,0.0,0.00016277798821566098,0.0001095943817942932,2.683453640190382e-13,1.450341330543338e-13,1.836913931289537
2024-09-13,38980.1197823202,39281.06250992535,38804.57110308261,39126.934237597656,446141.6711999999,0.0,0.0,39126.93423759776,38980.119782320304,39281.062509925454,38804.571103082715,0.003134655232372651,-0.0006246627965531588,0.0037593180289257387,0.012204481137048685,1075.0937190000002,329451966.27,1077.266736,1072.577142,-0.0031779945828585,1.0,0.0,6.901538565354533e-05,0.00010679358992453757,1.7957305508469077e-13,1.5079011124508433e-13,1.8419545819246128
2024-09-16,39225.061143728766,39475.02104763483,38881.04315102463,39042.01006230469,434515.3110999999,1.75,0.0,39042.01006230479,39225.06114372887,39475.02104763493,38881.04315102473,-0.002172837549892118,0.002504772391733376,-0.0046776099416254244,0.015161284082154199,1064.400414,389592487.83,1078.280238,1064.400414,-0.0085857268797475,1.0,0.0,0.00010648013345868087,0.00010747539746811998,1.2808256153809516e-13,1.4351416944813245e-13,1.8431227307397542
2024-09-17,39023.42087350568,39343.141810889465,38758.43045787471,39198.7794586914,552857.0781,56.8,0.0,39198.779458691504,39023.420873505784,39343.14181088957,38758.43045787481,0.0040073625826754205,-0.0004762463724986238,0.004483608955174046,0.014973380444180725,1081.3121550000003,395734052.28,1081.3121550000003,1063.910841,0.0135393671473015,1.0,0.0,0.00010433548227981504,0.00010537245142118053,1.849154591288064e-13,1.366140273181282e-13,1.8391407442706509
2024-09-18,39256.69820807943,39527.32293254031,39071.73880549776,39335.69192851562,719829.8542,0.0,0.0,39335.69192851573,39256.698208079535,39527.32293254041,39071.73880549786,0.0034866882302637347,0.0014764745976265869,0.0020102136326370485,0.01159273963786818,1086.4226099999998,513987919.62,1092.3232529999998,1080.436077,0.0040497370824307,1.0,0.0,6.563480653887567e-05,0.0001043336834704657,1.2313923952199874e-13,1.400052038461729e-13,1.843365250311578
2024-09-19,39379.76251008553,39763.27263550143,39069.91541913184,39596.16321347656,577931.0885000001,0.0,0.0,39596.16321347667,39379.76251008563,39763.27263550154,39069.91541913194,0.006599926733799881,0.0011197441846447936,0.0054801825491552145,0.017590943937061006,1091.893803,410431720.86,1091.893803,1086.353898,0.0043145408272674,1.0,0.0,0.0001431193072292702,0.00010649767446294575,2.8840975905895833e-13,1.505186315923486e-13,1.8450677894821066
2024-09-20,39851.19511689367,40106.10369690124,39536.35317602735,39683.27643359375,635654.1264000001,0.0,0.0,39683.27643359386,39851.19511689378,40106.10369690135,39536.35317602745,0.0021976254011090396,0.006420170154947278,-0.004222544753838129,0.014307952392153581,1092.555156,721843179.75,1102.22637,1091.893803,0.000520072677107,1.0,0.0,9.547116710289456e-05,0.00010170030447277214,8.712148577656943e-14,1.4721200909326294e-13,1.849634806167586
2024-09-23,39678.55622816719,40038.692908904064,39178.68050553583,39756.05841972656,402168.8314,0.0,0.0,39756.05841972667,39678.5562281673,40038.69290890417,39178.68050553593,0.0018323921425568086,-0.00011895404311666864,0.001951346185673285,0.021713575087714272,1089.497472,391420398.81,1096.8067110000002,1088.973543,-0.0024071339736481,1.0,0.0,0.0002342687584433508,0.00010694763280552629,1.146058249248188e-13,1.4832667012597022e-13,1.8483830755038113
2024-09-24,39761.48515757678,40009.85817131808,39570.96922719888,39791.28322373046,434427.0119,0.0,0.0,39791.28322373057,39761.48515757689,40009.85817131819,39570.969227198984,0.0008856312625541318,0.00013649158700098992,0.0007491396755529608,0.011030128944292157,1096.8067110000002,424094586.72,1096.8067110000002,1087.9514520000002,0.0057429600284734,1.0,0.0,6.0615079907530884e-05,0.00010540818665362222,5.1232809539899754e-14,1.4258568810956848e-13,1.8480355647162199
2024-09-25,39786.830005346696,40049.97522211166,39554.66416437944,39845.45394589844,728172.6693999999,0.0,0.0,39845.45394589855,39786.830005346805,40049.97522211177,39554.664164379545,0.0013604457552695022,-0.00011192068290421302,0.0014723664381738341,0.01244443674860312,1105.8165719999995,776495759.76,1106.6411160000002,1099.7956830000005,0.0070267238473554,1.0,0.0,7.659456977012394e-05,0.0001048721834477547,4.68886875317276e-14,1.3666648368104424e-13,1.8471654992170752
2024-09-26,39821.42111145278,40130.30768638665,39470.46264626071,39750.2483711914,567352.6891000001,0.0,0.0,39750.24837119151,39821.42111145289,40130.30768638676,39470.462646260814,-0.0023922301666746914,-0.0006033331960712878,-0.0017888969706032793,0.016579240418563467,1109.2607610000005,764278852.0499997,1115.462019,1107.2509350000005,0.0026709824275862,1.0,0.0,0.00013619940561245502,0.00010747240920970984,1.0607425699685371e-13,1.4154016648222704e-13,1.8472973047352923
2024-09-27,39738.67669896946,39880.81929662454,39364.2828198692,39594.20948330078,766621.9698000002,0.0,0.0,39594.20948330088,39738.67669896957,39880.81929662465,39364.2828198693,-0.003933207013359215,-0.00029115181249392296,-0.0036420552008652575,0.013036611185438772,1108.7711880000002,751454702.04,1116.836259,1105.5846689999998,-0.0003791597832648,1.0,0.0,7.98525885183719e-05,0.00010840600821482589,1.2957877421716568e-13,1.4558652201256025e-13,1.8436546331475387
2024-09-30,39557.8214064912,39747.704554959695,39199.765436715024,39482.04775966796,551273.8511000001,0.0,0.0,39482.047759668065,39557.821406491305,39747.704554959804,39199.765436715126,-0.002836800899821732,-0.0009194477757300586,-0.0019173531240916526,0.013881329366632816,1106.211666,595447198.08,1109.724567,1102.758888,-0.0019850035591225,1.0,0.0,9.4925540550513e-05,0.00010905242343657302,1.303352212976333e-13,1.5173618778259092e-13,1.840001177167773
2024-10-01,39446.19811465024,39851.63981158784,39333.619489954646,39526.43716191406,737171.2330000001,0.0,0.0,39526.43716191416,39446.19811465034,39851.63981158795,39333.61948995475,0.0011236617677383833,-0.0009084111039311579,0.002032072871669594,0.013083943050871641,1109.87058,792378109.1100001,1118.4767580000002,1108.5650520000002,0.0028362161160174,1.0,0.0,8.399964978779136e-05,0.00010769643004283167,3.856377635412586e-14,1.4139833078255291e-13,1.8385212792952341
2024-10-02,39358.20425877156,39653.11308565241,39136.53273969651,39344.93327822266,488595.0329000001,0.0,0.0,39344.93327822277,39358.204258771664,39653.11308565252,39136.53273969661,-0.004602537095105445,-0.004265295630788183,-0.000337241464317237,0.013113087203799122,1106.125776,582137426.0099999,1111.150341,1103.8067460000002,-0.0029029065942751,1.0,0.0,8.593259405217021e-05,0.00010350092095100093,2.394194543737082e-13,1.4456782899869477e-13,1.8410417250225866
2024-10-03,39433.09916823817,39765.82061453995,38981.21535985119,39119.715190136725,764537.2997999999,0.0,0.0,39119.715190136834,39433.09916823829,39765.82061454007,38981.215359851296,-0.00574064144774496,0.0022383378738441897,-0.007978979321589188,0.01992789214398349,1097.76009,867270753.5100001,1116.020304,1096.394439,-0.0065205937628408,1.0,0.0,0.00017396735556056618,0.00010673607280387678,1.919402515644618e-13,1.4239544691958622e-13,1.8363871519706336
2024-10-04,39106.58757870357,39246.07111759714,38861.39744017572,38960.22555839844,390887.5884,0.0,0.0,38960.225558398546,39106.587578703686,39246.071117597254,38861.39744017583,-0.0040852964801981004,-0.00033563165052491413,-0.00374966482967325,0.009849936110996509,1091.3183399999998,488544810.81,1098.816537,1091.3183399999998,-0.005054944555167,1.0,0.0,4.307932725676636e-05,0.00010506620020791771,2.682564892358312e-13,1.513309757269488e-13,1.832527194303747
2024-10-07,39051.70811803395,39338.59167983337,38744.66558841371,38956.16573759766,341317.5614000001,0.0,0.0,38956.16573759777,39051.70811803406,39338.59167983349,38744.665588413816,-0.00010420967236613398,0.002345348903912635,-0.0024495585762787484,0.015212929549143342,1090.742877,427025840.64,1098.1981289999997,1086.207885,-0.0004530259539081,1.0,0.0,0.00011339871630122831,0.00010823994085534577,7.837421276200343e-15,1.4076627673173314e-13,1.8313128107732588
2024-10-08,39028.97939428873,39462.71077374408,38795.11317397237,39201.870054199215,559332.8264000003,0.0,0.0,39201.870054199324,39028.97939428884,39462.7107737442,38795.11317397248,0.0062873925509909796,0.0018673730164087948,0.0044200195345821995,0.017061905412131765,1092.503622,558591455.52,1095.8017980000002,1088.174766,0.0013853719303481,1.0,0.0,0.00013800744028202085,0.00010822857104289657,2.8674343486640876e-13,1.4851636040838535e-13,1.8338331270583197
2024-10-09,39254.41455278022,39493.066559047664,39012.35235873756,39317.76698330079,800952.3234000002,0.0,0.0,39317.7669833009,39254.414552780334,39493.06655904778,39012.35235873767,0.002952051681354004,0.0013394594633251468,0.0016125922180288996,0.012246803219855497,1100.980965,552578726.07,1101.977289,1092.503622,0.0066389581200012,1.0,0.0,7.398755396708353e-05,0.00010708314252443575,9.374075484773408e-14,1.4824020405773626e-13,1.841198971601969
2024-10-10,39386.24941761251,39762.25472333307,39070.27522131184,39435.85975136719,876908.1724000003,0.0,0.0,39435.85975136731,39386.24941761263,39762.254723333186,39070.27522131195,0.002999045541800876,0.001740253032221988,0.0012587925095786342,0.0175561351586002,1104.854604,571426427.67,1111.7000369999998,1103.6607330000002,0.0030166092195757,1.0,0.0,0.00015349683480836215,0.00010661908485407082,8.672366632593808e-14,1.3915911917308126e-13,1.8422597249386232
2024-10-11,39376.89744583015,39731.81167497177,39152.353164977925,39483.65353242188,579228.6751999999,30.6,0.0,39483.653532421995,39376.89744583027,39731.81167497188,39152.35316497804,0.001211203285698632,-0.0014962632607796406,0.00270746654647821,0.014691641443326941,1106.598171,412163091.48,1107.4398930000002,1102.4496839999997,0.0013543585678427,1.0,0.0,0.00010509048158350185,0.00010842283965056864,5.296020458651621e-14,1.3282847664817252e-13,1.8437481329014709
2024-10-14,39615.43435433576,39873.82683867126,39203.27336031861,39369.598195312494,627580.2112999998,0.0,0.0,39369.59819531261,39615.43435433588,39873.826838671375,39203.27336031873,-0.0028928525875746712,0.00333204711608455,-0.00622489970365911,0.01695989229853677,1104.837426,575863333.29,1114.568763,1104.657057,-0.0013677126316669,1.0,0.0,0.0001288503078194171,0.00010954134836860545,1.1708360346375492e-13,1.3227852874445551e-13,1.8433174693593664
2024-10-15,39416.50634068083,39639.08247381646,39158.15360577473,39369.86682714844,628016.7875999999,0.0,0.0,39369.86682714855,39416.506340680935,39639.08247381657,39158.15360577483,6.823308638659298e-06,0.0011907721846975148,-0.0011839488760588476,0.01220689617609897,1100.319612,579864604.83,1111.459545,1099.228809,-0.003519346519853,1.0,0.0,7.396267482349006e-05,0.00010802270799578921,2.759686933800234e-16,1.230465542226842e-13,1.8393729246862751
2024-10-16,39394.88356264087,39702.43996122387,39103.03836154776,39377.38328984376,626747.3037999999,0.0,0.0,39377.38328984387,39394.88356264097,39702.43996122398,39103.038361547864,0.000190900957353514,0.000635226702549936,-0.00044432574519633544,0.015212474356291243,1098.945372,414198598.59,1102.252137,1096.29996,-0.0010733903355978,1.0,0.0,0.00011563342371406908,0.00011052263885454888,7.735150695971198e-15,1.1727634978138283e-13,1.8400938639816555
2024-10-17,39458.97493685163,39769.30620592307,39053.46392863313,39628.33849931641,496388.6928,0.0,0.0,39628.33849931652,39458.97493685173,39769.30620592318,39053.46392863323,0.006352857687010095,0.0020698996750903227,0.004282958011919698,0.018163836595590725,1104.992028,530661917.10000014,1104.992028,1092.3661980000002,0.0047129159559479,1.0,0.0,0.00015787640073285062,0.00011126049352972787,3.229545313252556e-13,1.190035883946977e-13,1.8403545596614865
2024-10-18,39764.42080084571,39901.07039676786,39401.63373291872,39608.594937695314,393312.51819999993,0.0,0.0,39608.59493769543,39764.42080084583,39901.07039676797,39401.63373291884,-0.0004983424060797009,0.0034280817544539654,-0.003926424160533722,0.012595869775911768,1104.0815940000002,522088806.75,1111.50249,1104.0815940000002,-0.0007079635545743,1.0,0.0,7.33725422156506e-05,0.00011015556228536571,3.1988998154142874e-14,1.1624696401357636e-13,1.8466094339685473
2024-10-21,39615.250307129696,39998.38520662233,39144.85044095865,39562.38796416016,489436.55979999993,40.35,0.0,39562.38796416027,39615.250307129805,39998.38520662244,39144.850440958755,-0.0011672705601984436,0.00016801429997404923,-0.0013352848601724905,0.021570203754294213,1099.194453,498382565.52,1106.0141190000002,1099.194453,-0.0038103008424668,1.0,0.0,0.00023194808769531604,0.00011003952874796396,6.028269057227555e-14,1.135308072959492e-13,1.843515891282415
2024-10-22,39564.08485573753,39935.32324896832,39087.239305591786,39369.26880439455,819823.4972999999,0.0,0.0,39369.26880439466,39564.08485573763,39935.32324896843,39087.23930559189,-0.004893335653162069,4.2890615925267783e-05,-0.0049362262690873454,0.021465173460811247,1090.708521,625711312.59,1099.572369,1086.886416,-0.0066565537952672,1.0,0.0,0.00022096426005629983,0.00011805698775540241,1.5160980748522e-13,1.185496571932152e-13,1.8417309858066933
2024-10-23,39460.03038224236,39807.396131206704,39165.295490475015,39662.52065078126,475619.6556000001,0.0,0.0,39662.52065078137,39460.03038224246,39807.39613120681,39165.29549047512,0.007421145194147179,0.0023027381669081448,0.005118407027238853,0.016261691918608306,1091.5760100000002,460239417.75,1093.5600690000003,1085.014014,0.0006828498582668,1.0,0.0,0.0001221011373969634,0.00012033231613674436,3.9339680032254055e-13,1.3587506283275587e-13,1.8369019205341512
2024-10-24,39709.6297290173,39843.19380246731,39316.05120021769,39489.269451953136,418902.1026,0.0,0.0,39489.269451953245,39709.62972901741,39843.19380246742,39316.05120021779,-0.004377702015059883,0.0011870431515914434,-0.0055647451666513935,0.013318732250010387,1079.989449,508954422.06,1094.3330789999998,1079.989449,-0.0091655461175345,1.0,0.0,7.67321730077249e-05,0.00011735895450650786,2.6463943258830623e-13,1.4380332161232848e-13,1.8461421219683611
2024-10-25,39507.692538290175,39656.33854681936,39061.47627237332,39290.66170419922,402992.91300000006,0.0,0.0,39290.66170419933,39507.69253829029,39656.338546819476,39061.47627237343,-0.005042100585832253,0.0004664251942579343,-0.0055085257800903354,0.015114078045328813,1075.961208,451036647.81,1083.691308,1075.128075,-0.0032095912861696,1.0,0.0,0.00010249601700844275,0.0001184911259310114,3.1843790172471147e-13,1.532462779877058e-13,1.8392583170946484
2024-10-28,39351.38440214478,39596.92514429375,39001.88066112696,39396.82553925782,293823.00090000004,0.0,0.0,39396.82553925794,39351.3844021449,39596.92514429387,39001.88066112707,0.0026983680174387636,0.0015442810308139271,0.0011540869866249746,0.015141600327135372,1077.7219530000002,344009634.14999986,1078.0741020000005,1074.432366,0.00140438876509,1.0,0.0,0.00011411951829457911,0.00011945082481821474,2.3310638071649363e-13,1.5838483595864879e-13,1.8352874550619305
2024-10-29,39436.50373828464,39727.86310415741,39068.69142300412,39522.98960185548,578895.8610000001,0.0,0.0,39522.989601855596,39436.50373828476,39727.86310415753,39068.69142300423,0.0031972748503974542,0.0010066352072401153,0.0021906396431573367,0.016731367566521074,1083.742842,421635384.2400001,1084.258182,1080.0066270000004,0.0047850466494092,1.0,0.0,0.0001381155415230135,0.00012215661940497582,1.3974289592328082e-13,1.6344379193710654e-13,1.8401630439204677
2024-10-30,39599.12075900799,39819.6110698238,39345.86549347405,39624.12620341797,465080.6022,0.0,0.0,39624.12620341808,39599.1207590081,39819.61106982391,39345.865493474164,0.0025556624668008677,0.0019243971198447632,0.0006312653469560617,0.011968632089832572,1081.037307,408203734.2599999,1086.3710759999997,1077.9796229999995,-0.002146901820478,1.0,0.0,7.147014031700307e-05,0.00012143349671821745,1.3868055482710812e-13,1.5840684695977652e-13,1.8429315224470315
2024-10-31,39703.97789654181,39948.60934673269,39400.41367459128,39708.24526923828,347974.9481,0.0,0.0,39708.245269238396,39703.977896541925,39948.6093467328,39400.41367459139,0.0021206752246090577,0.0020132012733593786,0.00010747395124970863,0.013817546158540334,1086.0618719999998,402905781.3900001,1088.9821320000003,1078.3918950000002,0.0039828418131883,1.0,0.0,9.545782897065791e-05,0.00011750802038872204,1.5347777275085408e-13,1.5648372301909614e-13,1.8442240193646953
2024-11-01,39591.403956664726,39878.65327027676,39245.17789611791,39620.73448613282,1043445.4323,0.0,0.0,39620.73448613293,39591.40395666484,39878.653270276875,39245.177896118024,-0.0022062761647258415,-0.002946832634609183,0.0007405564698833566,0.01601259444057696,1077.825021,461642173.23,1086.2250630000003,1077.3440370000003,-0.0065388496195119,1.0,0.0,0.00012798973730488583,0.00012175354089112801,5.33663633349025e-14,1.4573921672404972e-13,1.8449933517878119
2024-11-04,39566.79741754514,39813.76356397541,39047.446406768286,39402.68513056642,602791.4845999999,0.0,0.0,39402.68513056653,39566.797417545255,39813.763563975524,39047.446406768395,-0.00551861486169181,-0.0013622618518901017,-0.004156353009801716,0.01943518946437915,1069.0814190000003,505221642.66,1079.6029440000002,1067.063004,-0.0069960396402415,1.0,0.0,0.00018218995523818692,0.00012519310283797593,2.323470481594798e-13,1.569646980682137e-13,1.8414816362416957
2024-11-05,39393.91387634774,39752.60857582787,39190.51573348831,39402.8837873047,383662.8644,0.0,0.0,39402.88378730482,39393.913876347855,39752.60857582799,39190.51573348843,5.041692890762335e-06,-0.0002226302750487498,0.00022767196793943787,0.014240691547686285,1069.983264,285695048.1000001,1072.740333,1068.0850949999997,0.0007242368335575,1.0,0.0,0.0001013786244934586,0.00012336166204854785,3.335021322240334e-16,1.4264420143150445e-13,1.8363450602252662
2024-11-06,39610.665305601935,39910.60806063046,39330.46781787634,39681.95827851563,393728.0308000001,0.0,0.0,39681.95827851575,39610.66530560205,39910.60806063058,39330.46781787646,0.0070576267793929425,0.005259401701136479,0.0017982250782564964,0.014642673685058899,1083.3133919999998,431716551.21,1084.3097160000002,1074.1145730000003,0.0106342924627976,1.0,0.0,0.00010595481968870776,0.00012496002533462903,4.5171993545352864e-13,1.6054316046179418e-13,1.8385303571989606
2024-11-07,39723.54538335371,40132.05734671405,39412.685129011006,39828.55230800783,550150.0494,0.0,0.0,39828.55230800794,39723.54538335382,40132.05734671416,39412.68512901111,0.0036874167833799,0.001047461617207896,0.0026399551661718825,0.018087727938877057,1081.9992750000004,403998044.52,1088.303601,1081.9992750000004,-0.0010425240170399,1.0,0.0,0.0001608907252599895,0.0001253297198572104,1.682854431997472e-13,1.6462124930548464e-13,1.8461947678810997
2024-11-08,39887.09341057701,40088.42616134808,39580.20093177529,39863.823343164055,427669.2987999999,0.0,0.0,39863.823343164164,39887.093410577116,40088.42616134819,39580.20093177539,0.0008851797219258962,0.0014687483884829207,-0.0005835686665570493,0.012758651486996793,1075.8237839999997,432237216.39,1085.726901,1074.286353,-0.0049161989246852,1.0,0.0,8.12600404159456e-05,0.0001241381977988326,5.192116543806845e-14,1.6456929734806224e-13,1.847356094401725
2024-11-11,39843.07927021599,40208.90319536889,39491.49928797339,39949.349465722655,822898.5813,0.0,0.0,39949.349465722764,39843.0792702161,40208.903195369,39491.49928797349,0.0021431588868029003,-0.0005205088326423738,0.002663667719445094,0.018003002778045837,1073.899848,611608861.71,1076.948943,1066.143981,-0.0015373781513069,1.0,0.0,0.0001593132474562395,0.00012566134478067374,6.5192606351509e-14,1.6197474749244994e-13,1.8460916800187874
2024-11-12,39943.44262991527,40170.13204878679,39605.66493526376,39863.60062314453,640172.9470000002,0.0,0.0,39863.60062314464,39943.44262991538,40170.1320487869,39605.66493526387,-0.002148745923444573,-0.0001478690545969796,-0.002000876868847633,0.01415157366464937,1069.1758979999995,443489751.18000007,1079.6544779999997,1067.535399,-0.0037865271295771,1.0,0.0,9.858698593353275e-05,0.00012689256033617585,8.419983204418569e-14,1.6617094065999026e-13,1.847095891016039
2024-11-13,39862.505930406296,40106.286413818045,39464.65972662031,39877.60539746094,735805.0428999998,188.272,0.0,39877.60539746105,39862.505930406405,40106.286413818154,39464.65972662041,0.00035125564709369836,-2.746133696031105e-05,0.0003787169840542056,0.016127509482660098,1070.223756,504778622.0400001,1071.082656,1060.4151179999997,0.0008413624882908,1.0,0.0,0.00012999287618759633,0.0001276105329598522,1.1971029017727627e-14,1.6638273457607805e-13,1.8435343313024148
2024-11-14,39800.08387807716,40077.11921867358,39447.33857379312,39668.79706455079,580779.6067000001,0.0,0.0,39668.7970645509,39800.08387807727,40077.11921867369,39447.33857379322,-0.00524998758087187,-0.0019458783142316048,-0.0033041092666403695,0.015838996670896423,1058.070321,477104606.37,1071.108423,1057.8985410000005,-0.0098094515224886,1.0,0.0,0.00012121967890363587,0.00012577769686839148,2.278756323640415e-13,1.6162878962801737e-13,1.844116336755052
2024-11-15,39548.81677904744,39707.88424298722,38836.097230620144,39140.02927431641,808684.1016999998,0.0,0.0,39140.02927431652,39548.816779047556,39707.88424298733,38836.09723062025,-0.013419200604666354,-0.003029133835857561,-0.010390066768808756,0.022199608391265214,1046.629773,573772083.57,1058.070321,1045.3070669999995,-0.0093375616658984,1.0,0.0,0.0002047094828936242,0.00013234454390229018,4.2396166971917865e-13,1.8122742320626915e-13,1.838561150384649
2024-11-18,39210.67008358009,39368.02028072518,38543.5687604753,39020.94537929688,709657.4403,0.0,0.0,39020.94537929699,39210.670083580204,39368.02028072529,38543.568760475406,-0.0030471469346298407,0.0018031958612599321,-0.004850342795889743,0.02116456115129329,1045.384368,477514215.7800001,1052.4788820000003,1034.63094,-0.0010226302584674,1.0,0.0,0.0002148814307334244,0.0001314912110541956,1.1003905424804754e-13,1.8371524139005773e-13,1.827013709907142
2024-11-19,39023.045857263045,39286.750495256005,38476.69822526367,38567.76891757812,639421.7427999998,162.0,0.0,38567.76891757823,39023.045857263154,39286.75049525612,38476.69822526378,-0.01168163744457429,5.3828050907955775e-05,-0.011735465495482293,0.020834507347006686,1035.1033350000002,375750884.88,1049.06046,1035.1033350000002,-0.0084888279905713,1.0,0.0,0.0001638374443914517,0.00012863487027095318,4.73687371895612e-13,1.9981911961057732e-13,1.8297728466325012
2024-11-20,38563.82658786874,39067.9294540095,38119.63470769592,38830.70833193359,910406.984,0.0,0.0,38830.708331933696,38563.82658786885,39067.92945400961,38119.63470769603,0.0067944599232874,-0.0001022234711204862,0.0068966833944078335,0.02457241581463304,1044.886206,557661610.3800002,1050.202797,1028.9536109999997,0.0080794347232853,1.0,0.0,0.00028352801106883586,0.00013670621395454682,1.9219586855893013e-13,1.897590730223968e-13,1.8211062726598009
2024-11-21,38920.80676937682,39129.949279894914,38681.44862401451,39012.921527343744,495727.8540999999,0.0,0.0,39012.92152734385,38920.806769376926,39129.94927989503,38681.44862401462,0.004681527018512021,0.0023176005677686376,0.0023639264507432866,0.011528018642954024,1055.012637,367051258.56,1055.2015950000002,1042.756134,0.0082838838038527,1.0,0.0,6.428893675246034e-05,0.0001360840521417836,2.420670837492766e-13,1.8863045558044534e-13,1.833892860787273
2024-11-22,39099.17588841987,39284.2518545712,38817.92215078827,38999.902130566414,446403.7721,0.0,0.0,38999.90213056652,39099.17588841999,39284.25185457132,38817.92215078838,-0.0003337758149939568,0.0022084772778514766,-0.002542253092845446,0.011941671314440638,1054.81509,389719347.36,1059.384438,1053.294837,-0.0001608407327522,1.0,0.0,6.880511681599957e-05,0.0001343995071321614,1.9171826589554195e-14,1.7366715182368748e-13,1.8380677160308228
2024-11-25,39016.27284737622,39214.1379621387,38788.6779396881,39028.883931542965,591100.9559999999,0.0,0.0,39028.883931543074,39016.27284737633,39214.13796213882,38788.67793968821,0.0007428489861734003,0.00041967494701472774,0.00032317403915868906,0.01090894570533546,1060.48383,351386468.58,1062.0899729999996,1055.5881000000002,0.0046035029807763,1.0,0.0,5.946220305407323e-05,0.0001316666413701361,3.219976786916391e-14,1.6362182118132099e-13,1.8363563980712527
2024-11-26,38992.974863995536,39336.57804991288,38871.47185403511,39161.88714990233,472521.6977,0.0,0.0,39161.88714990244,38992.974863995645,39336.578049913,38871.47185403522,0.0034020216145366853,-0.000920487428452593,0.004322509042989363,0.011894214975098445,1066.865457,432791035.11,1070.902287,1060.9304579999998,0.0051530756188027,1.0,0.0,6.351861848019628e-05,0.00012793679521799526,1.8384494850707842e-13,1.6582692381051085e-13,1.8371343196670065
2024-11-27,39158.28892615648,39450.43617898263,38972.43234167921,39213.60515624999,764785.9898000001,0.0,0.0,39213.6051562501,39158.288926156594,39450.436178982745,38972.43234167932,0.0013197496393961676,-9.188497597047874e-05,0.001411634615366648,0.01219057058190753,1066.728033,314411596.59,1069.622526,1064.374647,-0.0001106428889256,1.0,0.0,7.353523203631581e-05,0.0001280400498039609,4.400630018813788e-14,1.6109321107856235e-13,1.840367503045515
2024-11-28,39278.06750442465,39535.629929208895,39077.22923277536,39361.13101289063,490241.3807,8.7,0.0,39361.13101289074,39278.067504424755,39535.629929209,39077.22923277546,0.0037550499608635783,0.001642527429528886,0.0021125225313346797,0.011662364069348766,1066.8482789999998,356264333.46000004,1074.020094,1065.817599,9.681330724223638e-05,1.0,0.0,6.628143212458218e-05,0.00012658122996165712,1.9459791548671658e-13,1.6314921821535549e-13,1.8403870767592387
2024-11-29,39381.46676836834,39854.41649132768,39232.29012443032,39696.798626660166,852957.8868000001,0.0,0.0,39696.798626660275,39381.46676836844,39854.41649132779,39232.29012443042,0.008491738459876033,0.0005165121929629833,0.007975226266912881,0.015733091600023223,1074.020094,367577506.5899999,1074.4151880000002,1065.8948999999996,0.005754576062491,1.0,0.0,9.919512870654366e-05,0.00012514149953174,2.5079191766465147e-13,1.7302049593184291e-13,1.8433188127113063
2024-12-02,39816.26416500394,40056.94581797807,39380.92857727229,39676.93466210938,531327.1406,31.739131625,0.0,39676.934662109496,39816.26416500405,40056.94581797819,39380.9285772724,-0.0005005173410000305,0.003004930864019482,-0.003505448205019403,0.017020434287424682,1074.664269,333905620.44000006,1080.539145,1071.683886,0.0005149959981127,1.0,0.0,0.00014010074200006013,0.00012303703886983367,2.3742093765707664e-14,1.6259024821215433e-13,1.8500489724797244
2024-12-03,39656.25419730559,40080.31644807331,39421.76446705295,39858.64060976563,632182.3629000001,0.0,0.0,39858.640609765745,39656.25419730571,40080.31644807343,39421.764467053064,0.004569182109122325,-0.0005213572168105163,0.005090539325932741,0.016567290727038844,1073.478987,410133081.33,1076.914587,1069.253199,-0.0009478313983676,1.0,0.0,0.00012722728708081278,0.00012432947199920137,1.8133164832079411e-13,1.7164015552158283e-13,1.8455847492782897
2024-12-04,39952.25909022943,40202.75083241267,39612.28621268863,39813.23042128907,689497.9008999999,1.75,0.0,39813.23042128918,39952.25909022955,40202.750832412785,39612.28621268875,-0.0011399303871296163,0.002346008471360997,-0.003485938858490656,0.014796093914238615,1065.3881490000003,433955102.28,1071.718242,1064.881398,-0.00649806973772,1.0,0.0,0.0001047680374370374,0.00012427013288661786,4.15257958982437e-14,1.5113044854381857e-13,1.8490293232670645
2024-12-05,39754.76282446069,40521.88502655288,39620.41982396714,40215.710019531245,965720.5310000004,0.0,0.0,40215.71001953136,39754.762824460806,40521.885026553,39620.419823967255,0.010058436093981655,-0.001469626289832325,0.011528062383814064,0.02249756171269434,1088.6815169999998,721453926.27,1090.098702,1063.739061,0.018576422084701,1.0,0.0,0.0002017330802099203,0.0001263122506341144,2.5899015513985044e-13,1.5566568414082374e-13,1.8454059805954532
2024-12-06,40400.32702739111,40774.00248034141,40000.60817899973,40464.89665947266,939957.4366999998,0.0,0.0,40464.896659472775,40400.32702739123,40774.00248034153,40000.60817899985,0.006177133329774096,0.00458016388208405,0.0015969694476899077,0.01915002573304933,1090.9232460000003,514932366.06,1096.04229,1089.5833620000003,0.0017667622586445,1.0,0.0,0.000182376571868795,0.00013136807720675686,1.624053573949073e-13,1.6118989373866568e-13,1.8549294077041942
2024-12-09,40464.149152966886,40970.49642223289,40086.918626520215,40525.49927646484,655768.9457,0.0,0.0,40525.499276464965,40464.14915296701,40970.49642223302,40086.91862652034,0.0014965386352902995,-1.8473132811202493e-05,0.0015150117681015064,0.02180214590902856,1094.1011759999994,502157946.36,1097.407941,1089.6778410000004,0.0024983940445932,1.0,0.0,0.00023678013686999816,0.00013524142167744478,5.631300624816145e-14,1.6074591373349831e-13,1.8565975645038595
2024-12-10,40598.75855942024,40917.09689819677,40177.08386402748,40666.066553613295,548451.3330000003,0.0,0.0,40666.06655361341,40598.758559420356,40917.09689819688,40177.0838640276,0.003462611323175218,0.0018061010312825278,0.0016565102918927098,0.01825121282551773,1092.5809229999998,429132292.89,1097.090148,1091.0778479999997,-0.0011942710032462,1.0,0.0,0.00016549338289650433,0.00013858674152559337,1.5525066941252813e-13,1.642984556019154e-13,1.8540530300471634
2024-12-11,40764.14004186719,41002.988580693855,40488.808521479375,40660.23915664064,603225.8742999999,0.0,0.0,40660.23915664075,40764.14004186731,41002.98858069397,40488.80852147949,-0.00014330902975946783,0.0024087753126121095,-0.002552084342371528,0.01261935313727378,1089.823854,430996621.23,1096.5318630000004,1085.778435,-0.0021701270532712,1.0,0.0,7.710804967468508e-05,0.00013594250019994782,5.842835582356923e-15,1.639920459301469e-13,1.8552555789255987
2024-12-12,40541.651958039714,40880.16957409684,40230.37963967652,40515.10049667968,551070.5727,0.0,0.0,40515.1004966798,40541.65195803983,40880.16957409696,40230.379639676634,-0.003575933657728013,-0.002920801012868639,-0.0006551326448593739,0.016022671333308595,1088.526915,419083678.23,1095.647196,1087.358811,-0.0010227379856111,1.0,0.0,0.00012819720125818916,0.00013629137631767548,1.601641496360228e-13,1.6060647179374596e-13,1.8525180670707986
2024-12-13,40456.329291154805,40754.2170243681,40232.93575547428,40513.81686757813,495212.9013,0.0,0.0,40513.81686757824,40456.32929115492,40754.21702436822,40232.9357554744,-3.1683234662824194e-05,-0.001451653157158561,0.001419969922495778,0.01287336200928525,1084.421373,339463648.23,1087.839795,1082.626272,-0.0032455942364287,1.0,0.0,8.208283375825038e-05,0.00013016004386090678,1.5791900643082044e-15,1.3948734781100242e-13,1.847758177316699
2024-12-16,40758.55838283026,40959.203411793525,40312.08118840621,40644.77578691406,428917.9683000001,0.0,0.0,40644.77578691418,40758.55838283038,40959.20341179364,40312.08118840633,0.003227237651977201,0.006022766144204525,-0.0027955284922273815,0.01592532721066191,1085.469231,331416614.12999994,1088.3121899999996,1081.054485,0.0008295397975375,1.0,0.0,0.00012378914085056175,0.00012560542936676365,1.8511941768257685e-13,1.432413659827289e-13,1.8483262547073167
2024-12-17,40546.12350455737,40829.905787022486,40306.72509518892,40514.525646484384,511548.1798,0.0,0.0,40514.5256464845,40546.12350455749,40829.9057870226,40306.72509518904,-0.003209743059732458,-0.002430132730816384,-0.0007796103289160845,0.01289646704230964,1083.691308,307671550.6200002,1086.895005,1082.72934,-0.0014079717745236,1.0,0.0,8.292464436200589e-05,0.00012155978936529137,1.5487202122407318e-13,1.2730059844915196e-13,1.8513505351194208
2024-12-18,40527.36538975679,40843.798366182,40393.51287174604,40673.46889804687,422230.96930000006,0.0,0.0,40673.46889804699,40527.36538975691,40843.79836618212,40393.512871746156,0.003915442314180458,0.00031686682567912453,0.0035985754885015722,0.011085795407205539,1087.3674,336601621.64999986,1087.8226170000005,1083.493761,0.0029086255701898,1.0,0.0,5.6445016222680845e-05,0.00011020563962298361,2.279919600497023e-13,1.2909040302369056e-13,1.8465642004245222
2024-12-19,40400.67138267557,40835.4673092593,40148.81453823738,40556.74153056641,773737.3325,0.0,0.0,40556.74153056653,40400.67138267569,40835.46730925942,40148.81453823749,-0.00287399102403316,-0.006729606850097055,0.003855615826063821,0.016958086451411475,1077.636063,569202735.57,1082.0078639999997,1073.1010710000005,-0.0077212824659061,1.0,0.0,0.00013804578360936438,0.00011389348196582882,9.158593859595272e-14,1.2156634576602438e-13,1.8511125695301622
2024-12-20,40580.15742679848,40927.87353368723,40289.62993179416,40559.79893085938,522936.6681999999,0.0,0.0,40559.79893085949,40580.15742679859,40927.873533687336,40289.62993179427,7.53829065445237e-05,0.0005771947703957212,-0.000501811863851041,0.01571722137315822,1080.0667500000002,383984128.5,1081.3551000000004,1076.9747100000004,0.001935130208714,1.0,0.0,0.00012341824907521534,0.00011662413857878961,3.5540864682352834e-15,1.207854587599584e-13,1.8466169428227275
2024-12-23,40826.81223466293,41434.64437164515,40566.94333403082,41181.00418300783,659357.9582000002,176.70000000000002,0.0,41181.00418300794,40826.81223466304,41434.644371645256,40566.943334030926,0.015199684569098655,0.00656162624291945,0.008638058326179381,0.021163820094673498,1084.584564,330390142.74000007,1086.68028,1083.605418,0.0035852019710475,1.0,0.0,0.0001951298804997883,0.00012340752245107537,5.597787274592287e-13,1.4716440673946168e-13,1.8472337755069326
2024-12-24,41289.63302892131,41850.76403511519,40982.95933252422,41624.48402802734,704420.844,41.0,0.0,41624.48402802746,41289.633028921424,41850.76403511532,40982.95933252433,0.010711465986926691,0.0026343656944700215,0.008077100292456788,0.02095369901106669,1082.5232040000003,447267622.83,1084.9367130000005,1076.8716419999998,-0.0016339774736818,1.0,0.0,0.00019432708117056365,0.00012994794558559373,3.6531529164203705e-13,1.562379238962096e-13,1.8623508030814921
2024-12-25,41717.1229766832,42146.99540505344,41334.731405823295,41839.70066308595,662832.7765000002,0.0,0.0,41839.70066308606,41717.12297668332,42146.99540505357,41334.73140582341,0.005157112906412008,0.0022231149635566997,0.002933997942855421,0.01946029781637379,1094.272956,622140607.6199999,1102.046001,1082.9097090000002,0.0092723059607561,1.0,0.0,0.00018602624083275158,0.00013557249602541552,1.859576696534507e-13,1.6333549236947525e-13,1.866846001407172
2024-12-26,41939.216932136434,42081.5201618268,41339.264984009,41591.63801464845,481785.4021,196.84000000000003,0.0,41591.63801464857,41939.21693213656,42081.52016182692,41339.26498400912,-0.005946527608235928,0.002375688746332859,-0.008322216354568606,0.017795918977318862,1093.2680430000005,431245702.23,1096.9613130000002,1092.5122110000002,-0.0007891233460852,1.0,0.0,0.00013159289485276983,0.0001388380691618249,2.9675891734404834e-13,1.6844354246234183e-13,1.8657529060770788
2024-12-27,41648.4871762924,42227.54136433721,41184.92395013549,41830.85292646484,629359.5252,0.0,0.0,41830.852926464955,41648.487176292525,42227.54136433733,41184.923950135606,0.005735037752497828,0.0013659078563901831,0.004369129896107742,0.025000381282384822,1095.2177459999998,506776852.89,1097.579721,1092.718347,0.0015303735195848,1.0,0.0,0.0003051354447108077,0.0001491350849620381,2.1784156667342588e-13,1.6679602491278054e-13,1.8553366839376064
2024-12-30,41709.11054677491,41891.19858963939,41263.377405928426,41584.404220019525,368720.6444000001,0.0,0.0,41584.40422001964,41709.11054677503,41891.19858963951,41263.37740592854,-0.0059089771334257385,-0.0029145922696225965,-0.0029943848638031966,0.01510038638006567,1092.537978,389036779.53,1094.367435,1089.746553,-0.0021041232904181,1.0,0.0,0.00011054718755648949,0.00014765740723985958,3.853757398552832e-13,1.8487770721725934e-13,1.861342558122196
2024-12-31,41570.06373098647,41971.299095333474,40979.17266208383,41568.73067724609,464549.7815,0.0,0.0,41568.73067724621,41570.063730986585,41971.2990953336,40979.17266208395,-0.0003769802059397076,-0.00034491205412255134,-3.206815181709445e-05,0.023922076031804664,1088.0373420000003,349720202.58,1092.915894,1088.0373420000003,-0.0035454879398618,1.0,0.0,0.00028613246358359515,0.0001556026660649987,1.952178493138473e-14,1.7678721404778887e-13,1.85245470839984
2025-12-29,47918.57172500193,48158.155573650045,47397.44795651836,47979.17691298828,246613.1095,0.0,0.0,47979.17691298843,47918.571725002075,48158.1555736502,47397.4479565185,0.14341888425847327,0.14215492974618096,0.0012639545122922155,0.015922115706063295,1602.344404,468722173.5993,1602.344404,1579.48038,0.0131229725584134,1.0,0.0,0.00012613974774336922,0.00015667125158031527,1.2120970298755258e-11,7.807594391906395e-13,1.8530651491381303
2025-12-30,47935.17684610579,48479.97857182214,47647.80762175244,48177.335381347664,249595.6151,2.08,0.0,48177.335381347824,47935.17684610595,48479.9785718223,47647.8076217526,0.00412158769383377,-0.0009174866585564442,0.005039074352390232,0.01731428075555075,1613.3563900000004,506408803.7411,1613.3563900000004,1588.8579169999998,0.0062537433458877,1.0,0.0,0.00014008326819692492,0.0001535887609796655,3.4275580364097445e-13,7.849477216156958e-13,1.996387116523703
2025-12-31,48274.43769189396,48701.37538535833,47947.82354213161,48179.14906337891,215441.1921,0.0,0.0,48179.149063379075,48274.437691894134,48701.37538535851,47947.82354213178,3.7645251213016565e-05,0.002013490063642901,-0.001975844812429875,0.015593861543275925,1629.417819,541317744.4196,1632.394525,1607.1838340000002,0.0090452247385914,1.0,0.0,0.00012007618012958767,0.00015047374139270513,3.626789342490362e-15,7.77008793213075e-13,1.9428212498687518
