time,open,high,low,close,volume,Dividends,Stock Splits,close_adj,open_adj,high_adj,low_adj,log_return,overnight_return,intraday_return,hl_log_range,mkt_close,mkt_volume,mkt_high,mkt_low,mkt_return
2018-07-03,,,,,,,,,,,,,,,,,,,,
2018-07-04,,,,,,,,,,,,,,,,,,,,
2018-07-05,,,,,,,,,,,,,,,,,,,,
2018-07-06,,,,,,,,,,,,,,,,,,,,
2018-07-09,,,,,,,,,,,,,,,,,,,,
2018-07-10,,,,,,,,,,,,,,,,,,,,
2018-07-11,,,,,,,,,,,,,,,,,,,,
2018-07-12,,,,,,,,,,,,,,,,,,,,
2018-07-13,,,,,,,,,,,,,,,,,,,,
2018-07-16,,,,,,,,,,,,,,,,,,,,
2018-07-17,,,,,,,,,,,,,,,,,,,,
2018-07-18,,,,,,,,,,,,,,,,,,,,
2018-07-19,,,,,,,,,,,,,,,,,,,,
2018-07-20,,,,,,,,,,,,,,,,,,,,
2018-07-23,,,,,,,,,,,,,,,,,,,,
2018-07-24,,,,,,,,,,,,,,,,,,,,
2018-07-25,,,,,,,,,,,,,,,,,,,,
2018-07-26,,,,,,,,,,,,,,,,,,,,
2018-07-27,,,,,,,,,,,,,,,,,,,,
2018-07-30,,,,,,,,,,,,,,,,,,,,
2018-07-31,,,,,,,,,,,,,,,,,,,,
2018-08-01,,,,,,,,,,,,,,,,,,,,
2018-08-02,,,,,,,,,,,,,,,,,,,,
2018-08-03,,,,,,,,,,,,,,,,,,,,
2018-08-06,20242.688503767607,20341.146866251987,19998.118529548963,20155.43573774414,153228.51960000003,0.0,0.0,20155.43573774414,20242.688503767607,20341.146866251987,19998.118529548963,0.003176429850340374,0.006589224033110579,-0.0034127941827702176,0.018372578017955495,915.5793050000001,146520502.395,918.2109650000001,910.9929700000001,0.0006257898059330899
2018-08-07,20168.916649903345,20308.822911387462,19818.95699763175,20072.601455810545,209499.51129999998,26.599999999999998,0.02507,20072.601455810545,20168.916649903345,20308.822911387462,19818.95699763175,-0.0021551805763187775,0.0025029984233353258,-0.004658178999654108,0.02613770261950935,912.2992649999999,131872749.58000001,917.2860699999999,909.3624850000003,-0.0034220232659499636
2018-08-08,20045.780775187424,20395.59503107314,19877.0818692341,20184.524094970697,208720.5433,0.0,0.0,20184.524094970697,20045.780775187424,20395.59503107314,19877.0818692341,0.007186425164543366,-0.0006146942688868407,0.007801119433430209,0.02338383667994433,921.338445,134126699.62500003,921.338445,913.7485849999998,0.009400906079472592
2018-08-09,20160.026098752376,20595.514909432582,19997.238249051767,20440.214636669916,260920.12299999993,0.0,0.0,20440.214636669916,20160.026098752376,20595.514909432582,19997.238249051767,0.00170326272082808,-0.002184108418436993,0.0038873711392650714,0.023781770523054135,918.6972500000002,148991421.365,927.29782,918.6972500000002,-0.002737317725907182
2018-08-10,20472.23875738469,20597.20416252011,20177.667873711074,20416.40250317383,221546.67709999997,85.05,0.0,20416.40250317383,20472.23875738469,20597.20416252011,20177.667873711074,-0.0032570668471161145,0.001144794389065737,-0.004401861236181858,0.01895061536399396,923.4361450000001,163468163.95499995,923.4361450000001,910.63064,0.004905775404058101
2018-08-13,20385.565952107427,20620.787308785486,20182.848187080042,20449.301763867188,240841.4137,0.0,0.0,20449.301763867188,20385.565952107427,20620.787308785486,20182.848187080042,0.001978713712054358,-0.0005826761984340152,0.0025613899104883226,0.021562134133216417,932.5611399999998,169810550.37,932.5611399999998,918.611435,0.009375824962477453
2018-08-14,20513.60184574768,20611.89262607697,20245.579906374638,20530.617400488285,377314.6143,0.0,0.0,20530.617400488285,20513.60184574768,20611.89262607697,20245.579906374638,0.003673208221761726,0.0026912997543632657,0.0009819084673984646,0.016289913341890908,932.7804449999998,142789313.87,935.78397,929.1571449999999,0.00022420270919283272
2018-08-15,20587.70592021894,20731.43987632011,20368.437661766373,20545.830521582033,333314.1849,0.0,0.0,20545.830521582033,20587.70592021894,20731.43987632011,20368.437661766373,-0.0016896105341015675,0.0023852583022293465,-0.004074868836330906,0.016434326947976623,916.6662949999999,163072490.05999997,936.337,916.6662949999999,-0.016616029562674613
2018-08-16,20550.93692318611,20686.836190012895,20243.30732914811,20619.67158295898,300148.89060000004,13.973679755,0.0,20619.67158295898,20550.93692318611,20686.836190012895,20243.30732914811,0.0029727495221977766,0.001456749218603491,0.0015160003035942858,0.01968079144081575,919.4409800000001,148732927.515,919.4409800000001,911.43158,0.0028818187231820906
2018-08-17,20629.581818283266,20754.705285506385,20412.45668755911,20598.756095507815,249781.7504,0.0,0.0,20598.756095507815,20629.581818283266,20754.705285506385,20412.45668755911,-0.0009547783165038172,0.0011971245858992219,-0.0021519029024030752,0.018262095313970324,923.82708,129794910.98500001,930.1583200000002,923.82708,0.004537760224973944
2018-08-20,20520.68737255,20738.32349570484,20379.02444340527,20638.825211523435,300108.7536,0.0,0.0,20638.825211523435,20520.68737255,20738.32349570484,20379.02444340527,0.004813072658722421,0.0012455207809775532,0.0035675518777448702,0.01906507415871479,924.53267,152507996.10999998,928.2989950000001,921.5196100000002,0.0007279752739478108
2018-08-21,20689.47328872642,20781.066440184473,20468.046835295623,20687.16686113281,243003.81720000005,0.0,0.0,20687.16686113281,20689.47328872642,20781.066440184473,20468.046835295623,0.0026868705596241075,0.002152166752066296,0.0005347038075578206,0.013805365586903835,933.6767350000001,158679334.16,933.6767350000001,923.417075,0.009384234448092043
2018-08-22,20700.858052789365,20832.95566349806,20564.062606879877,20737.800787109376,309768.8864,0.0,0.0,20737.800787109376,20700.858052789365,20832.95566349806,20564.062606879877,0.002140332044260076,-2.9260393493463427e-05,0.0021695924377535293,0.012249131933357783,936.4800250000001,157472718.05,940.4942600000003,933.6767350000001,0.0028585186804620374
2018-08-23,20658.98783184543,20854.85839376236,20548.11458589367,20774.876567773437,361939.5456,0.0,0.0,20774.876567773437,20658.98783184543,20854.85839376236,20548.11458589367,0.0024390814651374096,-0.0032695410078701897,0.005708622473007588,0.016839205157006504,941.4477600000002,130500672.615,943.440575,936.7946800000001,0.00504465231222149
2018-08-24,20720.681417945452,20914.814343109076,20584.447831593327,20823.95703613281,247561.88220000002,0.0,0.0,20823.95703613281,20720.681417945452,20914.814343109076,20584.447831593327,0.0036677231622209185,-0.0019595229549730585,0.005627246117193996,0.016918989579998545,941.1521750000002,147348865.05499998,943.2117350000002,937.1760799999997,-0.0002994160305397592
2018-08-27,20812.58735710279,21163.308259931768,20618.33709731314,20944.03283071289,278725.055,0.0,0.0,20944.03283071289,20812.58735710279,21163.308259931768,20618.33709731314,0.001083586902950894,-0.0038418791470109636,0.004925466049961862,0.0212485673568292,945.79572,164656186.815,948.2938899999999,943.9936049999999,0.004692900219473901
2018-08-28,20972.770818934427,21173.103097541025,20804.853856307993,21043.25409707032,280046.82009999995,0.0,0.0,21043.25409707032,20972.770818934427,21173.103097541025,20804.853856307993,0.0013928137978328932,0.002265022312466923,-0.000872208514634043,0.016977936611946194,948.9136650000003,152876123.39,949.009015,943.783835,0.0031381733416763475
2018-08-29,21053.55287442714,21265.691065053867,20883.967120161273,21180.848414599615,198115.82619999998,0.0,0.0,21180.848414599615,21053.55287442714,21265.691065053867,20883.967120161273,0.00548249113226929,0.0017205192613396782,0.00376197187092964,0.016469278640795462,942.220095,140902594.815,948.7801750000001,941.552645,-0.006749755921138762
2018-08-30,21052.04260638454,21355.678969574266,20911.675979321633,21233.115984765624,210035.2665,161.28479417,0.03978,21233.115984765624,21052.04260638454,21355.678969574266,20911.675979321633,0.0024547782458262586,-0.004487899082711742,0.006942677328537977,0.020578377677120823,951.659745,148842255.825,951.659745,937.7005049999999,0.009505123420562922
2018-08-31,21244.87876937156,21393.00763219043,21009.472732303635,21249.67839057617,302712.7748,0.0,0.0,21249.67839057617,21244.87876937156,21393.00763219043,21009.472732303635,0.0011175787154349278,-0.0004651674332982301,0.001582746148733143,0.020190908496283706,943.52639,155652906.09,956.4177099999998,943.52639,-0.008184105466518099
2018-09-03,21249.67839057617,21249.67839057617,21249.67839057617,21249.67839057617,0.0,0.0,0.0,21249.67839057617,21249.67839057617,21249.67839057617,21249.67839057617,0.0,1.7918999617450022e-17,-8.959499808725013e-18,1.7918999617450022e-17,943.52639,155652906.09,956.4177099999998,943.52639,0.0
2018-09-04,21250.776764937094,21416.854057637778,21018.405476218904,21177.61051088867,268997.17659999995,0.0,0.0,21177.61051088867,21250.776764937094,21416.854057637778,21018.405476218904,-0.0033652678912256414,-0.002289634203920168,-0.0010756336873054783,0.019251286465959052,930.5587900000003,164124496.14499998,946.0436299999999,930.5587900000003,-0.013195562368854934
2018-09-05,21188.520624243465,21312.075455021837,20954.009060252058,21108.20596518555,315876.7677,17.85,0.0,21108.20596518555,21188.520624243465,21312.075455021837,20954.009060252058,-0.0007332793301642424,0.0006804694221270864,-0.001413748752291321,0.01693025162135946,923.40754,153886118.265,933.2667299999999,919.9368000000001,-0.007355851702887068
2018-09-06,21063.131813573753,21195.18433983483,20867.842498935745,21028.234968701177,301380.3616000001,98.7,0.0,21028.234968701177,21063.131813573753,21195.18433983483,20867.842498935745,-0.003843259878103142,2.9813597376221685e-06,-0.0038462412378407612,0.015433248418019027,913.6341650000002,135624199.98,925.69594,913.443465,-0.010145660776378768
2018-09-07,20969.55393418663,21197.528008279573,20878.445801320333,21099.08681030273,248307.9125,0.0,0.0,21099.08681030273,20969.55393418663,21197.528008279573,20878.445801320333,0.004973454478976328,-0.00011508506038007496,0.005088539539356385,0.01433182123544755,923.8461499999997,145520662.295,924.2656899999997,911.06925,0.010598456886759564
2018-09-10,21022.46404347786,21202.699242669936,20853.43623077505,21076.913231884762,167145.61159999995,0.0,0.0,21076.913231884762,21022.46404347786,21202.699242669936,20853.43623077505,-0.0015895597192013783,-0.005116730420914968,0.0035271707017135775,0.015901943484878323,925.2191899999998,143347588.12000003,929.271565,923.1691650000001,0.0014160601600236226
2018-09-11,21134.47974156773,21291.985107785255,20931.07872562764,21180.948332568358,361072.6214,0.0,0.0,21180.948332568358,21134.47974156773,21291.985107785255,20931.07872562764,0.009009045618815298,0.001969246402275159,0.00703979921654012,0.01831995290161098,939.2547099999998,151457696.79000002,939.2547099999998,922.9117199999997,0.014355922199659157
2018-09-12,21193.028052921036,21368.20045010953,21001.89858820103,21150.768020166015,299803.8856,0.0,0.0,21150.768020166015,21193.028052921036,21368.20045010953,21001.89858820103,-0.0019141620280000624,0.0018638426534999157,-0.003778004681499989,0.01807217249389925,941.1140349999998,162913131.605,948.5704049999999,941.1140349999998,0.0018856588315637494
2018-09-13,21102.742452527713,21312.162443809488,20941.882445847474,21122.050332226565,275135.1149,8.52,0.0,21122.050332226565,21102.742452527713,21312.162443809488,20941.882445847474,0.00043861989742688704,0.000347149283400564,9.147061402630568e-05,0.01842835487054523,942.0103250000002,141921295.145,946.7873599999998,939.1212199999999,0.000907653894439284
2018-09-14,21135.536479988034,21495.531731523024,21040.862481592234,21287.114722216804,500829.80950000003,0.0,0.0,21287.114722216804,21135.536479988034,21495.531731523024,21040.862481592234,0.008457890374548629,0.0010709923913547722,0.007386897983193849,0.020576133203769092,945.2426900000002,142766544.29000002,949.256925,943.5454600000002,0.0032661895535059746
2018-09-17,21400.26157831213,21591.025411230836,21135.79765079502,21337.583202490227,287576.5957999999,0.0,0.0,21337.583202490227,21400.26157831213,21591.025411230836,21135.79765079502,0.002946783335642571,0.005011503666790366,-0.002064720331147807,0.02258489792622241,941.6861350000001,139917657.92,947.616905,941.12357,-0.003594390168218498
2018-09-18,21346.69892495808,21562.732432064702,21178.77239337888,21435.286550830086,330170.5132,0.0,0.0,21435.286550830086,21346.69892495808,21562.732432064702,21178.77239337888,0.004234382207281127,-0.0012418492486149957,0.0054762314558961245,0.019298636138186942,947.2927149999998,163147978.65499997,947.2927149999998,936.2321150000001,0.005660084259706992
2018-09-19,21448.747492373554,21569.722104555105,21280.581563749518,21377.076227246096,418757.9894,0.0,0.0,21377.076227246096,21448.747492373554,21569.722104555105,21280.581563749518,0.00020037302833747728,0.00018170759831036924,1.866543002708676e-05,0.015710683164819474,949.2473899999998,196656562.175,955.244905,948.2557499999999,0.0019654562194794957
2018-09-20,21399.017204664407,21622.325987451375,21255.405438596594,21466.73592504883,324083.2912,40.35,0.0,21466.73592504883,21399.017204664407,21622.325987451375,21255.405438596594,0.0046070910641066755,0.0022310301951716342,0.0023760608689350365,0.015085066001501007,958.01959,171088364.325,958.01959,950.1436800000001,0.008771033911967333
2018-09-21,21408.022612983103,21618.938147267356,21220.49027250284,21430.718425439452,458794.14739999996,0.0,0.0,21430.718425439452,21408.022612983103,21618.938147267356,21220.49027250284,-0.0036852698494992666,-0.0042372103126004455,0.0005519404631011658,0.01715097861012899,956.331895,260699467.13,962.17685,953.871865,-0.0016812143558955666
2018-09-24,21520.673406273312,21696.73162020686,21357.189322537324,21559.36978300782,318587.10010000004,0.0,0.0,21559.36978300782,21520.673406273312,21696.73162020686,21357.189322537324,0.0066880051407461755,0.0031992463919325357,0.0034887587488136506,0.01612143961197525,964.2650150000002,161521870.21999997,964.2650150000002,960.603575,0.007877002092351279
2018-09-25,21578.881067417344,21689.619097375,21366.05206593713,21562.024754589853,300601.39519999997,0.0,0.0,21562.024754589853,21578.881067417344,21689.619097375,21366.05206593713,0.0005506378662861853,0.0010367272825734177,-0.000486089416287237,0.013948072786860445,963.7405899999999,189023308.39000002,967.3543549999996,961.7668450000001,-0.000518711406787556
2018-09-26,21505.55131658484,21916.3295020279,21410.204848768568,21768.61151337891,422912.2761,0.0,0.0,21768.61151337891,21505.55131658484,21916.3295020279,21410.204848768568,0.009738185273874598,-0.002844054159732275,0.01258223943360686,0.022404544717027904,962.6631349999999,209672342.53,967.6690100000001,960.59404,-0.0010666024326005344
2018-09-27,21718.06665097812,22001.606261964684,21603.010574097774,21865.86180581055,368119.43659999996,0.0,0.0,21865.86180581055,21718.06665097812,22001.606261964684,21603.010574097774,0.0027596018895533047,-0.004140042022462702,0.006899643912015998,0.018744172115965053,968.155295,172548010.73000002,970.4532299999998,963.5022150000002,0.005424423759712626
2018-09-28,21870.879235877015,22165.417832110317,21675.062546739482,22028.746954199207,301998.7465,0.0,0.0,22028.746954199207,21870.879235877015,22165.417832110317,21675.062546739482,0.006689081123370932,-0.0017181507506934153,0.008407231874064336,0.023989813980442684,969.8334550000003,214124653.57,973.37094,968.1838999999998,0.001651326365998896
2018-10-01,21920.802812684757,22052.06048313007,21660.686561729428,21863.530193847655,328241.3989999999,0.0,0.0,21863.530193847655,21920.802812684757,22052.06048313007,21660.686561729428,-0.006114517144141604,-0.002831697353859634,-0.003282819790281959,0.019491850228462573,965.78108,214580340.75500003,976.260045,965.78108,-0.0039924738505448315
2018-10-02,21866.430468648137,22166.698470962976,21679.832215718958,22050.055545996092,363517.8324,0.0,0.0,22050.055545996092,21866.430468648137,22166.698470962976,21679.832215718958,0.0058933338020405205,0.0015934191624673176,0.00429991463957321,0.01941600523899889,971.4162650000001,194449991.54500002,974.0097850000001,965.78108,0.005547358473470984
2018-10-03,22087.89605962952,22333.727145032786,21958.85039939762,22170.146789404294,229675.6705,28.6,0.0,22170.146789404294,22087.89605962952,22333.727145032786,21958.85039939762,0.0056890493920678815,0.0036012485153200757,0.0020878008767478023,0.017613512055650427,972.9514,152708421.80999997,976.9465649999999,969.204145,0.0015056324510996128
2018-10-04,22137.48802104668,22329.943982264398,22029.39865735892,22204.1244359375,283762.14999999997,0.0,0.0,22204.1244359375,22137.48802104668,22329.943982264398,22029.39865735892,0.001816412571437099,-0.00345226802387966,0.005268680595316771,0.015248308606345937,976.02167,175320798.26500002,977.0323799999999,972.9514,0.0030041511724814758
2018-10-05,22107.459501189547,22458.81315263491,21902.220545397453,22203.157709277348,377987.62749999994,0.0,0.0,22203.157709277348,22107.459501189547,22458.81315263491,21902.220545397453,0.0015940804887548728,-0.0032223026448673685,0.00481638313362221,0.026968069373827175,961.4998649999998,197041308.96,973.3041950000002,961.4998649999998,-0.014293312467086677
2018-10-08,22124.762005456632,22337.743714794444,21927.21471039567,22160.974302929688,269975.37899999996,0.0,0.0,22160.974302929688,22124.762005456632,22337.743714794444,21927.21471039567,-0.0024266950377209583,-0.002818435122128271,0.00039174008440730646,0.01872465430579261,949.8004200000001,177302886.39000002,959.3449549999998,949.8004200000001,-0.011673267906515501
2018-10-09,22084.328713192797,22252.557480936437,21820.37278276561,22114.201461035154,252377.59159999999,57.019230085,0.061672,22114.201461035154,22084.328713192797,22252.557480936437,21820.37278276561,-0.00042846470741734485,-0.0014414981322250268,0.0010130334248076847,0.018360830561412585,949.8671650000001,170633068.075,955.2830449999999,949.8671650000001,6.700262512106061e-05
2018-10-10,22027.852358338867,22227.086116696755,21610.864202885015,21857.691051220703,361668.8925,0.0,0.0,21857.691051220703,22027.852358338867,22227.086116696755,21610.864202885015,-0.014548135286789105,-0.003678190436234441,-0.010869944850554671,0.027841175470378,947.7408599999999,163855694.95999998,953.13767,945.12827,-0.0021368297765526913
2018-10-11,21580.308341759035,21700.951169762637,21010.839668761222,21298.790847460936,892103.6021,0.0,0.0,21298.790847460936,21580.308341759035,21700.951169762637,21010.839668761222,-0.02805583807571889,-0.013936188485407475,-0.014119649590311407,0.02984888291154068,901.9061149999998,328026531.20500004,927.0022349999999,895.1744050000001,-0.047265644502266994
2018-10-12,21095.50808740115,21603.253991945658,20924.013838935272,21550.20796201172,374216.609,0.0,0.0,21550.20796201172,21095.50808740115,21603.253991945658,20924.013838935272,0.01385315978194222,-0.00838363415067447,0.02223679393261668,0.03213739152175606,924.9712800000001,194162902.22999996,924.9712800000001,889.9492250000001,0.024078029053990473
2018-10-15,21525.751944625343,21706.225466962882,21280.975986656915,21507.84026914062,293211.2682,0.0,0.0,21507.84026914062,21525.751944625343,21706.225466962882,21280.975986656915,-0.004676761347425765,-0.0001407727675084309,-0.004535988579917317,0.01790569728178419,907.3887400000001,117377861.88499999,924.9712800000001,907.3887400000001,-0.018299314850372915
2018-10-16,21498.08262558627,21743.96687415424,21354.49294275465,21560.49072685547,186526.9906,51.00000000000001,0.0,21560.49072685547,21498.08262558627,21743.96687415424,21354.49294275465,0.0011179291386374472,0.0014422407270333717,-0.0003243115883959447,0.018373269953592994,918.573295,112261218.78999999,918.8784150000001,906.1682600000003,0.011681082481850494
2018-10-17,21679.21766825737,21845.27692922946,21504.901826599842,21735.858721875,231444.79450000002,0.0,0.0,21735.858721875,21679.21766825737,21845.27692922946,21504.901826599842,0.008610018156263805,0.007124138190691934,0.0014858799655718697,0.015120159160974074,926.4206000000003,131362560.33499998,929.919945,923.9987100000001,0.00811108422470536
2018-10-18,21720.209375317263,21831.307476115784,21484.050654080256,21643.22258222657,258288.15289999996,0.0,0.0,21643.22258222657,21720.209375317263,21831.307476115784,21484.050654080256,-0.002834570659431545,-0.0005890888715982188,-0.0022454817878333425,0.017807989950331064,918.668645,120245837.32499996,925.610125,917.9153799999998,-0.00801211388976773
2018-10-19,21475.627713623377,21713.559586219326,21310.693779248602,21559.422818261715,286171.615,0.0,0.0,21559.422818261715,21475.627713623377,21713.559586219326,21310.693779248602,-0.0026512125648931735,-0.007832409860776934,0.005181197295883775,0.017108456283618675,913.79626,126216053.61999997,915.0072050000001,901.848905,-0.0050705801058745495
2018-10-22,21547.428136601706,21701.993619343124,21288.759094976624,21426.24447685547,243150.73889999997,0.0,0.0,21426.24447685547,21547.428136601706,21701.993619343124,21288.759094976624,-0.009096209962520791,-0.002396348893982368,-0.006699861068538416,0.01696587261536574,909.1717849999999,126820334.24499997,918.9737649999998,909.1717849999999,-0.004837656242268727
2018-10-23,21441.524639526982,21540.498227202414,20980.480459616418,21290.570009765626,421477.06889999995,0.0,0.0,21290.570009765626,21441.524639526982,21540.498227202414,20980.480459616418,-0.00948321720570614,0.0003779104108448631,-0.009861127616550993,0.0250586981639764,895.98488,173385279.07999998,906.2254700000001,882.2640150000002,-0.013931131666945084
2018-10-24,21264.884722779876,21459.375810471804,21071.890847322607,21188.47987314453,278736.4991,39.9,0.0,21188.47987314453,21264.884722779876,21459.375810471804,21071.890847322607,-0.0069288448151265765,-0.0011386781625081761,-0.005790166652618372,0.01961379736536311,879.8230550000001,125962346.33999997,895.3937099999997,879.8230550000001,-0.01735629775543729
2018-10-25,20561.869504864964,21171.80920000275,20451.32363539287,20974.863391406245,426994.6777,0.0,0.0,20974.863391406245,20561.869504864964,21171.80920000275,20451.32363539287,-0.010532922522924662,-0.027556560577518267,0.017023638054593598,0.03626072003116194,867.847095,156011555.58,869.6587450000001,844.1716900000002,-0.013067976930111826
2018-10-26,21052.849349403437,21278.680090969927,20754.46084164845,20962.23667373047,309303.25279999996,0.0,0.0,20962.23667373047,21052.849349403437,21278.680090969927,20754.46084164845,-0.00171479125353301,0.005554771418668995,-0.007269562672202014,0.026253216120919364,858.9318700000001,127408243.275,875.4655599999998,858.9318700000001,-0.009845779618118496
2018-10-29,20950.088482221734,21092.520073037595,20775.767182452764,20873.390234765626,276990.53079999995,0.0,0.0,20873.390234765626,20950.088482221734,21092.520073037595,20775.767182452764,-0.004070136614890084,-0.0004920515470377348,-0.0035780850678523634,0.01649182983634549,847.4898700000002,108150432.38000001,856.0904399999998,843.7712200000001,-0.012787120855562537
2018-10-30,20860.33708143399,21091.446550215194,20387.16242272456,20916.427597558595,279471.34079999995,0.0,0.0,20916.427597558595,20860.33708143399,21091.446550215194,20387.16242272456,0.0015384008571975743,0.000533807597319643,0.001004593259877935,0.027487706881817783,847.3659150000001,113988455.43500002,853.1918,839.890475,-0.00013947038297511187
2018-10-31,20985.63849421205,21169.804805288357,20757.653870757007,21118.33370976562,227067.70899999992,0.0,0.0,21118.33370976562,20985.63849421205,21169.804805288357,20757.653870757007,0.012832394098032723,0.005033691311173537,0.007798702786859178,0.01817163460383678,872.22366,151818520.26,872.22366,852.6483050000002,0.02756880055952878
2018-11-01,21116.020154532387,21275.95552030075,20817.110820424077,21077.32872138672,249162.38880000002,0.0,0.0,21077.32872138672,21116.020154532387,21275.95552030075,20817.110820424077,-0.0029662172180348234,-0.0015384830414427928,-0.001427734176592047,0.020818041738699118,865.7398599999999,116034590.15499999,876.1139400000001,863.613555,-0.007114455408219655
2018-11-02,21181.204038577547,21378.213519651435,20892.271185829974,21256.45062822266,246735.53830000001,0.0,0.0,21256.45062822266,21181.204038577547,21378.213519651435,20892.271185829974,0.013136290987649705,0.01000431813535388,0.0031319728522958223,0.021959625196482393,881.8540100000002,199365379.39500004,884.4856700000001,868.0663999999999,0.017584494616646622
2018-11-05,21156.48057991197,21369.85352025794,20921.606013494064,21191.032699462892,187705.4274,0.0,0.0,21191.032699462892,21156.48057991197,21369.85352025794,20921.606013494064,-0.003027539057674645,-0.0026226581943157193,-0.00040488086335892833,0.02002185474869838,882.492855,115489169.085,882.492855,873.186695,0.0006904977090437518
2018-11-06,21227.223752768405,21479.462814870105,20971.18779681796,21275.62741118164,224761.75229999996,0.0,0.0,21275.62741118164,21227.223752768405,21479.462814870105,20971.18779681796,0.0012197552260979816,0.0015686113338641426,-0.00034885610776616116,0.024001792637618476,879.1746750000001,114841980.96,887.9659449999999,879.060255,-0.003591924489357436
2018-11-07,21294.423283452583,21441.62032506038,21024.134212877692,21284.27940507813,228420.41419999997,0.0,0.0,21284.27940507813,21294.423283452583,21441.62032506038,21024.134212877692,-0.0015036282319160002,0.0013583216115302058,-0.002861949843446212,0.01654482021660264,879.27956,120904267.21499999,881.6061000000001,872.843435,0.0001137451809982567
2018-11-08,21361.682537540153,21565.382824038486,21147.24984417943,21389.781757031255,246526.51129999995,0.0,0.0,21389.781757031255,21361.682537540153,21565.382824038486,21147.24984417943,0.005870587142811259,0.005979530190159497,-0.00010894304734824882,0.020473460704717946,883.2079799999999,130336508.52,889.4820099999997,882.50239,0.004250531805754899
2018-11-09,21355.866663259196,21527.504223375185,21125.718730228877,21328.735643066404,236339.7039,0.0,0.0,21328.735643066404,21355.866663259196,21527.504223375185,21125.718730228877,-0.004578557625819193,0.0007465973723539202,-0.005325154998173135,0.02039304602613053,871.7755149999999,125013032.20500001,882.2830849999999,871.7755149999999,-0.012422919769273231
2018-11-12,21236.719722843143,21637.823322792967,21029.942104071422,21470.337029687496,170638.4757,0.0,0.0,21470.337029687496,21236.719722843143,21637.823322792967,21029.942104071422,0.004024383747691387,-0.0028982809980509366,0.00692266474574234,0.022742688367192544,875.4274199999998,104702652.66,876.256965,861.916325,0.003985909614158357
2018-11-13,21300.903062669346,21784.076174206017,21134.02738866044,21539.485829296875,289225.70670000004,0.0,0.0,21539.485829296875,21300.903062669346,21784.076174206017,21134.02738866044,-0.0028774618498232695,-0.007663671887959701,0.004786210038136431,0.025698016753683592,863.2798300000001,126632046.6,867.8757,861.4681799999998,-0.013323594905953732
2018-11-14,21627.86803693929,21936.577354881854,21411.683928251543,21615.23914414063,239843.98260000002,0.0,0.0,21615.23914414063,21627.86803693929,21936.577354881854,21411.683928251543,-0.0005409731058307793,0.005203938397448857,-0.005744911503279632,0.022552165475001964,859.036755,119366614.97499998,868.23803,857.034405,-0.004698067977405786
2018-11-15,21596.63276400654,21988.585133286237,21405.632136405195,21746.24389208985,218061.90459999998,0.0,0.0,21746.24389208985,21596.63276400654,21988.585133286237,21405.632136405195,0.007944976722167254,0.000854656723235824,0.007090319998931452,0.023275329796396578,855.4325250000002,128712488.24999999,861.8019049999999,850.9987499999999,-0.004008982147127089
2018-11-16,21799.60637692259,22031.186028035,21528.002878356387,21739.47331425781,262067.45569999996,0.0,0.0,21739.47331425781,21799.60637692259,22031.186028035,21528.002878356387,-0.003304243601860866,0.0017446636034537705,-0.005048907205314632,0.026249971740571025,856.424165,135871995.55999997,861.2107350000001,852.5624899999999,0.0011046822450557611
2018-11-19,21782.861862933736,22021.093352436954,21547.035625297034,21794.467984863277,190028.08849999998,0.0,0.03613333333333333,21794.467984863277,21782.861862933736,22021.093352436954,21547.035625297034,0.004061680915867992,0.00604490750292495,-0.001983226587056945,0.020100863932950977,873.4632099999998,118100805.58500001,873.4632099999998,858.731635,0.018784176454884123
2018-11-20,21687.052131418135,21865.8125162707,21476.30419841031,21686.96089584961,200075.8885,0.0,0.0,21686.96089584961,21687.052131418135,21865.8125162707,21476.30419841031,-1.7269226471081485e-05,0.0005099748811715748,-0.0005272441076426472,0.019349401542085393,876.2855699999998,120297936.56500003,876.2855699999998,867.45616,0.003076010253220302
2018-11-21,21647.634547764537,21912.210290659874,21392.618383918005,21776.182695996104,248758.7897,0.0,0.0,21776.182695996104,21647.634547764537,21912.210290659874,21392.618383918005,0.005423210435341754,-0.0026861748750534394,0.008109385310395163,0.026101017732483165,879.66096,113545735.85,879.66096,865.272645,0.0036657589216529487
2018-11-22,21789.150029652374,21943.548796699193,21503.171951302462,21780.08741191407,146755.2981,0.0,0.0,21780.08741191407,21789.150029652374,21943.548796699193,21503.171951302462,-0.0004962176209850073,0.0036262747409872426,-0.004122492361972234,0.019162249330018373,881.4344699999999,109091975.48999996,883.084025,879.1460700000003,0.0019204437509170802
2018-11-23,21689.798089008593,22018.109357802037,21548.771485441346,21850.727701904296,165307.1471,0.0,0.0,21850.727701904296,21689.798089008593,22018.109357802037,21548.771485441346,0.005240404340489719,-0.0028694834526912408,0.008109887793180953,0.020996345305003845,875.284395,106702170.76499999,882.78844,874.235545,-0.006676219612272513
2018-11-26,21809.6725552631,22214.634787920524,21565.93463400373,21792.734902050783,170286.0927,68.0,0.0,21792.734902050783,21809.6725552631,22214.634787920524,21565.93463400373,-0.005040724482872202,-0.0019853411438227947,-0.003055383339049411,0.029326297297787816,878.202105,86245448.04,879.0888600000001,871.9090049999998,0.0031731513787717908
2018-11-27,21711.13472232282,22021.782739909388,21535.558005919072,21835.484010644526,171384.13559999995,0.0,0.0,21835.484010644526,21711.13472232282,22021.782739909388,21535.558005919072,-0.0015256129472527961,-0.004284038721164537,0.0027584257739117057,0.02271113257827856,880.1949200000001,103932958.855,887.1077949999999,878.42141,0.002161229675667224
2018-11-28,21821.149529352217,22150.53179613912,21631.469788959923,21985.11971142579,138118.12529999996,0.0,0.0,21985.11971142579,21821.149529352217,22150.53179613912,21631.469788959923,0.0010074134962471878,0.0004892774203353264,0.0005181360759118571,0.01938423186239832,886.9456999999999,92277546.48499998,886.9456999999999,879.155605,0.0072851022380677494
2018-11-29,22101.72572709426,22337.294671683387,21893.96562352322,22022.064531884767,178017.8798,56.4,0.0,22022.064531884767,22101.72572709426,22337.294671683387,21893.96562352322,0.002634209978301118,0.0028039175167972118,-0.00016970753849609245,0.018671143900240536,883.6942650000001,111964632.615,894.1446249999999,883.6942650000001,-0.0035018375485466294
2018-11-30,21964.10412805352,22193.541786037975,21775.61897587662,22046.477790039065,193100.85830000002,0.0,0.0,22046.477790039065,21964.10412805352,22193.541786037975,21775.61897587662,0.0009575198961572227,-0.0030074371730314966,0.003964957069188729,0.01743527273808921,883.45589,122781479.87500001,885.7252199999999,878.2497799999999,-0.00025723967285466503
2018-12-03,22247.17970175552,22412.88314243901,21985.65854163337,22228.703261718754,351192.19490000006,0.0,0.0,22228.703261718754,22247.17970175552,22412.88314243901,21985.65854163337,0.009621345522904461,0.0046249951644910655,0.004996350358413398,0.016197465136604524,907.3410650000001,151555831.01,907.3410650000001,893.52485,0.025436568824981843
2018-12-04,22262.7933416839,22502.102749956488,22085.377484915763,22275.82820654297,261818.8755,152.75,0.0,22275.82820654297,22262.7933416839,22502.102749956488,22085.377484915763,0.005117521462352914,0.004015986877493362,0.0011015345848595546,0.01638593742881385,914.2539399999998,168862714.16000003,915.77954,906.6736150000002,0.007237018038874581
2018-12-05,22191.85009812595,22467.395630941654,21982.97564168601,22255.477568945316,238401.5986,0.0,0.0,22255.477568945316,22191.85009812595,22467.395630941654,21982.97564168601,0.0011613160925850444,-0.005418336771917344,0.006579652864502367,0.020012909337932414,912.6329900000001,146837169.28,916.1895449999998,902.935895,-0.0016920327199320207
2018-12-06,22243.331729731537,22438.945438751365,21951.353255279268,22189.987384374996,235639.7385,8.52,0.0,22189.987384374996,22243.331729731537,22438.945438751365,21951.353255279268,-0.005282354856654349,-0.002678926349163009,-0.0026034285074913294,0.019878587557994397,910.4208699999999,138295811.63,914.969065,904.33754,-0.0023139825997309316
2018-12-07,22206.64876373481,22529.320372953967,21999.052590418392,22260.073512792962,259568.3416,446.54999999999995,0.0,22260.073512792962,22206.64876373481,22529.320372953967,21999.052590418392,0.004389381685697617,0.0016897192071056747,0.0026996624785919528,0.02159475549132173,914.0155649999999,144595957.995,917.6388649999998,911.5078600000003,0.0037573752114443367
2018-12-10,22141.790873229806,22454.85509842659,21891.22383458057,22297.400111621086,196166.39169999998,18.9,0.0,22297.400111621086,22141.790873229806,22454.85509842659,21891.22383458057,-0.0001839776585618666,-0.003971917716622145,0.0037879400580602754,0.025176369792125883,911.441115,123242458.98499998,913.691375,907.25525,-0.002689452704470513
2018-12-11,22244.104087788888,22497.633831079133,22119.855584189114,22367.62300439453,143331.69509999998,0.0,0.0,22367.62300439453,22244.104087788888,22497.633831079133,22119.855584189114,-0.0022649228331383074,-0.003920608681838459,0.0016556858487001478,0.017374824358353334,910.1920299999999,120924138.155,913.4243950000001,905.19569,-0.0013076208427915642
2018-12-12,22367.6229578393,22374.014293989352,22354.84028553921,22369.753403222654,16419.8176,0.0,0.0,22369.753403222654,22367.6229578393,22374.014293989352,22354.84028553921,0.00019410394428812935,-4.248668523389539e-09,0.00019410819295666092,0.0017586132282652834,916.58048,137276596.41,916.58048,911.5459999999999,0.006669042668575921
2018-12-13,22373.396236195145,22575.854512774593,22217.520292259476,22354.16346923828,273792.28949999996,0.0,0.0,22354.16346923828,22373.396236195145,22575.854512774593,22217.520292259476,0.0027477518890495064,0.0002477876367048787,0.0024999642523446663,0.0170544765730658,915.5983750000001,139054139.71499997,921.8724050000002,915.4553499999998,-0.0010222115648077853
2018-12-14,22361.935516364225,22571.413384136406,22197.900134495234,22369.79948120117,271307.757,0.0,0.0,22369.79948120117,22361.935516364225,22571.413384136406,22197.900134495234,0.00094393528723887,0.0017075085424653716,-0.0007635732552264845,0.015015602535081666,907.77014,125283301.78,915.4458150000002,906.8166400000001,-0.008187338842864269
2018-12-17,22174.081843670087,22352.241566016703,21916.939672931137,22135.05882392579,265921.37779999996,0.0,0.0,22135.05882392579,22174.081843670087,22352.241566016703,21916.939672931137,-0.012740088321289119,-0.008637394699350391,-0.004102693621938713,0.018439099253176165,890.2352750000001,136479499.015,904.0038149999999,890.2352750000001,-0.01859841325047796
2018-12-18,22010.85194333048,22250.28424987484,21763.830738064094,22125.784612402353,301024.91899999994,0.0,0.0,22125.784612402353,22010.85194333048,22250.28424987484,21763.830738064094,-0.0019367848577213154,-0.006750314384479037,0.004813529526757722,0.02049667378822857,884.1328749999999,148415984.11499998,885.0387000000002,874.3881049999999,-0.006558572798153149
2018-12-19,22164.855147955135,22315.430870560864,21647.273604490507,22084.78634248047,181630.2181,0.0,0.0,22084.78634248047,22164.855147955135,22315.430870560864,21647.273604490507,-0.00302915466890986,0.003433053075982154,-0.006462207744891989,0.03054188415421256,876.4953399999999,113857635.23499998,883.9231050000001,872.0234250000001,-0.008272541858328712
2018-12-20,22036.735080286784,22218.72188546992,21811.35162620497,21976.580222167966,157188.60969999997,0.0,0.0,21976.580222167966,22036.735080286784,22218.72188546992,21811.35162620497,-0.001479160136671319,0.0011185171633017296,-0.0025976772999730382,0.02031173567325015,875.54184,102793860.08,878.9267649999997,871.67063,-0.0010378345278703937
2018-12-21,21841.97742564659,22084.689041662677,21656.065567832404,22013.512840039057,181529.65739999997,53.199999999999996,0.0,22013.512840039057,21841.97742564659,22084.689041662677,21656.065567832404,0.0018446837630280105,-0.005813930526266226,0.007658614289294229,0.01891585572850627,869.83991,125118041.16,872.4715699999998,865.6635800000001,-0.006229937486581318
2018-12-24,21839.049552459186,22162.677113892132,21579.878018992342,21884.849364355472,129411.62160000003,5.599542986,0.0,21884.849364355472,21839.049552459186,22162.677113892132,21579.878018992342,-0.0060604109857009605,-0.0019433267641695436,-0.004117084221531422,0.02305003894879836,866.31196,104166442.39999998,873.7969350000001,866.31196,-0.0038751275314655997
2018-12-25,21527.05049150357,21906.099513133147,21351.078186100283,21759.110849511722,266823.81909999996,0.0,0.0,21759.110849511722,21527.05049150357,21906.099513133147,21351.078186100283,-0.008243842918871015,-0.013163653878813564,0.004919810959942543,0.02381554367031398,856.1857899999999,160549853.25,856.1857899999999,841.1490949999999,-0.011210945647082783
2018-12-26,21677.571893021915,21909.6363240755,21527.62215099227,21783.231236914064,131602.0925,0.0,0.0,21783.231236914064,21677.571893021915,21909.6363240755,21527.62215099227,0.0001866359902192056,-0.00035668221862329176,0.0005433182088425029,0.014366715511679645,850.283625,99226864.25500001,857.663715,849.4350099999999,-0.006595766345293069
2018-12-27,21957.022830595346,22091.22409300325,21728.17503043511,21939.680408691405,173950.5646,24.21,0.0,21939.680408691405,21957.022830595346,22091.22409300325,21728.17503043511,0.006270567017092158,0.008326343593837462,-0.0020557765767453013,0.019918164761658717,858.922335,107289860.48999998,864.4717049999999,858.922335,0.009638487481886995
2018-12-28,21991.98262193225,22039.470042373407,21849.365983327443,21904.284697363273,110394.67689999999,0.0,0.0,21904.284697363273,21991.98262193225,22039.470042373407,21849.365983327443,-0.0020183863006719835,0.0019315004824188246,-0.003949886783090828,0.010928372731997697,851.0368900000001,117813153.705,861.763765,851.0368900000001,-0.008794157188918046
2018-12-31,21904.284697363277,21904.284697363277,21904.284697363273,21904.284697363273,0.0,0.0,0.0,21904.284697363273,21904.284697363277,21904.284697363277,21904.284697363273,0.0,6.794564910705957e-18,-3.397282455352979e-18,6.794564910705957e-18,851.0368900000001,117813153.705,861.763765,851.0368900000001,0.0
2019-01-01,21904.28469736328,21904.28469736328,21904.28469736328,21904.28469736328,0.0,0.0,0.0,21904.28469736328,21904.28469736328,21904.28469736328,21904.28469736328,0.0,6.794564910705957e-18,-3.397282455352979e-18,6.794564910705957e-18,851.0368900000001,117813153.705,861.763765,851.0368900000001,0.0
2019-01-02,22339.500839106502,22418.294446418196,21705.533943180722,21757.1372692871,151809.65199999997,290.52,0.0,21757.1372692871,22339.500839106502,22418.294446418196,21705.533943180722,-0.0044885769406749505,0.0063222348064884415,-0.010810811747163397,0.02117653627140607,850.2836249999999,87585716.24500002,858.2453500000003,849.6638499999999,-0.0008443302929690331
2019-01-03,21745.38059597379,21979.459609863094,21122.18425347827,21523.122279833984,254166.50629999998,0.0,0.0,21523.122279833984,21745.38059597379,21979.459609863094,21122.18425347827,-0.010681139130513568,-0.0009826042274231088,-0.009698534903090467,0.029279656230099177,837.3827699999998,128841744.71,850.722235,831.56642,-0.014577768313138652
2019-01-04,21503.11255729477,21672.685073436405,21158.723095666992,21541.920245361325,161459.85119999998,4.7,0.0,21541.920245361325,21503.11255729477,21672.685073436405,21158.723095666992,0.003161814031951099,-0.0032437789324237807,0.006405592964374899,0.01904429872869033,839.9381499999997,112192690.745,840.4911799999999,821.7739750000002,0.002905295803618952
2019-01-07,21597.218721110454,21969.618150125683,21428.3817455517,21690.48264023437,131323.00670000003,0.0,0.0,21690.48264023437,21597.218721110454,21969.618150125683,21428.3817455517,0.007903915985393306,0.006810907935303152,0.001093008050090133,0.021337350114970052,848.2717400000001,83352233.45500001,854.936705,844.1335500000001,0.009413690388963359
2019-01-08,21626.955841987252,21742.58852966876,21397.769854466173,21646.340452636723,109993.98930000002,0.0,0.0,21646.340452636723,21626.955841987252,21742.58852966876,21397.769854466173,-0.001852938459880903,-0.0010440708204265442,-0.0008088676394543538,0.01408295423671745,846.17404,87844553.355,850.3980449999999,842.579345,-0.0023608403354404618
2019-01-09,21629.062818861086,21928.520468338964,21439.57778550097,21754.87108232421,149688.46860000002,23.8,0.0,21754.87108232421,21629.062818861086,21928.520468338964,21439.57778550097,0.0067426681335955585,0.0006354804178694738,0.0061071877157260635,0.018976020740280278,855.279965,116132791.12000002,855.527875,847.2896350000002,0.010206073580549748
2019-01-10,21703.551457861216,21947.300880147064,21569.18136461191,21719.375405761723,128259.505,0.0,0.0,21719.375405761723,21703.551457861216,21947.300880147064,21569.18136461191,-0.0004704383323347434,0.0006014309779159455,-0.001071869310250694,0.017857829906397258,856.5290499999996,97642633.53999999,857.644645,853.5445949999998,0.001391513595785666
2019-01-11,21799.98375046131,21919.97439114606,21529.09405503951,21750.273466162114,208097.80189999996,0.0,0.0,21750.273466162114,21799.98375046131,21919.97439114606,21529.09405503951,0.004390438949997074,0.006737278822279197,-0.002346839872282111,0.016546004156911095,860.7339850000001,102770613.75,862.3167950000001,857.2918500000001,0.004669539207412196
2019-01-14,21817.788225950324,21983.281655584273,21568.158813116723,21757.795684228524,178905.3091,0.0,0.0,21757.795684228524,21817.788225950324,21983.281655584273,21568.158813116723,0.0006809331029223691,0.001313278651139037,-0.0006323455482166801,0.016257780657999335,859.8662999999999,98017616.485,861.801905,855.4611299999999,-0.0009616849710490407
2019-01-15,21677.42270335673,21919.352181988277,21573.409304957433,21803.40868237305,249251.36660000007,0.0,0.0,21803.40868237305,21677.42270335673,21919.352181988277,21573.409304957433,0.005038176389791729,-0.001031401346020504,0.006069577735812242,0.0168159470876046,867.37988,101213290.80499999,867.37988,857.1202199999999,0.008295567594662543
2019-01-16,21840.87223055537,21994.218664692165,21593.85578977638,21708.15040766601,307460.7312999999,0.0,0.0,21708.15040766601,21840.87223055537,21994.218664692165,21593.85578977638,-0.002830635932691169,0.0017741028685414268,-0.0046047388012326025,0.01671431992036675,866.44545,102553778.31499997,870.0496800000001,864.2428649999998,-0.001027761073560794
2019-01-17,21686.05511379202,21818.69850367123,21469.510326509717,21538.04938422852,182571.0965,0.0,0.0,21538.04938422852,21686.05511379202,21818.69850367123,21469.510326509717,-0.004176351517191689,-0.00042928868732487545,-0.003747062829866829,0.01385522219673553,859.952115,111921772.79,866.7887099999999,859.952115,-0.0071726515886341895
2019-01-18,21584.899961628333,21790.31709110395,21330.671007756082,21619.759204492188,149592.7086,0.0,0.0,21619.759204492188,21584.899961628333,21790.31709110395,21330.671007756082,0.003234715692499351,0.0008044280167677332,0.0024302876757316258,0.018775019969422786,860.3430499999997,93649718.80000001,864.2047250000002,858.7602400000001,0.000433363455877158
2019-01-21,21731.0297970115,21925.715904184057,21398.595655652232,21561.623507080076,270955.403,0.0,0.0,21561.623507080076,21731.0297970115,21925.715904184057,21398.595655652232,-0.0016869753548357023,0.003518879626478093,-0.005205854981313787,0.02634531860585264,868.6861749999999,113478275.72500001,869.34409,861.0963149999999,0.00920196294589498
2019-01-22,21613.29731406927,21822.040514714543,21358.908015250756,21509.42422836914,154946.21610000002,0.0,0.0,21509.42422836914,21613.29731406927,21822.040514714543,21358.908015250756,-0.0023331612303847987,0.0030909542724536624,-0.005424115502838459,0.020494155128944556,864.3954250000002,116639738.465,870.8982950000001,864.3954250000002,-0.004721345474050713
2019-01-23,21492.616837528814,21750.376159981886,21326.866457379358,21603.512088476564,144484.82040000006,0.0,0.0,21603.512088476564,21492.616837528814,21750.376159981886,21326.866457379358,0.004475413045142048,0.00032044107665504617,0.004154971968486996,0.019747182369563167,865.94963,99729682.94499998,867.7994199999999,863.0319200000001,0.0017128778583740286
2019-01-24,21588.246465581527,21717.062756046544,21200.00068301935,21426.505107128913,172633.51580000002,0.0,0.0,21426.505107128913,21588.246465581527,21717.062756046544,21200.00068301935,-0.005862393791404805,-0.0021934282435216133,-0.00366896554788317,0.02253741689132401,866.5312649999998,89224878.09500001,868.2475650000001,864.4335650000002,0.0006402252341559963
2019-01-25,21466.708344318657,21632.8770487221,21315.71996049145,21487.78151630859,184991.99040000007,0.0,0.0,21487.78151630859,21466.708344318657,21632.8770487221,21315.71996049145,0.0040391820188444205,0.003830100970792122,0.00020908104805230415,0.014119147410280421,866.6170799999999,90458077.785,869.2010649999999,865.7398600000002,9.442308017431421e-05
2019-01-28,21539.772218776357,21668.470531687617,21349.687786695464,21477.333223828125,161960.5244,0.0,0.0,21477.333223828125,21539.772218776357,21668.470531687617,21349.687786695464,0.0007671086972911995,0.0034689983770160213,-0.00270188967972481,0.01398367457099735,869.7636299999998,100437847.39500001,870.955505,866.6361499999998,0.0034557383548499015
2019-01-29,21483.907538467764,21638.28109686253,21202.13310227748,21506.778181835936,240287.05450000006,0.0,0.0,21506.778181835936,21483.907538467764,21638.28109686253,21202.13310227748,0.002224703664858653,-0.002463460203522975,0.004688163868381637,0.020693064585193054,873.339255,92537413.37500003,873.339255,864.9103150000001,0.00391183245561438
2019-01-30,21468.42204261519,21677.289091863167,21363.007919163967,21530.639166064448,270090.48829999997,0.0,0.0,21530.639166064448,21468.42204261519,21677.289091863167,21363.007919163967,-0.0001908867710224429,-0.003731696253384682,0.0035408094823622385,0.016279817507002997,873.2534400000001,96990077.20999998,875.1223000000002,871.0031800000003,-9.369626106881268e-05
2019-01-31,21578.12874695478,21733.405593129715,21423.647120531354,21576.28501967773,162895.1838,0.0,0.0,21576.28501967773,21578.12874695478,21733.405593129715,21423.647120531354,0.0017384013596049765,0.0018506391298719871,-0.00011223777026700746,0.016340762907287015,868.3047750000002,105095027.445,877.56326,868.0473299999998,-0.005418785012696914
2019-02-01,21522.47898353501,21724.138419734623,21350.37055261182,21564.01854047851,294692.6295,0.0,0.0,21564.01854047851,21522.47898353501,21724.138419734623,21350.37055261182,-0.0016154461172814818,-0.003717255903182647,0.0021018097859011927,0.0176848519778486,866.416845,96534628.40000002,870.3643350000001,865.32032,-0.0020754246041146556
2019-02-04,21564.01854047851,21564.01854047851,21564.01854047851,21564.01854047851,0.0,0.0,0.0,21564.01854047851,21564.01854047851,21564.01854047851,21564.01854047851,0.0,8.992806499463764e-19,1.5321077739827158e-18,4.862776847858185e-18,866.416845,96534628.40000002,870.3643350000001,865.32032,0.0
2019-02-05,21564.01854047851,21564.01854047851,21564.01854047851,21564.01854047851,0.0,0.0,0.0,21564.01854047851,21564.01854047851,21564.01854047851,21564.01854047851,0.0,8.992806499463764e-19,1.5321077739827158e-18,4.862776847858185e-18,866.416845,96534628.40000002,870.3643350000001,865.32032,0.0
2019-02-06,21564.01854047851,21564.01854047851,21564.01854047851,21564.01854047851,0.0,0.0,0.0,21564.01854047851,21564.01854047851,21564.01854047851,21564.01854047851,0.0,8.992806499463764e-19,1.5321077739827158e-18,4.862776847858185e-18,866.416845,96534628.40000002,870.3643350000001,865.32032,0.0
2019-02-07,21564.01854047851,21564.01854047851,21564.01854047851,21564.01854047851,0.0,0.0,0.0,21564.01854047851,21564.01854047851,21564.01854047851,21564.01854047851,0.0,8.992806499463764e-19,1.5321077739827158e-18,4.862776847858185e-18,866.416845,96534628.40000002,870.3643350000001,865.32032,0.0
2019-02-08,21564.01854047851,21564.01854047851,21564.01854047851,21564.01854047851,0.0,0.0,0.0,21564.01854047851,21564.01854047851,21564.01854047851,21564.01854047851,0.0,8.992806499463764e-19,1.5321077739827158e-18,4.862776847858185e-18,866.416845,96534628.40000002,870.3643350000001,865.32032,0.0
2019-02-11,21639.76056717852,21831.602124308418,21454.987134396983,21730.46366586914,276454.2916,0.0,0.0,21730.46366586914,21639.76056717852,21831.602124308418,21454.987134396983,0.008479565719602145,0.003316030997182185,0.005163534722419967,0.017296672728304787,883.0363499999999,100578593.52999999,883.0363499999999,873.2725100000001,0.018116717603962607
2019-02-12,21813.292579816356,21989.260699646657,21535.324890550368,21825.56323330078,313194.0838,0.0,0.0,21825.56323330078,21813.292579816356,21989.260699646657,21535.324890550368,0.0004846923114640209,-0.002175847490005454,0.002660539801469473,0.01974086890803437,893.9443900000001,164190039.735,894.9932399999999,883.8754299999999,0.011706313465559063
2019-02-13,21896.478164983717,22032.31750942801,21697.422323714214,21880.315565234374,403495.88009999995,0.0,0.0,21880.315565234374,21896.478164983717,22032.31750942801,21697.422323714214,0.005536421700318836,0.005375282933816748,0.00016113876650206073,0.01603053519740966,901.295875,167968378.83499998,901.295875,893.7536899999999,0.007809183278600881
2019-02-14,22010.089369978417,22087.006417629276,21794.824744778227,21966.263946386716,287806.5993,0.0,0.0,21966.263946386716,22010.089369978417,22087.006417629276,21794.824744778227,0.003350122472498843,0.006669257157179182,-0.003319134684680369,0.015619596546294044,908.0561900000002,149370847.62,909.3148099999999,902.001465,0.007125191910189585
2019-02-15,22022.496118519,22187.052534530776,21828.20109876437,22000.442515625,299445.1034,0.0,0.0,22000.442515625,22022.496118519,22187.052534530776,21828.20109876437,-0.0005569377150020768,0.0010370305057943107,-0.0015939682207963548,0.01566133525373514,906.673615,138565003.75,910.9739,904.16591,-0.0014528725035842754
2019-02-18,22000.44250283964,22008.96428466797,22000.44250283964,22008.96428466797,623.2429999999999,0.0,0.0,22008.96428466797,22000.44250283964,22008.96428466797,22000.44250283964,0.0007751732663033176,-1.1706406912588744e-09,0.0007751744369440276,0.0007751744369440497,916.5995499999999,161304891.75999996,916.5995499999999,908.9906200000001,0.010381848102139135
2019-02-19,22167.85268947985,22495.947025210433,21931.636043745166,22081.180596874998,576838.4736999999,0.0,0.0,22081.180596874998,22167.85268947985,22495.947025210433,21931.636043745166,0.0017280564301056344,0.008505285746387483,-0.006777229316281878,0.02228726960469702,919.5077249999998,186021432.945,926.72572,918.0393349999998,0.003020463149477308
2019-02-20,22058.45581778411,22336.8731909803,21942.916434360355,22181.760033837887,249779.07549999998,0.0,0.0,22181.760033837887,22058.45581778411,22336.8731909803,21942.916434360355,0.0003884729573405374,-5.59536556156355e-05,0.0004444266129561838,0.015019705994873293,925.4480299999999,138512551.715,927.517125,918.497015,0.006140093468483365
2019-02-21,22145.854399854074,22362.89717580172,21973.5086022522,22168.856381982423,310296.07190000004,0.0,0.0,22168.856381982423,22145.854399854074,22362.89717580172,21973.5086022522,-0.0038851373663871805,-0.0010145999477511752,-0.0028705374186360007,0.016681295289437334,941.6479950000004,155342522.76999998,941.6479950000004,925.190585,0.01654660934427342
2019-02-22,22208.744607940946,22425.00606562555,22014.870455037213,22197.093179589843,528919.5224000001,234.02999999999997,0.0,22197.093179589843,22208.744607940946,22425.00606562555,22014.870455037213,0.0029177611585703006,-0.00045879192121760557,0.0033765530797879176,0.021209166608374064,942.9256849999999,189969647.60499996,946.9780600000001,937.1570100000001,0.00129289463668973
2019-02-25,22150.321160955325,22374.548197513584,22016.15528057975,22207.65627958984,440056.8051,0.0,0.0,22207.65627958984,22150.321160955325,22374.548197513584,22016.15528057975,0.0009439840304378075,-0.0030043849960977266,0.003948369026535556,0.019234038776317908,948.1890050000001,183721857.92499998,953.4046500000002,946.5585199999999,0.005307545443699289
2019-02-26,22155.694199230944,22316.438215089544,21942.4105014444,22193.452984082025,322491.7495999999,25.489998960999998,0.0,22193.452984082025,22155.694199230944,22316.438215089544,21942.4105014444,0.0010494205624027946,0.00016684267788030517,0.0008825778845224955,0.01711691501120434,941.1617099999999,200035708.965,950.1055400000001,933.7053400000002,-0.007092972869633434
2019-02-27,22188.867146667068,22398.98483747179,21943.561395514316,22261.302088378907,455284.57369999995,28.2,0.0,22261.302088378907,22188.867146667068,22398.98483747179,21943.561395514316,0.004012104513575156,-0.0017663240394155872,0.00577842855299074,0.023917394562014128,944.2224450000001,195102290.43000004,948.2176100000001,942.143815,0.0030958289094792373
2019-02-28,22240.35112641943,22387.199714226455,21905.02094606626,21996.153780957025,503463.08090000006,0.0,0.0,21996.153780957025,22240.35112641943,22387.199714226455,21905.02094606626,-0.007533346459397202,0.0020731204043958665,-0.009606466863793068,0.018567803170863078,920.5756450000002,188247893.58499998,944.2033750000002,920.5756450000002,-0.02418324273821644
2019-03-01,21910.441015363576,22309.53775259174,21831.962018762708,22143.766896874997,446187.5876999999,0.0,0.0,22143.766896874997,21910.441015363576,22309.53775259174,21831.962018762708,0.007741518876472724,0.0008652992742595608,0.006876219602213153,0.01599184490942223,934.077205,140847663.67999998,935.2118700000001,925.4098900000001,0.013882883673737852
2019-03-04,22131.782404759917,22420.712311778887,21932.746144060915,22204.87884794922,426687.2902,0.0,0.0,22204.87884794922,22131.782404759917,22420.712311778887,21932.746144060915,0.002374052542659743,0.000941450823820196,0.001432601718839564,0.019901651046426688,947.769465,200000524.815,948.2176100000001,937.605155,0.01387551973453554
2019-03-05,22285.409181358857,22443.06933782651,22053.8757168241,22291.64251582031,431408.704,0.0,0.0,22291.64251582031,22285.409181358857,22443.06933782651,22053.8757168241,0.003170421078459969,0.0013486149782068475,0.0018218061002530804,0.018246558549954956,946.301075,232097365.77,953.738375,941.98172,-0.0014784139406963004
2019-03-06,22267.81199623971,22469.104243116155,22016.394200118644,22304.437934570313,558069.2389,0.0,0.0,22304.437934570313,22267.81199623971,22469.104243116155,22016.394200118644,0.0010403685603509057,0.003074080988938502,-0.0020337124285876077,0.023902756687311417,948.2462149999999,180737393.38999996,948.2462149999999,939.6837850000001,0.0019579259398591385
2019-03-07,22256.0072602912,22454.829786025253,22098.265124576803,22266.314591503902,290983.3068,0.0,0.0,22266.314591503902,22256.0072602912,22454.829786025253,22098.265124576803,-0.00032770854783180717,0.0007239901551806243,-0.0010516987030124466,0.015981055022847506,947.8076049999999,179038733.14000005,957.8384250000001,947.8076049999999,-0.00044114216384420854
2019-03-08,22244.255335420392,22290.70254437358,22234.582761986967,22267.480596093745,119765.81599999999,0.0,0.0,22267.480596093745,22244.255335420392,22290.70254437358,22234.582761986967,0.00046415983421726245,-0.0007959432562478719,0.0012601030904651409,0.0036582839012709463,939.4358749999996,168147112.41000003,945.8529300000001,938.7016800000002,-0.008459424551157111
2019-03-11,22253.254760518783,22548.89168652366,22050.70184308331,22337.688783203128,331622.1186,0.0,0.0,22337.688783203128,22253.254760518783,22548.89168652366,22050.70184308331,0.0023386595335506107,-0.0020393294583820184,0.004377988991932604,0.022703282152142838,938.8161000000001,136018615.25499997,941.2093850000001,935.7076900000002,-0.0006292611340907079
2019-03-12,22416.208815767528,22763.863319041786,22283.065811460372,22651.34185273438,595241.6914000001,0.0,0.0,22651.34185273438,22416.208815767528,22763.863319041786,22283.065811460372,0.011339411768650626,0.005618007786261969,0.005721403982388688,0.019527752302571304,954.7586200000002,171528414.11,954.7586200000002,944.40361,0.016055930457021757
2019-03-13,22616.81760512739,22984.123485613243,22146.604394142447,22803.084439257815,434094.5019999999,0.0,0.0,22803.084439257815,22616.81760512739,22984.123485613243,22146.604394142447,0.003473830765182958,0.0013411620974636393,0.0021326686677193207,0.020563470941306068,958.658435,188430879.76999998,962.815695,956.3700350000001,0.0038867415147877254
2019-03-14,22730.084862248783,22989.48229895084,22517.16454507441,22754.79352695312,310351.7604,0.0,0.0,22754.79352695312,22730.084862248783,22989.48229895084,22517.16454507441,-0.0018173978479333174,-0.002584841888167098,0.0007674440402337836,0.020560854278638924,961.5475400000001,174326269.16,964.360365,955.492815,0.002869237708951864
2019-03-15,22798.575282562415,22899.086367274715,22470.885963647084,22748.620926171876,422157.7905,61.125,0.0,22748.620926171876,22798.575282562415,22899.086367274715,22470.885963647084,0.0002221752140976421,0.0010157241284392635,-0.0007935489143416166,0.015954627607565813,957.4284200000001,197378037.48499998,961.3377700000001,954.5488500000001,-0.004093419650956586
2019-03-18,22627.767646595905,22867.301945665306,22397.335582154417,22536.678905859375,465118.9366999999,0.0,0.0,22536.678905859375,22627.767646595905,22867.301945665306,22397.335582154417,-0.003995128906636585,-0.0031809056708383275,-0.0008142232357982858,0.016612693407216387,964.8085100000001,179605617.495,966.1720150000001,961.0517199999997,0.0073216264666958065
2019-03-19,22539.708657169023,22814.077529112932,22313.184832497405,22511.968693701165,529350.7633999999,0.0,0.0,22511.968693701165,22539.708657169023,22814.077529112932,22313.184832497405,-0.002854827083706337,0.0012616280971020097,-0.004116455180808339,0.02319979440624561,959.7835650000002,189731396.56000003,967.3352849999999,957.52377,-0.0049790249133591655
2019-03-20,22421.679806811222,22754.8113847853,22237.556746454935,22558.1624078125,413032.78510000004,0.0,0.0,22558.1624078125,22421.679806811222,22754.8113847853,22237.556746454935,0.00024254024934212352,-0.0011672366919338666,0.0014097769412759935,0.02408280676927807,955.6930499999999,171673508.20499998,956.5988750000001,945.89107,-0.004072419314283719
2019-03-21,22594.177465181365,22758.19088692161,22273.491232924363,22448.58270634765,368081.1336,0.0,0.0,22448.58270634765,22594.177465181365,22758.19088692161,22273.491232924363,-0.0064678761084573985,0.001045344203221412,-0.007513220311678782,0.023580699954332145,936.1272299999999,174212106.60500005,959.5737950000002,936.1272299999999,-0.01972351684963019
2019-03-22,22285.76569919796,22573.618676887476,22111.75485032853,22437.487853759758,341783.84059999994,0.0,0.0,22437.487853759758,22285.76569919796,22573.618676887476,22111.75485032853,-0.0027440438147857842,-0.0038526833245436814,0.0011086395097579063,0.01810795711572794,942.7349850000002,144751864.78,944.0317450000001,935.6695499999998,0.006706740194505305
2019-03-25,22290.20714317687,22451.879216063247,21884.855723576835,22143.414707275384,425549.01690000005,0.0,0.0,22143.414707275384,22290.20714317687,22451.879216063247,21884.855723576835,-0.014633216648373307,-0.008026636963820099,-0.0066065796845531845,0.0254833596150569,924.961745,169372750.84499994,931.1213549999999,919.8986600000001,-0.01814780273880341
2019-03-26,22168.64694059986,22336.642033252854,21994.68119682587,22193.590719335938,248363.33460000003,0.0,0.0,22193.590719335938,22168.64694059986,22336.642033252854,21994.68119682587,0.0008546210484130321,0.001997971896226417,-0.001143350847813392,0.01586991109669537,924.6947649999996,133151526.57000002,933.466965,921.93915,-0.0002752569792192648
2019-03-27,22296.094344182377,22455.220503136585,22073.50645803345,22291.6685727539,253932.95429999998,0.0,0.0,22291.6685727539,22296.094344182377,22455.220503136585,22073.50645803345,0.00643591233538711,0.006553000582130734,-0.00011708824674359984,0.018387691313125332,930.5301850000001,107720766.21000001,933.7816199999997,927.0403750000003,0.005998292896548062
2019-03-28,22263.647976733362,22375.681284105525,22086.459300075527,22287.302535791016,192763.30860000005,0.0,0.0,22287.302535791016,22263.647976733362,22375.681284105525,22086.459300075527,0.0011068444418031373,-0.0013073428339945166,0.002414187275797656,0.013163537461245113,937.27143,116519711.88499999,937.46213,927.3741000000001,0.00688274918063858
2019-03-29,22346.36176485596,22484.000306598107,22088.737320085667,22215.404668945313,250620.7689,0.0,0.0,22215.404668945313,22346.36176485596,22484.000306598107,22088.737320085667,-0.002925205378051549,0.0011246325152445978,-0.004049837893296126,0.018615325010002196,935.15466,125787436.30000003,942.2868400000001,935.15466,-0.00215585658158365
2019-04-01,22266.865509690648,22410.99292546845,22030.301958783628,22275.869058935543,216476.41469999996,0.0,0.0,22275.869058935543,22266.865509690648,22410.99292546845,22030.301958783628,0.004819426050952234,0.002249046295556619,0.0025703797553955987,0.017457040629624283,942.5633550000002,130875817.65500003,942.5633550000002,937.0997999999997,0.007524268589846856
2019-04-02,22367.10576339157,22475.78900960329,22071.718548722405,22168.79366352539,305711.1089,0.0,0.0,22168.79366352539,22367.10576339157,22475.78900960329,22071.718548722405,-0.0014164559027231912,0.003072170123807352,-0.0044886260265305,0.017614317139191402,939.969835,132940126.08500001,950.0769349999998,939.6551799999999,-0.0026272289887525994
2019-04-03,22180.04618349569,22288.124358556037,22031.221223834626,22187.931586279297,313780.05040000007,0.0,0.0,22187.931586279297,22180.04618349569,22288.124358556037,22031.221223834626,-8.33849034358766e-05,-0.0033058498776098407,0.00322246497417395,0.01259747323736519,938.6826099999998,122771611.14999998,939.4454099999998,934.7160499999999,-0.0013066485318678446
2019-04-04,22234.271702704744,22489.18075593323,22087.230300696483,22353.041530468756,384347.6933000001,0.0,0.0,22353.041530468756,22234.271702704744,22489.18075593323,22087.230300696483,0.006551610215625218,0.0023295156789135546,0.004222094536711659,0.017458718652778545,941.018685,125851864.29500002,943.0877800000002,937.2332899999999,0.002370002792689711
2019-04-05,22285.70865490177,22480.305113718827,22192.262937145377,22335.041159960932,244520.85090000002,0.0,0.0,22335.041159960932,22285.70865490177,22480.305113718827,22192.262937145377,0.0003101026700981068,-0.0007635298602596651,0.0010736325303577733,0.012570717229473507,943.2594099999999,123722298.325,944.32733,940.5228649999997,0.002267746252823386
2019-04-08,22346.89878240569,22523.672274045133,22197.771995064573,22404.67457875976,282456.0355,0.0,0.0,22404.67457875976,22346.89878240569,22523.672274045133,22197.771995064573,0.004208923768903871,-9.691828774891024e-05,0.00430584205665278,0.016960696524769704,951.1734599999997,140120257.60000002,951.1734599999997,943.3261550000001,0.007966595905523238
2019-04-09,22410.21121831806,22603.523992998933,22158.473548602426,22275.614700585935,340859.2817,0.0,0.0,22275.614700585935,22410.21121831806,22603.523992998933,22158.473548602426,-7.344003812812495e-05,0.004845105967586363,-0.004918546005714469,0.020175875494494355,942.51568,145261529.6,953.5190699999998,941.8863699999999,-0.008718696827343832
2019-04-10,22338.23987851267,22467.234971418577,22019.647246172633,22315.24397597656,275923.6869999999,0.0,0.0,22315.24397597656,22338.23987851267,22467.234971418577,22019.647246172633,-0.0005634597622190193,-0.001995640025184039,0.001432180262965013,0.017447332391346264,936.251185,130150690.44,941.3619450000001,931.4074049999999,-0.0063586581502710895
2019-04-11,22335.893626027668,22529.275728152326,22078.97396494848,22314.572641357416,177196.13359999994,0.0,0.0,22314.572641357416,22335.893626027668,22529.275728152326,22078.97396494848,0.0004239970794292262,0.00021173115234560368,0.00021226592708363892,0.015417012804515559,940.103325,112120978.00999999,940.103325,935.4407100000001,0.003915060433141446
2019-04-12,22319.84050161594,22514.713274488287,22141.22229363952,22273.17551010742,280007.3765,0.0,0.0,22273.17551010742,22319.84050161594,22514.713274488287,22141.22229363952,-0.0009502169635674331,-0.0010819499106430339,0.00013173294707558386,0.01644539799673089,937.1951499999999,106694962.30499999,938.9019150000001,934.67791,-0.0029541888171736802
2019-04-15,22273.17551010742,22273.17551010742,22273.17551010742,22273.17551010742,0.0,0.0,0.0,22273.17551010742,22273.17551010742,22273.17551010742,22273.17551010742,0.0,1.5543122344752187e-17,-1.1102230246251575e-18,2.8865798640254065e-17,937.1951499999999,106694962.30499999,938.9019150000001,934.67791,0.0
2019-04-16,22211.472781558045,22393.98311223981,21979.05947310237,22269.774694580075,296283.1602,0.0,0.0,22269.774694580075,22211.472781558045,22393.98311223981,21979.05947310237,-0.0024598071040984938,-0.004280574496307579,0.0018207673922090838,0.017133985474143666,931.7315949999997,124852872.80999996,933.0283549999999,918.2777099999997,-0.005574872901520114
2019-04-17,22258.642314541667,22435.22161474143,22070.51237825448,22209.801216894528,453551.1921,0.0,0.0,22209.801216894528,22258.642314541667,22435.22161474143,22070.51237825448,-0.004441913347351385,0.001216313712136732,-0.005658227059488108,0.018054359937748128,926.8973500000001,141565591.97000003,935.1069849999999,926.8973500000001,-0.004960068026871714
2019-04-18,22178.002806879977,22312.39776566876,21593.862687750505,21728.590548828124,378272.84870000003,0.0,0.0,21728.590548828124,22178.002806879977,22312.39776566876,21593.862687750505,-0.01022012063367098,-0.0018446459820070204,-0.008375474651663937,0.023547955801276086,917.5530500000001,130802283.73500001,928.4515550000002,917.3146749999997,-0.00966126958756115
2019-04-19,22085.43667646609,22180.376120501136,21723.93805019432,21904.25310976563,227126.6712,131.25,0.0,21904.25310976563,22085.43667646609,22180.376120501136,21723.93805019432,-0.0018148530543208752,0.008566526608688525,-0.01038137966300941,0.020291059247010346,921.2812350000002,91612423.02499999,926.544555,920.5661099999999,0.003866394375372363
2019-04-22,21896.96758982619,22176.91578635167,21653.792535016037,21980.69187568359,381658.52390000003,0.0,0.0,21980.69187568359,21896.96758982619,22176.91578635167,21653.792535016037,-0.0007300197206279065,0.000700429515330567,-0.0014304492359584647,0.021059472794663983,920.9475099999999,110420181.92000002,921.7389150000001,914.721155,-0.000345458501659391
2019-04-23,21907.61134361039,22129.800568902803,21757.45439362535,21983.56359707031,200927.3902,0.0,0.0,21983.56359707031,21907.61134361039,22129.800568902803,21757.45439362535,0.002767433192426602,0.0007001190371771375,0.002067314155249456,0.01664271442942765,922.9879999999998,107415531.78999999,925.82943,919.5077249999998,0.0021102777169975666
2019-04-24,21962.209058357625,22152.66521000214,21830.712440569256,22024.09868344727,212840.21540000002,22.990232879999997,0.0,22024.09868344727,21962.209058357625,22152.66521000214,21830.712440569256,0.0034818857719662866,0.0006471748948433529,0.002834710877122922,0.013486505128128493,931.4932200000001,115476315.905,933.199985,924.57081,0.008746148565784621
2019-04-25,21974.950937582125,22083.840898674,21775.95929656207,21925.81391503906,289469.78459999996,0.0,0.0,21925.81391503906,21974.950937582125,22083.840898674,21775.95929656207,-0.0045701239238802645,-0.0011489278028056348,-0.003421196121074601,0.013416859252717671,928.8329550000001,107157085.615,931.05461,926.72572,-0.002727010392686561
2019-04-26,21933.29307942831,22175.88512309345,21815.90088534276,22045.12900625,280456.7734,0.0,0.0,22045.12900625,21933.29307942831,22175.88512309345,21815.90088534276,0.006658959688998029,0.002763597902090627,0.003895361786907391,0.012316458415151737,934.0867400000001,102358892.44999999,934.0867400000001,925.591055,0.005378114034572397
2019-04-29,22045.12900625,22045.12900625,22045.12900625,22045.12900625,0.0,0.0,0.0,22045.12900625,22045.12900625,22045.12900625,22045.12900625,0.0,2.3536728122053307e-18,5.484501741648272e-18,1.567634910770721e-17,934.0867400000001,102358892.44999999,934.0867400000001,925.591055,0.0
2019-04-30,22045.12900625,22045.12900625,22045.12900625,22045.12900625,0.0,0.0,0.0,22045.12900625,22045.12900625,22045.12900625,22045.12900625,0.0,2.3536728122053307e-18,5.484501741648272e-18,1.567634910770721e-17,934.0867400000001,102358892.44999999,934.0867400000001,925.591055,0.0
2019-05-01,22045.12900625,22045.12900625,22045.12900625,22045.12900625,0.0,0.0,0.0,22045.12900625,22045.12900625,22045.12900625,22045.12900625,0.0,2.3536728122053307e-18,5.484501741648272e-18,1.567634910770721e-17,934.0867400000001,102358892.44999999,934.0867400000001,925.591055,0.0
2019-05-02,22042.881269882797,22253.089094056133,21869.120173698342,22094.144974560553,273187.66260000004,0.0,0.0,22094.144974560553,22042.881269882797,22253.089094056133,21869.120173698342,-0.0020222305431917345,-0.000291163685909618,-0.0017310668572820933,0.016372076423878404,932.99975,118155059.73499998,934.3632550000001,930.148785,-0.0011102271776359247
2019-05-03,22088.62376411899,22181.39637512991,21871.309983545827,22069.868658837888,286319.0328,0.0,0.0,22069.868658837888,22088.62376411899,22181.39637512991,21871.309983545827,-0.0017398538279159352,9.741783341057733e-05,-0.0018372716613265048,0.012435896847640954,928.84249,121800299.76999998,931.693455,926.563625,-0.004258098685892311
2019-05-06,22010.50779204118,22143.365139565387,21732.864511052958,21935.976265234374,433142.5846,0.0,0.0,21935.976265234374,22010.50779204118,22143.365139565387,21732.864511052958,-0.0032893967403371254,-0.0020491164538029337,-0.0012402802865341773,0.018611870427983054,913.4243950000002,127302700.35999998,920.0226149999997,910.983435,-0.015960224816094506
2019-05-07,21910.81516302264,22093.84334460017,21741.165995885516,21903.640234179686,241717.32309999998,0.0,0.0,21903.640234179686,21910.81516302264,22093.84334460017,21741.165995885516,-0.0018233252168048928,-6.044116562202526e-05,-0.0017628840511828658,0.014926280795780802,913.0334599999999,115688231.28,920.7091350000002,910.9929700000001,-0.00040817424521677855
2019-05-08,21854.124938137607,22112.312557494115,21708.270723353784,21942.25014921875,249258.0324,0.0,0.0,21942.25014921875,21854.124938137607,22112.312557494115,21708.270723353784,0.0009638104768137214,-0.002153912883024344,0.0031177233598380736,0.020254533021684493,906.9882700000002,113197593.92999999,909.52458,903.78451,-0.006334111035285527
2019-05-09,21855.402563122963,22176.69287618254,21728.13540131948,21998.403193261714,283695.49289999995,0.0,0.0,21998.403193261714,21855.402563122963,22176.69287618254,21728.13540131948,-0.0001431062889919836,-0.002156691083802455,0.002013584794810462,0.01869345192157986,902.9740349999997,109522509.345,909.3148099999999,900.9716849999999,-0.004229457528192798
2019-05-10,22057.560517566722,22264.042251797484,21886.27430112643,22179.158897607424,302213.25129999995,0.0,0.0,22179.158897607424,22057.560517566722,22264.042251797484,21886.27430112643,0.00659081746357384,0.0018289389775277137,0.004761878486046137,0.014047823579247295,908.2564249999998,109316648.695,909.56272,904.1182349999999,0.005561714267517803
2019-05-13,22182.640695993967,22346.650840849376,22035.12618681277,22168.32668046875,269074.9421,0.0,0.0,22168.32668046875,22182.640695993967,22346.650840849376,22035.12618681277,-1.8881529314372346e-06,-0.0013910738264231305,0.0013891856734917047,0.013853911980251868,913.96789,118895462.02,913.96789,907.50316,0.005977200135403391
2019-05-14,22161.882253710923,22536.590935364955,21914.599758388435,22241.863948535152,363799.0226,0.0,0.0,22241.863948535152,22161.882253710923,22536.590935364955,21914.599758388435,0.001263168358618764,-0.00042571653408722174,0.0016888848927060136,0.019250107282979892,920.4516899999999,128903350.345,920.4516899999999,907.9989799999998,0.006740365304077113
2019-05-15,22263.76104749698,22562.66910066723,22123.500611658696,22334.70562548828,432079.25579999987,12.0,0.0,22334.70562548828,22263.76104749698,22562.66910066723,22123.500611658696,0.004780932275934408,0.0019165957509408476,0.002864336524993585,0.017067649214722886,930.2727399999999,146988308.565,932.1892750000003,922.940325,0.010119776801834061
2019-05-16,22354.023864835453,22483.079781804936,21996.477057131513,22150.92795839844,372703.0565000001,0.0,0.0,22150.92795839844,22354.023864835453,22483.079781804936,21996.477057131513,-0.0022096649195680823,-0.00016174933239646125,-0.0020479155871716385,0.017712495210035126,930.3204149999999,123929846.67,935.5932700000001,930.3204149999999,4.886410808065286e-05
2019-05-17,22349.079459049906,22563.27117260297,22024.375914958564,22412.627695556635,294192.9908,15.371046803000002,0.040810000000000006,22412.627695556635,22349.079459049906,22563.27117260297,22024.375914958564,0.0031759405291587025,0.002853806205481586,0.0003221343236771353,0.019329292497097902,931.0736800000001,114856159.50499998,934.46814,929.576685,0.0007717207426804649
2019-05-20,22453.187743940634,22757.99819050998,22212.360780308634,22600.413029394524,436800.84729999996,0.0,0.0,22600.413029394524,22453.187743940634,22757.99819050998,22212.360780308634,0.006564441677802652,0.003488481953496135,0.0030759597243065254,0.016481556490746594,941.2284549999999,128091225.78999999,941.2284549999999,929.1571449999999,0.010343066671983847
2019-05-21,22585.588090051056,22830.963560594904,22470.73523080335,22678.579613134767,352584.43269999995,0.0,0.0,22678.579613134767,22585.588090051056,22830.963560594904,22470.73523080335,0.002898171558990987,0.0010806123883750915,0.0018175591706158871,0.015071751096195731,940.4275149999999,118781099.23,946.6729400000002,940.217745,-0.0008117279123273869
2019-05-22,22690.21344428497,22835.561646922284,22507.644104697123,22730.174594091797,369936.87510000006,30.590000000000003,0.0,22730.174594091797,22690.21344428497,22835.561646922284,22507.644104697123,0.002413227481826144,-0.0011183812695810837,0.003531608751407238,0.016570540309080155,938.0342299999999,121299664.595,946.1199099999999,936.9853799999999,-0.0024296459465542037
2019-05-23,22721.010396466023,22794.83385457173,22474.837257464253,22673.726121923828,304982.66099999996,0.0,0.0,22673.726121923828,22721.010396466023,22794.83385457173,22474.837257464253,-0.00010102011562735573,-0.0010641287660922666,0.000963108650464874,0.015570277581231832,937.013985,102943311.67,938.7874949999999,931.7315949999997,-0.0010376306014122287
2019-05-24,22586.95941498628,22890.592546868025,22495.6850317274,22686.291963183587,403823.3711,0.0,0.0,22686.291963183587,22586.95941498628,22890.592546868025,22495.6850317274,-0.0008562635952897638,-0.005794815354000093,0.004938551758710289,0.019165248233636478,924.9236050000003,122098707.12999998,937.4239900000002,924.9236050000003,-0.012383164101349285
2019-05-27,22742.724621294215,22877.91165964043,22516.062304376454,22782.01957495117,309454.2060999999,0.0,0.0,22782.01957495117,22742.724621294215,22877.91165964043,22516.062304376454,0.0005926654983310465,-0.00019263241137243003,0.0007852979097034678,0.015458572150493595,929.79599,91439810.91999999,930.0439000000001,925.2859349999999,0.005009738180759692
2019-05-28,22793.879270392976,22911.816098688774,22543.172928149852,22692.13696259766,327910.4266,0.0,0.038306,22692.13696259766,22793.879270392976,22911.816098688774,22543.172928149852,0.0007764273640291353,-1.87241372917473e-05,0.0007951515013208554,0.014758575582275996,926.802,115114853.58999997,933.2858000000001,924.4277850000001,-0.0030752720352339048
2019-05-29,22671.219846542674,22931.093213720953,22501.51358081646,22737.71295854492,359039.1815999999,0.0,0.0,22737.71295854492,22671.219846542674,22931.093213720953,22501.51358081646,0.0021290021499149143,-0.0022220247409555326,0.0043510268908704495,0.019547916827525772,926.3633899999999,114703866.485,929.62436,924.465925,-0.0004513516657131128
2019-05-30,22712.35644556961,22977.362808668553,22455.669474050108,22817.356636181645,269650.84260000003,0.0,0.0,22817.356636181645,22712.35644556961,22977.362808668553,22455.669474050108,-0.000697186261865021,-0.003905291718920736,0.0032081054570557007,0.01779875200758742,924.2656900000001,100613339.07000001,929.2429599999999,922.2347350000001,-0.0021615977272179537
2019-05-31,22831.157506329077,22988.988775846887,22568.17262088053,22805.231572363282,306165.3529,13.632,0.0,22805.231572363282,22831.157506329077,22988.988775846887,22568.17262088053,-0.004603039691275415,0.001130403920559137,-0.005733443611834556,0.01558507736949532,915.2455799999998,108804771.755,924.8377899999999,915.2455799999998,-0.009351118375532657
2019-06-03,22701.329964705845,23038.502220656294,22325.49344873407,22724.654999414062,300917.23250000016,0.0,0.0,22724.654999414062,22701.329964705845,23038.502220656294,22325.49344873407,-0.008153363542132289,-0.0026465054511773424,-0.005506858090954936,0.021131239234126596,902.459145,135055103.50500003,911.3362300000001,896.5569800000001,-0.013414793619392944
2019-06-04,22614.50198556627,22942.821158155264,22514.262615238193,22814.542714550786,194717.8696,100.0,0.0,22814.542714550786,22614.50198556627,22942.821158155264,22514.262615238193,0.0015430026237435162,-0.000788012218520278,0.0023310148422637893,0.015357264656668994,906.9310600000001,98027046.6,907.17897,899.350735,0.004713167588356724
2019-06-05,22776.934517063513,23185.85228764841,22619.394533678074,22856.579177001957,170578.41229999997,179.5,0.0,22856.579177001957,22776.934517063513,23185.85228764841,22619.394533678074,0.0023400851032568774,0.002326897963343973,1.3187139912885105e-05,0.01863758113601792,907.169435,91001038.82499999,913.8248649999999,907.150365,0.00025058210880222386
2019-06-06,22873.603959116735,22995.263986565253,22585.670701175022,22853.948532470702,233258.41729999997,0.0,0.0,22853.948532470702,22873.603959116735,22995.263986565253,22585.670701175022,0.0005130488464504689,0.0006767410262555728,-0.0001636921798051081,0.014420701480259387,904.1182349999999,96091708.58000001,907.1122249999997,895.6702250000001,-0.0032124349987207733
2019-06-07,22905.01102462536,23144.954406340843,22717.69091368273,23072.82030092773,268638.1416,0.0,0.0,23072.82030092773,22905.01102462536,23144.954406340843,22717.69091368273,0.0086738171994906,0.0035168515029451106,0.005156965696545508,0.01636048494816555,913.71998,93295074.01,913.71998,906.7212900000001,0.010072787473081638
2019-06-10,23078.696829855595,23294.56858198102,22938.693901386807,23163.47312846679,335171.1142,0.0,0.0,23163.47312846679,23078.696829855595,23294.56858198102,22938.693901386807,0.00018075776182112428,0.0002671917256771423,-8.643396385602496e-05,0.01459027153369764,918.12515,113247776.635,921.93915,914.0251000000001,0.004585909172096403
2019-06-11,23125.26600000317,23280.640171391773,22978.536947786735,23117.979036523433,336490.6246999999,0.0,0.02725,23117.979036523433,23125.26600000317,23280.640171391773,22978.536947786735,0.003287316624582714,-0.00013739800483244898,0.003424714629415166,0.011591857201334316,917.3337449999998,91247442.295,919.9463349999999,915.34093,-0.0008222518263078646
2019-06-12,23104.256819714617,23187.602814449805,22780.640502146078,23066.118195800773,315501.4422,2.35,0.0,23066.118195800773,23104.256819714617,23187.602814449805,22780.640502146078,-0.0009072164420029952,-0.0005534298900784693,-0.0003537865519245181,0.013802656333685345,909.8010949999998,95368917.44,915.9320999999999,909.4769050000002,-0.007861951192085362
2019-06-13,23036.832783853268,23139.551507507826,22886.314642573987,23044.10621030273,243608.1057,0.0,0.0,23044.10621030273,23036.832783853268,23139.551507507826,22886.314642573987,-0.0014924853042581462,-0.00202230093614787,0.0005298156318897344,0.01009692172766331,905.9012800000002,93962228.425,909.8010949999998,902.2875149999999,-0.004095912823255741
2019-06-14,22889.188166047526,23107.34554075336,22674.510006315766,22932.43141484374,197976.7523,65.23,0.0,22932.43141484374,22889.188166047526,23107.34554075336,22674.510006315766,-0.006651859709572558,-0.001052231170344719,-0.0055996285392278435,0.016857693553239017,909.2671350000002,109960976.32,910.3064500000002,904.5377749999999,0.0035361417643959515
2019-06-17,22978.202794336845,23057.587069907033,22681.411276773157,22950.103164355467,265253.0486,0.0,0.0,22950.103164355467,22978.202794336845,23057.587069907033,22681.411276773157,0.0030511510205334384,0.0031319348289197274,-8.078380838631221e-05,0.014988734644765302,902.9168249999999,100053605.965,910.7641299999998,900.5521450000002,-0.006682594596691822
2019-06-18,22915.24910976086,23002.96741023052,22541.985164834303,22809.200583984373,243963.66810000004,0.0,0.0,22809.200583984373,22915.24910976086,23002.96741023052,22541.985164834303,-0.007058599742137385,-0.002565597729485833,-0.004493002012651532,0.019614543691143974,900.113535,103272707.77999999,903.2505499999997,895.288825,-0.0029649408330138906
2019-06-19,22870.596178554002,23078.804555086033,22719.84259581501,22976.14886831055,160544.92519999994,91.65,0.0,22976.14886831055,22870.596178554002,23078.804555086033,22719.84259581501,0.007371829666826807,0.0030603585661285095,0.0043114711006982855,0.015649178430080977,905.5294150000001,108527207.905,905.8631399999999,902.802405,0.005719909427508465
2019-06-20,22905.34107266059,23413.10276563265,22782.502105302294,23114.699342724613,361079.8893999999,0.0,0.0,23114.699342724613,22905.34107266059,23413.10276563265,22782.502105302294,0.007583596458975302,0.002763461509414952,0.004820134949560333,0.01817924425346593,914.57813,123250582.80499999,917.5816550000001,904.842895,0.0094807813530679
2019-06-21,23239.29469412372,23327.92175679528,23005.236619099982,23121.033847412113,240445.3031,0.0,0.0,23121.033847412113,23239.29469412372,23327.92175679528,23005.236619099982,-0.0017629628792543896,0.0008723222999494447,-0.002635285179203871,0.0108794946024862,914.5972,164913488.79,919.6698200000001,914.5209199999999,1.988135823025958e-05
2019-06-24,23138.62905178254,23324.48505757051,23043.812728288205,23218.212994189456,241520.5113,0.0,0.0,23218.212994189456,23138.62905178254,23324.48505757051,23043.812728288205,0.0023621177839544703,0.0017792967990948986,0.0005828209848595669,0.011541925390479107,918.077475,108199604.375,922.1393849999998,915.1692999999998,0.0036214241914568155
2019-06-25,23229.75701875601,23358.821689797245,22990.422994028282,23240.678375585943,490010.7985999999,0.0,0.0,23240.678375585943,23229.75701875601,23358.821689797245,22990.422994028282,0.001022647141809415,0.0016356444546848665,-0.0006129973128754581,0.016357105927226574,915.4839550000003,115144783.95499998,918.439805,915.4172099999998,-0.0026973985477182654
2019-06-26,23151.421125211073,23501.508472648897,23002.37145477122,23287.83055073242,347880.46989999997,0.0,0.0,23287.83055073242,23151.421125211073,23501.508472648897,23002.37145477122,0.002641051776836735,-0.0001575900537781892,0.002798641830614905,0.017956781006025577,914.530455,113869468.17000002,917.9344500000001,913.8153299999999,-0.0009936122112526341
2019-06-27,23250.705647796454,23393.034942829636,22821.622371624075,22955.027515625006,343660.535,0.0,0.0,22955.027515625006,23250.705647796454,23393.034942829636,22821.622371624075,-0.009195759867730318,-0.0008506286152457519,-0.008345131252484532,0.019705524848224746,899.2553849999999,117171944.025,914.8641799999998,899.2553849999999,-0.016060466754324793
2019-06-28,22996.466634766235,23318.972757911295,22782.58815717885,23054.688110009767,476422.32779999997,0.0,0.0,23054.688110009767,22996.466634766235,23318.972757911295,22782.58815717885,0.0033816825184736572,0.0012473626276181832,0.002134319890855511,0.01865647897547919,905.7677900000003,116457400.66000001,905.7677900000003,895.4509199999999,0.006880360537712338
2019-07-01,23246.11742251299,23365.171103051107,23003.993708011203,23198.5476366211,486712.8653,0.0,0.0,23198.5476366211,23246.11742251299,23365.171103051107,23003.993708011203,0.004743668436608135,0.008102350087562825,-0.0033586816509546718,0.01686459372641633,920.7091350000002,117687511.01,920.7091350000002,913.1288099999997,0.015600405420068355
2019-07-02,23225.59484283214,23374.16348428649,23003.649989915662,23115.06451088867,416006.3988,0.0,0.0,23115.06451088867,23225.59484283214,23374.16348428649,23003.649989915662,-0.0010489718616444035,0.0007420357537311095,-0.0017910076153755216,0.014237166563012072,917.24793,102519795.57499999,921.8056600000002,915.1692999999998,-0.003591229557715842
2019-07-03,23190.066863269953,23322.037227633966,23016.766705802376,23189.109109130863,483661.6145000001,0.0,0.0,23189.109109130863,23190.066863269953,23322.037227633966,23016.766705802376,0.0029819001581036157,0.0033589281504817392,-0.00037702799237811175,0.013281242077289628,915.731865,108442775.48,916.952345,912.4136849999999,-0.0015772877705270817
2019-07-04,23208.11030190026,23324.293461603644,23127.926350300997,23223.858333349614,214734.20169999998,0.0,0.0,23223.858333349614,23208.11030190026,23324.293461603644,23127.926350300997,0.001721222360721318,0.0014511676971871454,0.000270054663534185,0.008319665469992497,927.7936400000001,128836567.20500001,927.7936400000001,916.9332749999999,0.01247725246592281
2019-07-05,23256.997580279898,23318.708134450557,23142.69543760592,23234.329486083985,194652.9806,0.0,0.0,23234.329486083985,23256.997580279898,23318.708134450557,23142.69543760592,0.0002264162653922042,0.0010733768323718798,-0.0008469605669796727,0.007717995841625253,929.9866900000001,111735535.16999999,929.9866900000001,925.04756,0.002251153284960632
2019-07-08,23241.175782461,23283.339292145905,23135.55817877645,23200.280172607425,251445.3364,0.0,0.0,23200.280172607425,23241.175782461,23283.339292145905,23135.55817877645,-0.0014699581734374802,0.0006177825020499907,-0.002087740675487476,0.006908772894142409,921.4147250000001,113525140.25000004,927.5934050000001,919.02144,-0.008829448833305088
2019-07-09,23176.86689270631,23271.955866400138,23131.233650983504,23238.89813188477,107007.99650000001,0.0,0.0,23238.89813188477,23176.86689270631,23271.955866400138,23131.233650983504,0.002106065646931327,-0.000805611580063453,0.002911677226994776,0.006299901540045231,923.9891750000002,120576053.44500001,923.9891750000002,918.2681749999998,0.0026603820090193987
2019-07-10,23262.29377858176,23342.640831295823,23182.389499469933,23278.245191748054,247486.40609999996,0.0,0.0,23278.245191748054,23262.29377858176,23342.640831295823,23182.389499469933,0.0012578819443300724,0.0004431975944269654,0.0008146843499031189,0.007056528388340529,928.3752750000001,118729409.99500003,929.62436,926.0296650000003,0.004515476601791967
2019-07-11,23266.847399810948,23348.102845926347,23201.071086214844,23253.0949324707,234107.2588,0.0,0.0,23253.0949324707,23266.847399810948,23348.102845926347,23201.071086214844,-0.0013170306994638877,-0.0001549821701724048,-0.0011620485292914823,0.006984155593240409,933.1237050000002,127444638.36999996,934.44907,929.6911050000002,0.004864507446918264
2019-07-12,23261.988168581654,23436.998742083342,23205.455963596927,23352.234047314458,242553.1852,0.0,0.0,23352.234047314458,23261.988168581654,23436.998742083342,23205.455963596927,0.004226593780393542,0.0003587448464819226,0.003867848933911621,0.010059892006411827,930.0439000000001,126819237.71999998,936.4323500000004,929.0141200000004,-0.003152262560022189
2019-07-15,23340.490956013957,23477.14295279125,23246.917101015253,23344.90690922852,285876.3520000001,0.0,0.0,23344.90690922852,23340.490956013957,23477.14295279125,23246.917101015253,0.00017517167340070435,-0.0006359928989638753,0.0008111645723645535,0.009195453217464525,927.3073549999998,112223851.125,930.2918099999999,925.7817549999997,-0.002809697453352216
2019-07-16,23634.701854676612,23721.057538059355,23469.315011792012,23627.790644775392,379716.16969999997,0.0,0.0,23627.790644775392,23634.701854676612,23721.057538059355,23469.315011792012,0.005496767623325132,0.004921256529534251,0.000575511093790896,0.008472975680125276,936.4418850000002,135470114.37999994,936.4418850000002,929.7101749999999,0.009346583659711185
2019-07-17,23750.514412902536,23927.892914835364,23493.876830349418,23763.348074365233,362248.63310000004,0.0,0.0,23763.348074365233,23750.514412902536,23927.892914835364,23493.876830349418,0.005889771168637724,0.007149511542744247,-0.0012597403741065405,0.017742080868053314,936.8804950000002,135699650.435,939.7600649999998,933.524175,0.000446495111687193
2019-07-18,23705.975752307833,23866.768499030157,23454.53931682291,23653.294462499995,336644.5179,0.0,0.0,23653.294462499995,23705.975752307833,23866.768499030157,23454.53931682291,-0.003775317397402188,-0.0026420731861308464,-0.0011332442112713418,0.015870093183246847,930.663675,121301009.02999999,933.9437150000001,929.6720349999999,-0.006348186951887065
2019-07-19,23756.141926137305,24013.05900443688,23412.14806256086,23704.68874960937,574351.9352000001,0.0,0.0,23704.68874960937,23756.141926137305,24013.05900443688,23412.14806256086,0.0064547812398368185,0.003438219264344938,0.0030165619754918957,0.021796207081222062,936.6611899999998,153179307.785,940.2654199999998,932.63742,0.006124965531056988
2019-07-22,23684.566094255635,23933.568381218854,23398.218545913584,23561.854506542968,449188.09180000005,0.0,0.0,23561.854506542968,23684.566094255635,23933.568381218854,23398.218545913584,-0.005240398628470557,-0.0015052099121764001,-0.003735188716294132,0.021139077189329995,936.37514,129001656.19499998,939.321455,934.50628,-0.00029123693198253195
2019-07-23,23560.409131683038,23806.565336604086,23398.87929136071,23613.712947656248,388704.69759999996,0.0,0.0,23613.712947656248,23560.409131683038,23806.565336604086,23398.87929136071,0.00225044391313789,-0.0007723693242455853,0.003022813237383456,0.018101948138858896,943.45011,128449655.975,944.394075,935.0783799999999,0.007177279640633719
2019-07-24,23679.750467428898,23834.996099829117,23414.078009939072,23596.74560600586,409601.15500000014,0.0,0.0,23596.74560600586,23679.750467428898,23834.996099829117,23414.078009939072,-0.0013824235622812773,0.00319212429826715,-0.004574547860548428,0.016444104231337426,942.4489350000001,126638883.195,948.589475,940.47519,-0.0010123770460676973
2019-07-25,23596.74555223214,23605.858749428015,23596.74555223214,23601.30215083008,783.996,0.0,0.0,23601.30215083008,23596.74555223214,23605.858749428015,23596.74555223214,0.00035402671178382824,-4.1905158577875585e-09,0.0003540309022996785,0.0007059607186246774,948.6848250000003,134626800.84000003,951.1067149999999,940.9614750000002,0.006288230680509827
2019-07-26,23596.745617247245,23653.703104587832,23573.962622311003,23610.415414208983,3799.179,0.0,0.0,23610.415414208983,23596.745617247245,23653.703104587832,23573.962622311003,0.0007017884050094809,-0.0003540258357574755,0.0010558142407669524,0.006082927150869812,947.1592250000002,112566005.06500001,952.0888199999998,946.7968950000001,-0.001534577608311652
2019-07-29,23610.415483801306,23662.816376862364,23610.415483801306,23626.363581689453,12990.258,0.0,0.0,23626.363581689453,23610.415483801306,23662.816376862364,23610.415483801306,0.0012084896540978394,5.327534372173971e-09,0.0012084843265634721,0.0038816129476203767,951.5357900000001,108112492.61500001,951.5357900000001,942.3345149999998,0.004395716094809215
2019-07-30,23619.058171726436,23629.13255509656,23618.178183866206,23628.25256723633,7.148,0.0,0.0,23628.25256723633,23619.058171726436,23629.13255509656,23618.178183866206,6.654394374253019e-05,-0.00021995493242247085,0.0002864988761650006,0.0004320462640786787,940.1700699999998,127062885.57499999,956.141195,940.1700699999998,-0.01145774790217472
2019-07-31,23672.950702024653,23974.098798386643,23513.03016095227,23751.508920068365,307412.6226,0.0,0.0,23751.508920068365,23672.950702024653,23974.098798386643,23513.03016095227,0.0025392585065200464,-4.957257433510303e-05,0.002588831080855136,0.02081381015923929,945.5478099999997,124527490.93499996,947.2068999999999,936.9472400000001,0.005438447654797086
2019-08-01,23752.866701374656,24091.363489324616,23570.042711645765,23961.98413110352,346413.2347000001,0.0,0.0,23961.98413110352,23752.866701374656,24091.363489324616,23570.042711645765,0.007984699754281373,-0.002271006275504604,0.010255706029785967,0.02081892408424544,951.0113649999998,128737174.365,951.0113649999998,944.8040800000001,0.005493647835714379
2019-08-02,23852.002916526824,24131.096878041855,23650.10799004181,23894.473396875,420260.8474,0.0,0.0,23894.473396875,23852.002916526824,24131.096878041855,23650.10799004181,-0.0023281747464525162,-0.0032112800553254998,0.0008831053088729655,0.021180579971609638,945.0138499999998,137425704.73999998,945.2903650000003,939.8554150000001,-0.006032250605790294
2019-08-05,23875.910022302996,24226.110349239738,23636.28540826139,23876.54569506836,521383.6681000001,0.0,0.0,23876.54569506836,23875.910022302996,24226.110349239738,23636.28540826139,0.0014636717605393884,0.003916920169087127,-0.0024532484085477597,0.024839938632334965,927.8985250000001,141396832.00499997,943.001965,927.8985250000001,-0.017427314704409138
2019-08-06,23876.5459237973,23881.10252361999,23867.432724151917,23871.98932397461,53840.842,0.0,0.0,23871.98932397461,23876.5459237973,23881.10252361999,23867.432724151917,-0.00033034643421364206,1.653721905967652e-08,-0.000330362971432688,0.0009911094217428412,919.7556350000001,162315439.66500005,921.2240249999999,913.8248649999999,-0.008404490463558643
2019-08-07,23763.175045258988,24105.44483947211,23576.0739278017,23985.632517822258,404785.2237000001,0.0,0.0,23985.632517822258,23763.175045258988,24105.44483947211,23576.0739278017,0.003985320158971928,-0.0035016590120504976,0.007486979171022435,0.021032894780328576,921.0142549999999,127641593.33,926.7638600000002,916.9237399999998,0.0013039048101970234
2019-08-08,24007.29923438043,24314.547068776195,23664.247433773555,24190.6525758789,570371.8370999999,0.0,0.0,24190.6525758789,24007.29923438043,24314.547068776195,23664.247433773555,0.012105582416334866,0.0018139798080927041,0.010291602608242153,0.0299064329920437,929.8913399999999,150420422.28,930.4539050000001,919.3742350000001,0.009146188191190754
2019-08-09,24284.25847372466,24339.79825124733,24218.518214361033,24276.59117050781,238539.9892,0.0,0.0,24276.59117050781,24284.25847372466,24339.79825124733,24218.518214361033,0.0040136394080868675,0.004218374307900386,-0.00020473489981350857,0.006193427342096587,929.03319,127340773.615,933.1809149999999,929.0236550000001,-0.0008803435211276314
2019-08-12,24184.95755606376,24382.61308692499,23860.77555397202,24085.629546679684,415384.8745,0.0,0.0,24085.629546679684,24184.95755606376,24382.61308692499,23860.77555397202,-0.0058044533545824175,-0.004749831402367505,-0.0010546219522149058,0.022043890971026197,929.9580849999998,119864799.65499999,932.1702049999999,927.96527,0.0009487806286393756
2019-08-13,24146.25101420247,24348.39942015377,23817.843955563338,24090.57590302734,659215.4594999999,0.0,0.0,24090.57590302734,24146.25101420247,24348.39942015377,23817.843955563338,-0.002647227589192293,-0.002915736586820161,0.00026850899762784626,0.022179288454382207,921.8724049999998,136051844.73000002,927.8413150000001,919.2026050000001,-0.008326620515878257
2019-08-14,24174.01901650456,24322.54664122802,23945.84781145662,24059.19463808594,417871.73240000004,0.0,0.0,24059.19463808594,24174.01901650456,24322.54664122802,23945.84781145662,-0.0014565060657286584,0.0048170666717171715,-0.006273572737445835,0.01715373314531911,923.855685,119624584.4,930.6064649999998,923.855685,0.002049118955335688
2019-08-15,23912.90707987005,24371.060708692075,23692.052051654842,24261.479195605465,686381.2311000001,15.371046803000002,0.0,24261.479195605465,23912.90707987005,24371.060708692075,23692.052051654842,0.003716491016949078,-0.008233913023525018,0.011950404040474073,0.027514157759345185,933.8388300000001,125037870.87999998,933.8388300000001,911.3171600000003,0.010248208535314569
2019-08-16,24265.528397304217,24381.783471441384,24164.17082472625,24256.625520996095,502289.9015,0.0,0.0,24256.625520996095,24265.528397304217,24381.783471441384,24164.17082472625,-0.0011607343861575227,-0.00039170796577428475,-0.00076902642038323,0.010315123494859406,934.4300000000001,149184190.46,939.7791349999999,929.5480800000001,0.000603425593535218
2019-08-19,24149.92741562375,24184.539994340295,23906.816268164006,24029.430114160157,452035.5904,0.0,0.0,24029.430114160157,24149.92741562375,24184.539994340295,23906.816268164006,-0.003599564515411733,-0.000833944475924955,-0.0027656200394867827,0.009942099576680914,935.4121050000002,102959006.27999999,939.6551799999999,933.638595,0.0010016216889200636
2019-08-20,23991.18638924279,24113.300522572335,23914.62991862843,24049.797532128912,358783.6026,0.0,0.0,24049.797532128912,23991.18638924279,24113.300522572335,23914.62991862843,0.0019617326757501567,-0.0013613728621903974,0.003323105537940562,0.009360838329510318,938.882845,115477307.54500002,939.531225,936.098625,0.003531305862615231
2019-08-21,24145.435445680414,24271.85260091925,23898.030622250466,24071.449266796877,472214.3724,0.0,0.0,24071.449266796877,24145.435445680414,24271.85260091925,23898.030622250466,0.00033132956431000074,0.004653880469637421,-0.004322550905327429,0.017130864678326745,948.14133,139423973.76,949.15204,937.57655,0.009356569357356324
2019-08-22,24170.0409399168,24333.052885787336,23923.082990813957,24101.862793164062,489846.9259999999,0.0,0.0,24101.862793164062,24170.0409399168,24333.052885787336,23923.082990813957,0.005867362431450902,0.006222075340186398,-0.0003547129087355138,0.019102172949170073,950.8874099999997,122419636.16,952.231845,947.044805,0.0027576087185042773
2019-08-23,24143.785920775226,24322.002334004286,23942.959901238755,24074.928428027342,435348.6925999999,0.0,0.0,24074.928428027342,24143.785920775226,24322.002334004286,23942.959901238755,-0.00086234102033459,0.0008827095668148393,-0.0017450505871494267,0.01699640615637687,946.301075,114225600.42,951.7932350000001,944.7564050000001,-0.004610062706846414
2019-08-26,23998.330122830503,24245.78279990248,23749.215892949105,23989.393074804688,412087.26450000005,53.60016312,0.0,23989.393074804688,23998.330122830503,24245.78279990248,23749.215892949105,-0.0018875302797277112,-0.0046571426042072445,0.0027696123244795525,0.022429125234736738,937.17608,144598122.44,938.825635,931.5695000000003,-0.00923902982697137
2019-08-27,24031.074385333854,24185.195114760267,23703.553242655296,23863.82962265624,442137.3560000001,0.0,0.0,23863.82962265624,24031.074385333854,24185.195114760267,23703.553242655296,-0.0018580958042678413,0.0030083173047348614,-0.004866413109002736,0.019505500777666336,931.3692649999999,143840528.55,942.5252149999998,931.3692649999999,-0.005926338305311542
2019-08-28,23869.564934071557,24097.098384602526,23624.302532178655,23812.62654345703,380598.9679,0.0,0.0,23812.62654345703,23869.564934071557,24097.098384602526,23624.302532178655,-0.005210864878517527,-0.0005272859315425517,-0.004683578946974996,0.019613823195597256,931.8174100000002,111784382.97500001,935.7172250000002,931.6648500000001,0.00045868325645932295
2019-08-29,23875.419342201858,24073.30909163231,23664.707938445794,23863.364330566408,321970.2865,0.0,0.0,23863.364330566408,23875.419342201858,24073.30909163231,23664.707938445794,0.0003936595213622654,0.0033307202707290587,-0.002937060749366789,0.019406179753762562,933.0855649999999,114099166.32,933.2667299999997,928.07969,0.0012967816504041447
2019-08-30,23983.68458719152,24240.81183286425,23790.26207438713,24088.391110546876,262390.3359,0.0,0.0,24088.391110546876,23983.68458719152,24240.81183286425,23790.26207438713,0.011551943390871166,0.004050654089217124,0.00750128930165404,0.01876789994500164,938.3012099999997,120337363.78999999,939.0735450000002,934.668375,0.005314914533386714
2019-09-02,24088.391110546876,24088.391110546876,24088.391110546876,24088.391110546876,0.0,0.0,0.0,24088.391110546876,24088.391110546876,24088.391110546876,24088.391110546876,0.0,-9.01501095995627e-18,2.1993518117824348e-17,2.5957014315736155e-17,938.3012099999997,120337363.78999999,939.0735450000002,934.668375,0.0
2019-09-03,24107.673170577636,24213.000495273398,23771.570649225025,23953.219804589844,309887.43929999997,0.0,0.0,23953.219804589844,24107.673170577636,24213.000495273398,23771.570649225025,-0.007101836452428184,-3.526849892358453e-05,-0.007066567953504584,0.020333493935568218,933.8197600000001,120282184.745,939.3977349999998,933.1141700000001,-0.004564951523248292
2019-09-04,23846.251717069386,24094.9629982541,23365.873009993185,23654.625028320315,359677.11360000004,0.0,0.0,23654.625028320315,23846.251717069386,24094.9629982541,23365.873009993185,-0.008856086295700616,-0.00547317587240493,-0.003382910423295689,0.02864704489011928,932.1702049999999,116166726.18499999,934.3441849999997,928.108295,-0.0016858087467953018
2019-09-05,23760.835103374437,23992.554181305808,23519.48265850436,23669.147450292967,378691.39699999994,51.00000000000001,0.0,23669.147450292967,23760.835103374437,23992.554181305808,23519.48265850436,-0.0031265393892640405,0.0033927282887977446,-0.006519267678061774,0.021161140797697053,931.3692649999999,108531765.63499999,936.0223449999999,931.3692649999999,-0.0008196191702065884
2019-09-06,23659.29495321158,23822.411565490725,23535.646012810896,23680.428935156247,270878.59899999993,0.0,0.0,23680.428935156247,23659.29495321158,23822.411565490725,23535.646012810896,-0.0004352333099072588,0.0010733790857050019,-0.0015086123956122538,0.013960248555661667,928.7852799999998,103521113.60000001,933.2190549999999,928.5850450000002,-0.002649060841652165
2019-09-09,23745.27548355532,23849.9639373332,23447.003835650983,23548.635072167966,342774.2116,0.0,0.0,23548.635072167966,23745.27548355532,23849.9639373332,23447.003835650983,-0.007889432770497409,0.0015079206133713405,-0.00939735338386875,0.020171672211333605,928.8234200000003,99438426.83500001,929.6911050000002,927.2501450000001,3.915409096126117e-05
2019-09-10,23667.011149412454,23802.20993221046,23251.267438637755,23363.408325878903,432530.414,0.0,0.0,23363.408325878903,23667.011149412454,23802.20993221046,23251.267438637755,-0.006806075278498417,0.0041921433875331555,-0.010998218666031564,0.02444220323279339,925.1429099999999,122371675.11,931.9890399999999,923.33126,-0.0037857978739138025
2019-09-11,23384.233305389156,23663.43619845065,23183.896560782938,23448.745225781247,282836.9534,0.0,0.0,23448.745225781247,23384.233305389156,23663.43619845065,23183.896560782938,0.0044004844515096245,0.0012880093601152387,0.0031124750913944,0.021096816822286514,924.2370849999998,90669945.48500001,927.8794549999999,922.1679899999999,-0.000934047311967993
2019-09-12,23497.999581929973,23687.068630641425,23310.763201253754,23516.61552548828,591969.5172000001,0.0,0.0,23516.61552548828,23497.999581929973,23687.068630641425,23310.763201253754,0.005981265151263487,0.0006530877499439367,0.005328177401319553,0.01870375504995667,930.6827450000001,117446637.84,930.6827450000001,927.097585,0.006626660029209437
2019-09-13,23584.313449118774,23799.56847667745,23399.87723262054,23643.58603076172,564015.1652,0.0,0.0,23643.58603076172,23584.313449118774,23799.56847667745,23399.87723262054,0.0032540876674083917,0.002674978696855019,0.0005791089705533793,0.016335089479056507,941.3142699999999,139110949.24500003,941.3142699999999,930.5683250000002,0.010830431881745239
2019-09-16,23611.007813427437,23997.406357928165,23415.03805679145,23778.959982324217,369724.8276999999,0.0,0.0,23778.959982324217,23611.007813427437,23997.406357928165,23415.03805679145,0.0065439841116360885,0.0026782593417743195,0.003865724769861766,0.025745928064519343,943.8315099999998,131617135.30000003,946.4441,940.83752,0.002546423509527965
2019-09-17,23800.754628544237,23904.38200538826,23471.8626011077,23794.96968476562,260183.96289999995,0.0,0.0,23794.96968476562,23800.754628544237,23904.38200538826,23471.8626011077,-0.0009148080892566269,-0.0002526572728539082,-0.000662150816402712,0.018824246354277426,950.3915900000001,136000393.87,950.3915900000001,941.06636,0.006604355408138246
2019-09-18,23866.863227388047,24002.21495854999,23588.926521609264,23750.04993925781,484253.47660000005,95.37036769999999,0.0,23750.04993925781,23866.863227388047,24002.21495854999,23588.926521609264,-0.002048437009730898,0.004782043035930167,-0.006830480045661058,0.019619082493314857,948.8755250000002,134034572.455,951.9744000000002,947.7217900000002,-0.0015222379970814633
2019-09-19,23823.38046364915,23934.49573749772,23589.14522230267,23814.773780566404,289193.5986,12.644628083999999,0.03366,23814.773780566404,23823.38046364915,23934.49573749772,23589.14522230267,0.001367673481042785,0.003341270804889116,-0.0019735973238463487,0.015007801333844717,950.7348499999999,133909597.20999998,950.8302000000001,944.4894249999998,0.0018665585079852703
2019-09-20,23835.281371448687,24036.847148999455,23675.86189100883,23856.25848261719,619302.4013000001,0.0,0.0,23856.25848261719,23835.281371448687,24036.847148999455,23675.86189100883,0.0002836378664750663,5.859884607506535e-05,0.0002250390204000002,0.015590248738888951,944.30826,160077851.68,952.1269599999998,944.30826,-0.006467163753593887
2019-09-23,23873.710551974527,24008.532882913292,23474.264713591656,23686.69155283203,462332.3668,0.0,0.0,23686.69155283203,23873.710551974527,24008.532882913292,23474.264713591656,-0.005770290866785581,0.00012187157673179179,-0.0058921624435173525,0.023238487232791205,939.9126249999998,134868560.76500002,947.75993,939.9126249999998,-0.004448783695335846
2019-09-24,23709.22999471365,23991.22462209701,23481.54305820284,23657.518156347658,478962.80879999994,0.0,0.0,23657.518156347658,23709.22999471365,23991.22462209701,23481.54305820284,0.002843829405627933,0.0012676754084273128,0.001576153997200623,0.021341997835292684,942.1819550000001,114017546.71999998,945.2617599999999,939.14029,0.00229936075114784
2019-09-25,23784.660598480194,24087.645922384345,23544.45647199257,23750.255083691405,422189.20009999984,13.299999999999999,0.0,23750.255083691405,23784.660598480194,24087.645922384345,23544.45647199257,0.002260818130233168,0.0006476802837212712,0.0016131378465118926,0.01806003245921297,941.3905499999998,115774809.08000001,943.1831299999998,937.3477100000001,-0.0008012483829551182
2019-09-26,23803.05356077199,24124.612177007763,23591.66030938388,23692.537129687502,303592.9668,0.0,0.0,23692.537129687502,23803.05356077199,24124.612177007763,23591.66030938388,-0.00256846682598402,0.004338222106986103,-0.006906688932970145,0.01941685486972619,944.6801250000001,126857082.13500004,945.5478099999997,940.4847250000001,0.0033260820865693695
2019-09-27,23837.105091248613,23972.972642018307,23557.801740846615,23752.67936240235,536565.1807999999,0.0,0.0,23752.67936240235,23837.105091248613,23972.972642018307,23557.801740846615,0.0007213619452989368,0.0024224944171339215,-0.0017011324718349604,0.018114825458247694,951.4404400000001,145015736.37,951.9171899999999,945.39525,0.006799132697178126
2019-09-30,23833.63030198797,24022.92583692291,23618.244113784283,23811.996355468746,426716.7152,6.791666721,0.0,23811.996355468746,23833.63030198797,24022.92583692291,23618.244113784283,0.005467782211892813,0.0032864201268415715,0.0021813620850512296,0.017614375672205185,950.2199599999998,150402439.27000004,957.476095,950.172285,-0.001223907107474361
2019-10-01,23864.3599817372,23997.129547415156,23668.45310667929,23841.190048535158,394003.23079999996,28.6,0.0,23841.190048535158,23864.3599817372,23997.129547415156,23668.45310667929,0.0022010627733837543,0.0018620990098758953,0.0003389637635078398,0.014419485808753085,953.109065,134965331.48,953.2330199999999,949.8767,0.0028946794769128337
2019-10-02,23876.65893020459,23968.826972882674,23639.229120802418,23838.369322363287,477617.7078,23.8,0.0,23838.369322363287,23876.65893020459,23968.826972882674,23639.229120802418,-0.002653385228288266,-0.0007861855339039385,-0.0018671996943843425,0.015319418772148324,945.0996650000001,148395293.16499996,954.3867550000001,943.6122050000001,-0.008046542092063763
2019-10-03,23877.17123636878,24013.21552689334,23649.38055284801,23784.550657519532,537853.5218999998,0.0,0.0,23784.550657519532,23877.17123636878,24013.21552689334,23649.38055284801,0.0010907106871296634,0.004153627771784165,-0.003062917084654527,0.017339988352970966,946.301075,149030162.06999996,946.301075,937.6242249999998,0.0012113187489454823
2019-10-04,23789.560607996205,23951.29251082808,23188.728770924834,23632.91149169922,451764.4729999999,0.0,0.0,23632.91149169922,23789.560607996205,23951.29251082808,23188.728770924834,-0.004340613506005286,-0.00036992855624114825,-0.003970684949764137,0.020158066800257547,941.667065,146490819.94,948.5513349999999,941.667065,-0.00468073302153017
2019-10-07,23637.997862075277,23906.524910432483,23369.44546493295,23647.431244726566,458428.3607,0.0,0.0,23647.431244726566,23637.997862075277,23906.524910432483,23369.44546493295,-0.0008382745450019435,0.0019353457381658435,-0.002773620283167803,0.020629430213516008,937.376315,143418004.09500003,944.2891900000002,937.376315,-0.004354595832627163
2019-10-08,23736.47973477792,23863.14014127127,23504.28996409967,23657.06367919922,300376.6521,0.0,0.0,23657.06367919922,23736.47973477792,23863.14014127127,23504.28996409967,0.002161032409744646,0.002512095709069446,-0.00035106329932481286,0.015792175535846206,942.26777,146311504.73000005,942.5442849999998,936.232115,0.00496265533263763
2019-10-09,23640.92681343143,23859.713443771936,23415.56935834341,23611.933917285154,310371.0191,0.0,0.0,23611.933917285154,23640.92681343143,23859.713443771936,23415.56935834341,0.0006683187151595145,0.00025641709474356325,0.00041190162041596654,0.018916667743053006,941.8959050000001,137097681.67000002,945.8719999999998,940.85659,-0.00037637206024976637
2019-10-10,23610.30550422471,23776.961779796868,23434.10599405624,23586.88405224609,376752.4637,0.0,0.0,23586.88405224609,23610.30550422471,23776.961779796868,23434.10599405624,-0.0017345150841928953,-0.00019763457193746389,-0.0015368805122554627,0.016680603566133732,941.46683,131340629.83500001,944.8136149999999,941.0377550000001,-0.0004344601408696688
2019-10-11,23584.39088732638,23761.42234063629,23438.244777405736,23648.101326953125,254735.19900000002,0.0,0.0,23648.101326953125,23584.39088732638,23761.42234063629,23438.244777405736,0.0010359428956927582,-0.0006931874423767215,0.0017291303380694853,0.013649960059548742,945.7194400000001,134130551.765,945.7194400000001,941.6956700000003,0.0042972657896432655
2019-10-14,23625.58920756706,23895.970876086994,23471.90486614366,23749.671789062497,553779.8942,0.0,0.0,23749.671789062497,23625.58920756706,23895.970876086994,23471.90486614366,0.003247423137244183,0.0017653833989924811,0.0014820397382517125,0.017664704307487365,947.3689950000002,163973242.43999997,950.8778749999999,946.34875,0.0016616773537775425
2019-10-15,23701.32242864921,23818.077287387947,23546.59798029604,23707.587076367185,291317.7108,0.0,0.0,23707.587076367185,23701.32242864921,23818.077287387947,23546.59798029604,-0.0011869701469149581,-0.002681109245098501,0.0014941390981835561,0.012106475386634606,946.8731750000001,125223650.82,948.4941249999998,944.6705900000001,-0.000499159387626759
2019-10-16,23677.611889975244,23854.758611563775,23500.9561123335,23597.769905371093,277176.0078000001,0.0,0.0,23597.769905371093,23677.611889975244,23854.758611563775,23500.9561123335,-0.004555208533351795,-0.0003840737973532265,-0.004171134735998544,0.014611443766159173,948.2176100000001,150534298.78500003,951.0304350000001,947.22597,0.0013528839860404319
2019-10-17,23642.913691908812,23794.53894992849,23366.71408484527,23480.102945898438,387042.3418,0.0,0.0,23480.102945898438,23642.913691908812,23794.53894992849,23366.71408484527,-0.002589502571124877,-9.256309718533785e-05,-0.0024969394739395383,0.015652534160556078,943.79337,149828136.68499997,949.5048350000001,943.79337,-0.004459298147408539
2019-10-18,23609.646208648875,23874.982846484225,23317.60876630382,23467.587229199224,296305.7074000001,0.0,0.0,23467.587229199224,23609.646208648875,23874.982846484225,23317.60876630382,0.0005131835715018906,0.0033216553519436493,-0.0028084717804417562,0.019755693357742184,943.2022000000003,146350350.32000002,946.8541049999997,942.4489350000001,-0.0005974371348857215
2019-10-21,23493.925630982463,23682.668254262335,23098.55781684841,23247.804295507813,263139.9365,8.52,0.0,23247.804295507813,23493.925630982463,23682.668254262335,23098.55781684841,-0.004783841722731697,0.00033984585739235207,-0.005123687580124059,0.01883626252639639,937.8244599999999,155293770.31500003,942.83987,937.8244599999999,-0.00545201104217408
2019-10-22,23169.961729468225,23547.328660213403,22976.527847911242,23410.084829882817,283740.03369999997,0.0,0.0,23410.084829882817,23169.961729468225,23547.328660213403,22976.527847911242,0.0026803518459618332,9.248046495668636e-05,0.0025878713810051275,0.0188343682813384,941.2856649999998,191281310.80999997,941.667065,937.7863200000002,0.0035125804027171846
2019-10-23,23388.68274223244,23623.4373006304,23240.24311388079,23413.004787304686,185111.30349999998,0.0,0.0,23413.004787304686,23388.68274223244,23623.4373006304,23240.24311388079,7.4255861021661805e-06,-0.0022200929197415164,0.0022275185058437015,0.016542292790596245,941.8577649999999,146853521.80499998,943.5931350000001,939.6933199999997,0.0005793476567868839
2019-10-24,23403.26543696383,23588.4947582757,23244.81925781105,23467.800883789063,444577.3455000001,0.0,0.0,23467.800883789063,23403.26543696383,23588.4947582757,23244.81925781105,-7.132890748566819e-05,-0.0024529353961694274,0.0023816064886837862,0.014827132325403019,947.3976000000002,134804714.405,947.3976000000002,941.7242749999998,0.005591883352387326
2019-10-25,23471.699939763963,23736.113603069498,23290.236816631583,23535.766052148443,310126.7435,0.0,0.0,23535.766052148443,23471.699939763963,23736.113603069498,23290.236816631583,0.00013816573154073442,-0.0009799876049459211,0.0011181533364866385,0.019274322539284027,950.229495,130343736.05000001,950.3248449999999,946.739685,0.002845884625205487
2019-10-28,23647.295401819214,23746.123771751416,23406.437403619337,23550.133887890624,315119.7093,0.0,0.0,23550.133887890624,23647.295401819214,23746.123771751416,23406.437403619337,-0.0020730740732138697,0.0015181440592383995,-0.003591218132452268,0.01516214754503624,950.1436799999999,142972767.27,953.4427899999998,950.1436799999999,-8.611424706692404e-05
2019-10-29,23562.527985755736,23762.73537550657,23422.155971213877,23568.55734804687,316433.5129999999,0.0,0.0,23568.55734804687,23562.527985755736,23762.73537550657,23422.155971213877,-0.0008495611144974175,0.0016413918118181646,-0.002490952926315554,0.013634919611000652,949.5620449999999,169554545.155,953.38558,949.5620449999999,-0.0005838683144771955
2019-10-30,23628.95489803056,23684.18264465616,23400.65471633571,23552.119829980467,312603.60549999995,0.0,0.0,23552.119829980467,23628.95489803056,23684.18264465616,23400.65471633571,-0.001333074626735804,0.0009780368303820607,-0.0023111114571178594,0.00996385961296308,954.348615,152723591.995,956.7419000000001,948.5990099999999,0.004794346926663653
2019-10-31,23563.817786867934,23766.672030699818,23429.070317465998,23600.72827539062,275088.7612,0.0,0.0,23600.72827539062,23563.817786867934,23766.672030699818,23429.070317465998,0.0036037732751430687,0.001569436336643433,0.002034336938499617,0.016483857010374484,952.3748700000001,180311703.31499997,957.6954000000001,952.1460300000002,-0.0019740319396110485
2019-11-01,23516.761804084566,23701.1164460168,23338.93837691576,23490.353966503902,336416.92269999994,0.0,0.0,23490.353966503902,23516.761804084566,23701.1164460168,23338.93837691576,-0.004674057537726524,-0.003199575306057616,-0.0014744822316689176,0.015979964020569427,968.3650649999996,190746034.98000002,968.6415800000002,953.42372,0.01587617656829257
2019-11-04,23557.520547299566,23705.644233721916,23348.763827907173,23520.53553613281,812456.6266,0.0,0.0,23520.53553613281,23557.520547299566,23705.644233721916,23348.763827907173,0.002105850231050755,0.001561504498364868,0.0005443457326858905,0.01756068497842851,974.8870049999998,198785260.45999998,976.3077200000001,968.6225100000001,0.006400294882314278
2019-11-05,23499.077271187238,23648.75778169292,23396.174552671535,23527.906509765628,327183.7927,0.0,0.0,23527.906509765628,23499.077271187238,23648.75778169292,23396.174552671535,0.00041858679118335405,-0.0022993075489406364,0.00271789434012396,0.011775321721254778,976.7081899999998,164224442.01500002,978.796355,974.1242049999998,0.0017795702776979556
2019-11-06,23598.264059709654,23749.00945542211,23377.44254716444,23552.914422363276,359241.43970000005,0.0,0.0,23552.914422363276,23598.264059709654,23749.00945542211,23377.44254716444,0.0014610261318872236,0.0017664721451994775,-0.000305446013312244,0.01538738765899631,977.2516850000002,174800835.645,981.122895,975.83097,0.0005304330989546401
2019-11-07,23660.97648805835,23781.695191248036,23475.116066564253,23579.8957171875,290509.54689999996,70.5,0.0,23579.8957171875,23660.97648805835,23781.695191248036,23475.116066564253,0.0008415997193709343,0.0038763236186357057,-0.003034723899264785,0.012487049424162417,976.412605,159104433.06499997,980.627075,975.0586349999999,-0.0008190381871532958
2019-11-08,23647.857480842824,23729.446866845763,23506.419733097686,23573.50839541015,295401.5105,0.0,0.0,23573.50839541015,23647.857480842824,23729.446866845763,23506.419733097686,-0.0004039787323037724,0.0009430924709295559,-0.001347071203233316,0.009028924624131001,974.9442150000001,150598097.47,979.6163650000002,973.6283849999999,-0.0014350119003571434
2019-11-11,23593.67754503766,23726.538644790944,23264.90585899738,23402.72505283203,409244.5312,0.0,0.0,23402.72505283203,23593.67754503766,23726.538644790944,23264.90585899738,-0.003949389081099949,0.0010136121750358618,-0.004963001256135806,0.014901454307474695,969.471125,162834067.38499996,977.118195,969.0897249999999,-0.005367788445121123
2019-11-12,23449.044823675278,23583.184309580483,23313.7438145016,23430.206253710934,430547.57099999994,0.0,0.0,23430.206253710934,23449.044823675278,23583.184309580483,23313.7438145016,0.0019372681118863555,0.001727318915072958,0.00020994919681338782,0.010942412867580714,970.977655,172554732.90500006,974.3244399999999,968.7273950000001,0.001480561258227634
2019-11-13,23483.010643806858,23590.033703827914,23174.58837541524,23319.071857128904,360993.28789999994,0.0,0.0,23319.071857128904,23483.010643806858,23590.033703827914,23174.58837541524,-0.0016144876135138202,0.0008125629789436179,-0.0024270505924574447,0.015538292722304732,965.676195,173790955.18999997,972.6558150000001,963.7977999999999,-0.005220297614388259
2019-11-14,23293.467333621862,23483.371254708698,23090.64599960961,23227.59592880859,702906.6755,0.0,0.0,23227.59592880859,23293.467333621862,23483.371254708698,23090.64599960961,-0.0030475671714267722,-0.0006424461371447372,-0.002405121034282018,0.01570425995386256,965.2280500000002,183727969.86,969.4329850000001,963.6071000000001,-0.0004425970539751042
2019-11-15,23254.455860482536,23391.039893220855,22689.273910286476,23281.479758007812,409411.80529999995,0.0,0.0,23281.479758007812,23254.455860482536,23391.039893220855,22689.273910286476,0.0013645924678313682,0.0015301310734897895,-0.00016553860565844528,0.017890649824903612,963.0636049999999,172397214.70499998,967.9550600000001,958.3628500000003,-0.002140546705057759
2019-11-18,23309.03172910834,23454.088087337404,23090.68987384296,23227.846881640624,452777.94810000004,0.0,0.0,23227.846881640624,23309.03172910834,23454.088087337404,23090.68987384296,-0.0053555793223511216,0.0018724362638422331,-0.007228015586193373,0.018977437509760078,956.2746849999997,157542781.22999996,965.0278149999999,956.007705,-0.0067453061816873374
2019-11-19,23226.733663879862,23458.840494206863,23114.730363334107,23235.75859121094,247855.16199999998,0.0,0.0,23235.75859121094,23226.733663879862,23458.840494206863,23114.730363334107,0.0023249798676253383,0.003907327619390361,-0.0015823477517650302,0.015226438897921211,961.4617249999999,150679726.60500005,961.4617249999999,954.787225,0.005158013035766715
2019-11-20,23300.873623262847,23410.087575560738,23032.866911190715,23166.858916406243,367181.50519999996,0.0,0.0,23166.858916406243,23300.873623262847,23410.087575560738,23032.866911190715,0.0022388948226280303,0.004518155768163916,-0.002279260945535881,0.01649904838861477,954.0339599999998,174418062.60499996,962.2817349999999,954.0339599999998,-0.007394858137147988
2019-11-21,23204.982039465405,23485.445599300678,22906.442149855437,23089.008082324217,601460.6677000001,0.0,0.0,23089.008082324217,23204.982039465405,23485.445599300678,22906.442149855437,0.0016398454050744733,0.0010156423116322135,0.0006242030934422589,0.019761129312877258,941.9531150000001,163746261.76499996,953.1472049999999,941.9531150000001,-0.01215118157084584
2019-11-22,23198.789717974643,23360.25418488783,22621.001144919395,22849.569105273436,392005.28579999995,198.45,0.0,22849.569105273436,23198.789717974643,23360.25418488783,22621.001144919395,-0.007455411648250151,-0.0002062410502299878,-0.007249170598020174,0.027016915052197756,932.31323,187600591.04,947.4929500000001,925.8771049999999,-0.009808329988093124
2019-11-25,22952.486620351665,23098.918967125526,22546.73347697566,22769.87744189453,269147.31319999986,0.0,0.0,22769.87744189453,22952.486620351665,23098.918967125526,22546.73347697566,-0.003022545856142635,0.001053198925747739,-0.004075744781890365,0.02216882237066934,930.949725,141390348.20499998,934.0486,926.0773399999998,-0.001395511294938251
2019-11-26,23014.888531731365,23108.90795262562,22663.51448778575,22783.54477675781,309556.1774,0.0,0.0,22783.54477675781,23014.888531731365,23108.90795262562,22663.51448778575,0.005160083282115635,0.008378797832203534,-0.0032187145500879107,0.014381694850561868,931.3692649999999,141133341.815,936.29886,931.3692649999999,0.0004296056678959614
2019-11-27,22771.308572200734,22973.85907631638,22622.891764813703,22746.071289355466,209213.3905,0.0,0.0,22746.071289355466,22771.308572200734,22973.85907631638,22622.891764813703,-0.0017135983002828654,-0.0010005221381294922,-0.0007130761621533764,0.016312027831612355,932.685095,150155959.51999998,937.06166,932.685095,0.0013461454132617156
2019-11-28,22747.902319419278,22894.491152562136,22520.60820573067,22655.79418876953,383610.9762999999,0.0,0.0,22655.79418876953,22747.902319419278,22894.491152562136,22520.60820573067,-0.003924651382828549,0.00027988552341036367,-0.004204536906238918,0.016154991517210546,925.266865,147288727.80999997,933.638595,922.6828799999998,-0.007614104179329049
2019-11-29,22569.822153741487,22743.43503595385,22369.016596100897,22510.660559667966,212923.5969,0.0,0.0,22510.660559667966,22569.822153741487,22743.43503595385,22369.016596100897,-0.006026243937665063,-0.005137431584346627,-0.0008888123533184356,0.012168955851111184,925.6101249999998,132437860.42500001,927.6506150000001,923.016605,0.00035366846691676303
2019-12-02,22541.41697379956,22732.338682260277,22327.613307083244,22580.895703710936,338448.20809999993,0.0,0.0,22580.895703710936,22541.41697379956,22732.338682260277,22327.613307083244,0.0020466173304307753,0.003637162111162991,-0.0015905447807321995,0.01929060129721931,914.702085,172032071.88,927.6696849999997,913.7390499999998,-0.011303449369797113
2019-12-06,22543.767391610632,22800.428883237422,22443.344808813355,22621.243678027342,162828.10700000002,0.0,0.0,22621.243678027342,22543.767391610632,22800.428883237422,22443.344808813355,-0.0022943733270363704,-0.0038523104517028234,0.001557937124666462,0.014392398272398056,918.7544599999997,132834707.12500004,920.518435,916.3039650000001,0.00028701546279418687
2019-12-09,22734.022186610095,22926.132134217132,22499.11049230206,22744.386605175776,228877.54649999997,151.75,0.0,22744.386605175776,22734.022186610095,22926.132134217132,22499.11049230206,0.004135752285954335,0.003532014221053315,0.0006037380649010261,0.020909643123485713,921.1382099999998,174822928.24,922.5779949999999,917.829565,0.0024706950941178136
2019-12-10,22709.695431735367,22817.21239789039,22472.13871784531,22612.793677929694,225895.95700000005,0.0,0.0,22612.793677929694,22709.695431735367,22817.21239789039,22472.13871784531,-0.003827302353366329,-0.0016258207004378486,-0.002201481652928487,0.016603895561405232,915.64605,162799455.33499995,921.6340299999998,910.7259899999998,-0.0057021287484697696
2019-12-11,22648.68616992939,22827.243866983168,22501.190179122466,22671.81916054688,170078.13730000006,25.28925678,0.0,22671.81916054688,22648.68616992939,22827.243866983168,22501.190179122466,0.0032855015411014064,4.9819588266064616e-05,0.0032356819528353105,0.013940222801869401,917.0572300000001,151181391.55999997,917.0572300000001,910.1729600000001,0.0014683887027549577
2019-12-12,22787.38909228095,22967.17436257005,22587.7868155947,22801.369379882814,229639.4495,20.009999999999998,0.0,22801.369379882814,22787.38909228095,22967.17436257005,22587.7868155947,0.007166675716731864,0.004172385373992746,0.002994290342739121,0.01725067716146071,923.150095,147402327.80000004,923.3598649999999,917.9535199999999,0.006314036389015663
2019-12-13,22835.901331970905,22972.234108698452,22683.659963816885,22789.115321289057,295525.11850000004,0.0,0.0,22789.115321289057,22835.901331970905,22972.234108698452,22683.659963816885,1.1353000757165785e-05,0.00027407308849596176,-0.0002627200877387997,0.013910065271250618,921.25263,164513943.68499997,926.64944,921.0142549999999,-0.001961863850290626
2019-12-16,22753.51119196956,22915.33511607209,22554.673564838646,22668.681711328125,245993.08139999997,91.65,0.0,22668.681711328125,22753.51119196956,22915.33511607209,22554.673564838646,-0.005375408596809928,-0.0034287713557840972,-0.0019466372410258512,0.018288384175115333,916.761645,193026597.20999998,921.0810000000001,915.731865,-0.004659553277120712
2019-12-17,22659.417824003885,22789.586288572482,22528.559573095976,22576.36619775391,313717.50470000005,0.0,0.0,22576.36619775391,22659.417824003885,22789.586288572482,22528.559573095976,-0.005141973845688354,-0.0011238344699584838,-0.004018139375729855,0.011288602582794707,909.6676049999999,228193240.95000002,918.0202649999999,909.6676049999999,-0.007407022369613981
2019-12-18,22570.022261070935,22704.265077824064,22391.452440714744,22496.939617773438,271293.32159999997,0.0,0.0,22496.939617773438,22570.022261070935,22704.265077824064,22391.452440714744,-0.003839510218571508,-0.0008456153170655104,-0.0029938949015059914,0.013871146449087114,906.9024549999999,174551314.23000002,909.8106299999997,905.6915100000001,-0.0029028030565990248
2019-12-19,22438.042930456864,22674.84016454853,22321.258770037522,22500.993283789063,197310.0514,0.0,0.0,22500.993283789063,22438.042930456864,22674.84016454853,22321.258770037522,-0.00018905844173851348,-0.006249361371358274,0.006060302929619762,0.018558270318093,907.97991,170476398.49,911.4029750000001,902.7165900000001,0.0011321433091316835
2019-12-20,22558.564904464645,22728.99566493959,22447.92319293772,22636.800839355477,182124.92750000005,23.8,0.0,22636.800839355477,22558.564904464645,22728.99566493959,22447.92319293772,0.0020613120148366506,0.0003375088566386541,0.0017238031581979882,0.01244661325346551,911.9369350000001,174916218.67999998,912.9953200000001,908.4089849999999,0.004146375471581793
2019-12-23,22603.437495177524,22749.78904162996,22436.593204097597,22611.894770703126,193850.1866,14.200000000000001,0.0,22611.894770703126,22603.437495177524,22749.78904162996,22436.593204097597,-0.002776946020850713,-0.003680937758274152,0.0009039917374234435,0.017740161902495867,914.8165050000001,181300063.27499998,916.0369850000002,913.5197450000002,0.0030060677145035703
2019-12-24,22588.328860865793,22700.390787083183,22412.698882248435,22546.88323544922,167814.1724,0.0,0.0,22546.88323544922,22588.328860865793,22700.390787083183,22412.698882248435,-0.001590798529536695,-0.0003216333823212959,-0.001269165147215411,0.014600093082042995,914.2920800000002,165153437.06499997,914.4923150000002,908.9620150000001,-0.0005467573169818098
2019-12-25,22567.69231960258,22783.132306291376,22392.055141093588,22606.525008789056,284104.4974,0.0,0.0,22606.525008789056,22567.69231960258,22783.132306291376,22392.055141093588,0.001977091629462866,8.074118206510589e-05,0.0018963504473977406,0.018274199359755446,916.2372199999999,186365141.09,918.0584049999999,912.9762499999999,0.002026399345883222
2019-12-26,22622.107044085766,22725.70194593943,22411.202669076178,22562.606896777343,233550.7577,6.99942846,0.0,22562.606896777343,22622.107044085766,22725.70194593943,22411.202669076178,-0.0011960383455377165,0.0011929365014315626,-0.0023889748469692884,0.013728381469698958,914.015565,152971130.13,917.371885,912.909505,-0.0023148158552504816
2019-12-27,22623.24561935169,22679.388189625926,22386.706262870517,22489.405437499998,213982.77180000002,0.0,0.0,22489.405437499998,22623.24561935169,22679.388189625926,22386.706262870517,-0.0024736352390960408,0.0030458266550465627,-0.005519461894142624,0.015476580602982144,918.706785,120718267.96999998,918.706785,909.820165,0.004881359186064713
2019-12-30,22744.196653022158,22926.922846810434,22301.77693271201,22581.54237753906,441978.3079,367.4199804,0.07041599999999999,22581.54237753906,22744.196653022158,22926.922846810434,22301.77693271201,0.0028024385562847613,0.009730032039408278,-0.006927593483123519,0.025317302503288255,920.1561049999999,140942679.95499998,922.53032,917.715145,0.0015030233234518122
2019-12-31,22539.839549212316,22764.40138978253,22274.658398299256,22582.941535156246,193403.278,0.0,0.0,22582.941535156246,22539.839549212316,22764.40138978253,22274.658398299256,0.0009613591988220838,-0.002701186244810594,0.0036625454436326975,0.02038418157101785,916.3039650000001,137725437.465,920.8044850000001,913.6627699999999,-0.004000109707760254
2020-01-01,,,,,,,,,,,,,,,,,,,,
2020-01-02,,,,,,,,,,,,,,,,,,,,
2020-01-03,,,,,,,,,,,,,,,,,,,,
2020-01-06,,,,,,,,,,,,,,,,,,,,
2020-01-07,,,,,,,,,,,,,,,,,,,,
2020-01-08,,,,,,,,,,,,,,,,,,,,
2020-01-09,,,,,,,,,,,,,,,,,,,,
2020-01-10,,,,,,,,,,,,,,,,,,,,
2020-01-13,,,,,,,,,,,,,,,,,,,,
2020-01-14,,,,,,,,,,,,,,,,,,,,
2020-01-15,,,,,,,,,,,,,,,,,,,,
2020-01-16,,,,,,,,,,,,,,,,,,,,
2020-01-17,,,,,,,,,,,,,,,,,,,,
2020-01-20,,,,,,,,,,,,,,,,,,,,
2020-01-21,,,,,,,,,,,,,,,,,,,,
2020-01-22,,,,,,,,,,,,,,,,,,,,
2020-01-23,,,,,,,,,,,,,,,,,,,,
2020-01-24,,,,,,,,,,,,,,,,,,,,
2020-01-27,,,,,,,,,,,,,,,,,,,,
2020-01-28,,,,,,,,,,,,,,,,,,,,
2020-01-29,,,,,,,,,,,,,,,,,,,,
2020-01-30,,,,,,,,,,,,,,,,,,,,
2020-01-31,,,,,,,,,,,,,,,,,,,,
2020-02-03,,,,,,,,,,,,,,,,,,,,
2020-02-04,,,,,,,,,,,,,,,,,,,,
2020-02-05,,,,,,,,,,,,,,,,,,,,
2020-02-06,,,,,,,,,,,,,,,,,,,,
2020-02-07,,,,,,,,,,,,,,,,,,,,
2020-02-10,,,,,,,,,,,,,,,,,,,,
2020-02-11,,,,,,,,,,,,,,,,,,,,
2020-02-12,,,,,,,,,,,,,,,,,,,,
2020-02-13,,,,,,,,,,,,,,,,,,,,
2020-02-14,,,,,,,,,,,,,,,,,,,,
2020-02-17,,,,,,,,,,,,,,,,,,,,
2020-02-18,,,,,,,,,,,,,,,,,,,,
2020-02-19,,,,,,,,,,,,,,,,,,,,
2020-02-20,,,,,,,,,,,,,,,,,,,,
2020-02-21,,,,,,,,,,,,,,,,,,,,
2020-02-24,,,,,,,,,,,,,,,,,,,,
2020-02-25,,,,,,,,,,,,,,,,,,,,
2020-02-26,,,,,,,,,,,,,,,,,,,,
2020-02-27,,,,,,,,,,,,,,,,,,,,
2020-02-28,,,,,,,,,,,,,,,,,,,,
2020-03-02,,,,,,,,,,,,,,,,,,,,
2020-03-03,,,,,,,,,,,,,,,,,,,,
2020-03-05,,,,,,,,,,,,,,,,,,,,
2020-03-06,,,,,,,,,,,,,,,,,,,,
2020-03-09,,,,,,,,,,,,,,,,,,,,
2020-03-10,,,,,,,,,,,,,,,,,,,,
2020-03-11,,,,,,,,,,,,,,,,,,,,
2020-03-12,,,,,,,,,,,,,,,,,,,,
2020-03-13,,,,,,,,,,,,,,,,,,,,
2020-03-16,,,,,,,,,,,,,,,,,,,,
2020-03-17,,,,,,,,,,,,,,,,,,,,
2020-03-18,,,,,,,,,,,,,,,,,,,,
2020-03-19,,,,,,,,,,,,,,,,,,,,
2020-03-20,,,,,,,,,,,,,,,,,,,,
2020-03-23,,,,,,,,,,,,,,,,,,,,
2020-03-24,,,,,,,,,,,,,,,,,,,,
2020-03-25,,,,,,,,,,,,,,,,,,,,
2020-03-26,,,,,,,,,,,,,,,,,,,,
2020-03-27,,,,,,,,,,,,,,,,,,,,
2020-03-30,,,,,,,,,,,,,,,,,,,,
2020-03-31,,,,,,,,,,,,,,,,,,,,
2020-04-01,,,,,,,,,,,,,,,,,,,,
2020-04-02,,,,,,,,,,,,,,,,,,,,
2020-04-03,,,,,,,,,,,,,,,,,,,,
2020-04-06,,,,,,,,,,,,,,,,,,,,
2020-04-07,,,,,,,,,,,,,,,,,,,,
2020-04-08,,,,,,,,,,,,,,,,,,,,
2020-04-09,,,,,,,,,,,,,,,,,,,,
2020-04-10,,,,,,,,,,,,,,,,,,,,
2020-04-13,,,,,,,,,,,,,,,,,,,,
2020-04-14,,,,,,,,,,,,,,,,,,,,
2020-04-15,,,,,,,,,,,,,,,,,,,,
2020-04-16,,,,,,,,,,,,,,,,,,,,
2020-04-17,,,,,,,,,,,,,,,,,,,,
2020-04-20,,,,,,,,,,,,,,,,,,,,
2020-04-21,,,,,,,,,,,,,,,,,,,,
2020-04-22,,,,,,,,,,,,,,,,,,,,
2020-04-23,,,,,,,,,,,,,,,,,,,,
2020-04-24,,,,,,,,,,,,,,,,,,,,
2020-04-27,,,,,,,,,,,,,,,,,,,,
2020-04-28,,,,,,,,,,,,,,,,,,,,
2020-04-29,,,,,,,,,,,,,,,,,,,,
2020-04-30,,,,,,,,,,,,,,,,,,,,
2020-05-01,,,,,,,,,,,,,,,,,,,,
2020-05-04,,,,,,,,,,,,,,,,,,,,
2020-05-05,,,,,,,,,,,,,,,,,,,,
2020-05-06,,,,,,,,,,,,,,,,,,,,
2020-05-07,,,,,,,,,,,,,,,,,,,,
2020-05-08,,,,,,,,,,,,,,,,,,,,
2020-05-11,,,,,,,,,,,,,,,,,,,,
2020-05-12,,,,,,,,,,,,,,,,,,,,
2020-05-13,,,,,,,,,,,,,,,,,,,,
2020-05-14,,,,,,,,,,,,,,,,,,,,
2020-05-15,,,,,,,,,,,,,,,,,,,,
2020-05-18,,,,,,,,,,,,,,,,,,,,
2020-05-19,,,,,,,,,,,,,,,,,,,,
2020-05-20,,,,,,,,,,,,,,,,,,,,
2020-05-21,,,,,,,,,,,,,,,,,,,,
2020-05-22,,,,,,,,,,,,,,,,,,,,
2020-05-25,,,,,,,,,,,,,,,,,,,,
2020-05-26,,,,,,,,,,,,,,,,,,,,
2020-05-27,,,,,,,,,,,,,,,,,,,,
2020-05-28,,,,,,,,,,,,,,,,,,,,
2020-05-29,,,,,,,,,,,,,,,,,,,,
2020-06-01,,,,,,,,,,,,,,,,,,,,
2020-06-02,,,,,,,,,,,,,,,,,,,,
2020-06-03,,,,,,,,,,,,,,,,,,,,
2020-06-04,,,,,,,,,,,,,,,,,,,,
2020-06-05,,,,,,,,,,,,,,,,,,,,
2020-06-08,,,,,,,,,,,,,,,,,,,,
2020-06-09,,,,,,,,,,,,,,,,,,,,
2020-06-10,,,,,,,,,,,,,,,,,,,,
2020-06-11,,,,,,,,,,,,,,,,,,,,
2020-06-12,,,,,,,,,,,,,,,,,,,,
2020-06-15,,,,,,,,,,,,,,,,,,,,
2020-06-16,,,,,,,,,,,,,,,,,,,,
2020-06-17,,,,,,,,,,,,,,,,,,,,
2020-06-18,,,,,,,,,,,,,,,,,,,,
2020-06-19,,,,,,,,,,,,,,,,,,,,
2020-06-22,,,,,,,,,,,,,,,,,,,,
2020-06-23,,,,,,,,,,,,,,,,,,,,
2020-06-24,,,,,,,,,,,,,,,,,,,,
2020-06-25,,,,,,,,,,,,,,,,,,,,
2020-06-26,,,,,,,,,,,,,,,,,,,,
2020-06-29,,,,,,,,,,,,,,,,,,,,
2020-06-30,,,,,,,,,,,,,,,,,,,,
2020-07-01,,,,,,,,,,,,,,,,,,,,
2020-07-02,,,,,,,,,,,,,,,,,,,,
2020-07-03,,,,,,,,,,,,,,,,,,,,
2020-07-06,,,,,,,,,,,,,,,,,,,,
2020-07-07,,,,,,,,,,,,,,,,,,,,
2020-07-08,,,,,,,,,,,,,,,,,,,,
2020-07-09,,,,,,,,,,,,,,,,,,,,
2020-07-10,,,,,,,,,,,,,,,,,,,,
2020-07-13,,,,,,,,,,,,,,,,,,,,
2020-07-14,,,,,,,,,,,,,,,,,,,,
2020-07-15,,,,,,,,,,,,,,,,,,,,
2020-07-16,,,,,,,,,,,,,,,,,,,,
2020-07-17,,,,,,,,,,,,,,,,,,,,
2020-07-20,,,,,,,,,,,,,,,,,,,,
2020-07-21,,,,,,,,,,,,,,,,,,,,
2020-07-22,,,,,,,,,,,,,,,,,,,,
2020-07-23,,,,,,,,,,,,,,,,,,,,
2020-07-24,,,,,,,,,,,,,,,,,,,,
2020-07-27,,,,,,,,,,,,,,,,,,,,
2020-07-28,,,,,,,,,,,,,,,,,,,,
2020-07-29,20318.02850615298,20655.02634289301,19796.770161402812,20106.49141201172,521256.8641,4.26,0.0,20106.49141201172,20318.02850615298,20655.02634289301,19796.770161402812,-0.01768598823694859,-0.011007194973159369,-0.006678793263789231,0.03613758141590286,770.752664,303101974.18600005,780.060094,760.0125720000001,-0.027364959396016093
2020-07-30,20109.274719827146,20429.97574874377,19954.452651486175,20188.487375976565,203775.11850000007,13.4,0.0,20188.487375976565,20109.274719827146,20429.97574874377,19954.452651486175,0.004302015490154095,0.001199660665827798,0.0031023548243262855,0.021694059841509218,780.7812980000001,159081550.738,782.5745619999998,774.6900480000002,0.012599199314748073
2020-07-31,20049.83648283023,20352.25737611455,19779.882521063766,20082.51055742188,424850.5792,0.0,0.0,20082.51055742188,20049.83648283023,20352.25737611455,19779.882521063766,9.411216622910761e-05,-0.005334641076499406,0.005428753242728489,0.027387179307103982,778.1108939999999,214091103.20399994,783.13983,766.990708,-0.0033390099680286676
2020-08-03,20034.455601702713,20504.650631420478,19916.967403726965,20296.32906621094,500389.39609999995,0.0,0.0,20296.32906621094,20034.455601702713,20504.650631420478,19916.967403726965,0.011090579944359205,-0.005681968117175907,0.016772548061535154,0.030474053774864084,793.9578899999998,238572275.524,794.143064,776.2396620000001,0.01964927439893077
2020-08-04,20378.80396630798,20746.758376741993,20239.082818688417,20579.347341601555,520003.915,0.0,0.0,20579.347341601555,20378.80396630798,20746.758376741993,20239.082818688417,0.014786111560923387,0.00532636546806838,0.009459746092855017,0.025289016553647386,806.549722,245078685.63200003,806.549722,799.3669200000002,0.015335450553748797
2020-08-05,20706.34047362626,21218.031467066063,20498.098093424454,20883.229843945308,528482.2511,152.75,0.0,20883.229843945308,20706.34047362626,21218.031467066063,20498.098093424454,0.00895512955109086,0.0037252554833058327,0.005229874067785072,0.028937973676737852,816.51988,258114642.85200003,818.1961919999999,799.893204,0.0119736555919768
2020-08-06,20943.961645512936,21261.09951605831,20740.665004551236,21053.464280273434,427889.14900000003,0.0,0.0,21053.464280273434,20943.961645512936,21261.09951605831,20740.665004551236,0.004500150662170038,0.00022149794193549073,0.004278652720234567,0.02243642515629162,818.702984,227792634.256,822.7183359999998,812.3875759999999,0.0026022806668404143
2020-08-07,21048.161487091475,21253.264095257717,20810.07689791982,21066.98890078125,413755.53530000005,0.0,0.0,21066.98890078125,21048.161487091475,21253.264095257717,20810.07689791982,-0.001649138211052187,-0.0021339126418244833,0.00048477443077229814,0.018891573164854496,820.086916,224183963.34399998,822.8840179999999,815.5842640000001,0.0016460687826173799
2020-08-10,21155.20423340045,21352.786210958126,20871.117093266796,21017.034788964844,449080.4072,0.0,0.0,21017.034788964844,21155.20423340045,21352.786210958126,20871.117093266796,0.0012043129117720167,0.005965181645811886,-0.004760868734039871,0.021866124453226707,821.78272,270376563.00600004,827.9421919999997,821.78272,0.002013230685142025
2020-08-11,20986.404372723733,21088.193350795966,20739.546707162208,20892.626169335934,379203.0684,0.0,0.0,20892.626169335934,20986.404372723733,21088.193350795966,20739.546707162208,-0.006303420618631079,-0.0033609961679875395,-0.002942424450643558,0.015698477722573594,821.6657680000002,221005675.79199997,826.0807059999999,819.00511,-0.00013871006024788774
2020-08-12,20892.980595827576,21142.33210405186,20791.446867637416,20979.430896191403,361603.56950000004,0.0,0.0,20979.430896191403,20892.980595827576,21142.33210405186,20791.446867637416,0.003814706771840674,-0.00023249802746117326,0.0040472047993018725,0.01828164207081344,825.408232,232366919.35599998,826.9870839999999,821.4708479999998,0.00442895910130919
2020-08-13,21070.965569713262,21273.48677128583,20924.23874897522,21163.308047949213,591710.1876999998,0.0,0.0,21163.308047949213,21070.965569713262,21273.48677128583,20924.23874897522,0.005839149419055885,0.003973761991069049,0.0018653874279868493,0.016372794477230026,833.3317299999999,230131567.04999998,833.4681740000001,828.273556,0.009311043399015463
2020-08-14,21203.472325249084,21598.99078719008,21033.60706739118,21386.58302021484,530756.4456,0.0,0.0,21386.58302021484,21203.472325249084,21598.99078719008,21033.60706739118,0.008004555821045119,0.002060301614227584,0.0059442542068175435,0.02289194970681851,829.131204,277850156.408,838.467872,826.8311479999998,-0.004925031731889989
2020-08-17,21246.503195981048,21495.556484089702,21036.41047395994,21393.170287109373,347618.3496,17.676704213,0.0,21393.170287109373,21246.503195981048,21495.556484089702,21036.41047395994,0.0018656474981394628,-0.006854053141127297,0.008719700639266779,0.02268537381447048,828.5561900000001,210409610.18,830.4079300000001,820.242852,-0.0006761331103865642
2020-08-18,21353.03870983792,21571.07718367853,21166.715324903922,21384.260597753906,298139.8748,0.0,0.0,21384.260597753906,21353.03870983792,21571.07718367853,21166.715324903922,0.002321742019180362,-0.002473777523370633,0.004795519542551013,0.017443520755175485,824.930678,178756921.72800002,829.4430759999998,823.537,-0.004273913178440489
2020-08-19,21397.434400285365,21528.751285156442,21239.3730725507,21412.29058466797,310887.825,0.0,0.0,21412.29058466797,21397.434400285365,21528.751285156442,21239.3730725507,0.0028989512624339533,0.00025549486977277246,0.0026434563926611646,0.014529649462096325,829.5892660000001,209425585.79800007,831.4799899999999,824.7260119999999,0.005488325335384208
2020-08-20,21392.393218501133,21577.058209667597,21250.141928210298,21402.45277597656,584614.8399,0.0,0.0,21402.45277597656,21392.393218501133,21577.058209667597,21250.141928210298,0.0005804735676907887,-0.000919334385274814,0.0014998079529656282,0.016091166556195278,826.6654660000004,226118563.83599997,835.2224539999999,825.9150240000001,-0.003440942247548278
2020-08-21,21413.219523441396,21658.59780110416,21335.208104060235,21522.920141210932,560328.6009000001,0.0,0.0,21522.920141210932,21413.219523441396,21658.59780110416,21335.208104060235,0.006754482417648168,0.000276378335088884,0.006478104082559285,0.01578968716793024,833.0685879999997,256115007.30200002,834.6961699999999,826.6654660000004,0.007519895909367236
2020-08-24,21624.749917642937,21880.710943483093,21499.23029486193,21761.292975781245,930860.3064999998,0.0,0.0,21761.292975781245,21624.749917642937,21880.710943483093,21499.23029486193,0.010301807803955143,0.004984181879666908,0.005317625924288198,0.017514405705134843,846.6155279999999,336945933.78599995,846.6155279999999,838.4971100000004,0.015720972625618078
2020-08-25,21818.34444779357,22068.842938549104,21679.84108489286,21907.686784960937,901943.8418,0.0,0.0,21907.686784960937,21818.34444779357,22068.842938549104,21679.84108489286,0.005637523801468228,0.003798402789704786,0.001839121011763431,0.016360851025200563,851.9173519999999,333750230.13199997,855.2797219999999,848.7986319999999,0.006084279572015185
2020-08-26,21898.73771170904,22028.17914867567,21708.895524361338,21832.385547460937,581993.1959,0.0,0.0,21832.385547460937,21898.73771170904,22028.17914867567,21708.895524361338,-0.0014788801346241123,-0.000430011397447072,-0.001048868737177063,0.013535728462854814,851.2838619999999,312675684.39799994,854.694962,849.6367879999998,-0.0007249870155039588
2020-08-27,21833.482967802425,22128.857480260507,21720.85947963437,21895.098661425778,710946.2342999997,0.0,0.0,21895.098661425778,21833.482967802425,22128.857480260507,21720.85947963437,0.004284548537996868,0.00025422150849760053,0.00403032702949927,0.01818197654181355,852.4923660000001,272016960.996,853.466966,849.7829779999998,0.0013825855491700367
2020-08-28,22055.246368141346,22278.702874523115,21846.946968726024,21988.421236230468,766949.9846,0.0,0.0,21988.421236230468,22055.246368141346,22278.702874523115,21846.946968726024,0.0038729256430498024,0.006140470153617116,-0.0022675445105673326,0.018737108358458564,856.6539079999999,320388220.482,863.3591559999999,855.4064200000001,0.004746050013434224
2020-08-31,22041.79096145678,22379.21782970859,21798.881383447493,22124.337085253905,525796.6784000001,0.0,0.0,22124.337085253905,22041.79096145678,22379.21782970859,21798.881383447493,-0.0019502684306844389,0.0002978574587130861,-0.002248125889397548,0.02209864022814608,859.2560899999999,324846810.816,865.8736239999998,856.9267959999999,0.0029559691642403194
2020-09-01,22221.840423255,22456.74164944404,21985.17830299887,22208.819430175783,532725.1895000002,0.0,0.0,22208.819430175783,22221.840423255,22456.74164944404,21985.17830299887,0.00527411891130068,0.0032815186311742246,0.00199260028012645,0.0223960311700155,869.0800579999999,278163324.6259999,869.8402459999999,858.4179340000001,0.011079490917270266
2020-09-02,22208.819430175783,22208.819430175783,22208.819430175783,22208.819430175783,0.0,0.0,0.0,22208.819430175783,22208.819430175783,22208.819430175783,22208.819430175783,0.0,1.9317880628477707e-18,1.3689049893628178e-17,3.1241675912951903e-17,869.0800579999999,278163324.6259999,869.8402459999999,858.4179340000001,0.0
2020-09-03,22296.07619324679,22518.399822832158,22135.26719115686,22385.331042285154,707086.1381,0.0,0.0,22385.331042285154,22296.07619324679,22518.399822832158,22135.26719115686,0.006303906767110511,0.0027330997529680114,0.003570807014142524,0.01714166423973372,881.0091619999998,315013564.6240001,881.3502719999999,873.494996,0.01328650526707302
2020-09-04,22120.587387117204,22455.962565789934,22005.667346358812,22291.81654736328,538694.6420999999,0.0,0.0,22291.81654736328,22120.587387117204,22455.962565789934,22005.667346358812,-0.0025228610326671697,-0.012484881450261831,0.009962020417594673,0.022085420067892596,878.6408840000001,308153569.6360001,880.1710060000003,871.1559560000001,-0.002623391097210817
2020-09-07,22370.57977979203,22584.993683565444,22098.01699839461,22166.831942187495,746571.7282000004,0.0,0.0,22166.831942187495,22370.57977979203,22584.993683565444,22098.01699839461,-0.00638707614693111,0.002505462814428067,-0.008892538961359178,0.021365852765207326,865.6884499999998,373101245.0,882.79268,865.6884499999998,-0.014473957349327484
2020-09-08,22227.38029000338,22454.513554771976,22074.690383281162,22326.25987509765,464280.00170000014,0.0,0.0,22326.25987509765,22227.38029000338,22454.513554771976,22074.690383281162,0.00837468883916953,0.0035857135420615444,0.004788975297107989,0.016721528022344823,867.530444,260101277.238,871.8576679999999,862.404048,0.002071530646803716
2020-09-09,22215.370078856886,22572.821661749804,22088.022098553203,22458.32784101562,428150.57109999994,0.0,0.0,22458.32784101562,22215.370078856886,22572.821661749804,22088.022098553203,0.006110460408368981,-0.008183129851691161,0.01429359026006016,0.02227092559162719,866.731272,275063570.342,869.73304,859.178122,-0.0008982186242656655
2020-09-10,22540.580310208825,22762.043877352415,22319.48127901837,22506.30676201172,585546.9563999998,0.0,0.0,22506.30676201172,22540.580310208825,22762.043877352415,22319.48127901837,0.0016396431461571349,0.0017771704229099304,-0.00013752727675277562,0.019624287118613654,866.243972,275830327.14599997,874.0017879999999,866.243972,-0.0005481008389030598
2020-09-11,22508.3299716568,22575.728761078833,22469.501946430508,22511.08631787109,64049.38119999999,0.0,0.0,22511.08631787109,22508.3299716568,22575.728761078833,22469.501946430508,0.00016315520053226793,0.00010665289272413867,5.65023078081282e-05,0.007995917479580117,866.390162,262737969.82399997,868.3491080000001,862.199382,0.00016446261970984086
2020-09-14,22640.861540518566,22897.31631968137,22497.469935743862,22796.600931640627,475683.4233000001,0.0,0.0,22796.600931640627,22640.861540518566,22897.31631968137,22497.469935743862,0.015779566322354846,0.007649747828714077,0.008129818493640738,0.017732968992363617,871.8479219999998,310671994.5119999,872.5691260000001,869.235994,0.006120163198128129
2020-09-15,22884.45059182324,23112.548825376067,22678.818447673224,22837.88563818359,618117.3138,0.0,0.0,22837.88563818359,22884.45059182324,23112.548825376067,22678.818447673224,0.00026737380429716663,0.0026542490206040237,-0.0023868752163068536,0.0183014497540039,873.494996,334640702.66,875.912004,871.9356359999999,0.0018394537604812379
2020-09-16,22924.496548679475,23092.063939992528,22714.876035431014,22899.5573453125,554736.5181999999,0.0,0.0,22899.5573453125,22924.496548679475,23092.063939992528,22714.876035431014,0.0006864075619558741,0.0013396249946817246,-0.0006532174327258639,0.01603388644192779,874.6742620000001,256195772.40400004,874.7814679999999,871.9063980000001,0.0013148759053747841
2020-09-17,22915.715101355996,23059.129852363185,22712.86720918522,22876.031538867188,564219.8043000002,0.0,0.0,22876.031538867188,22915.715101355996,23059.129852363185,22712.86720918522,0.00020538000960241802,0.0005897558832216821,-0.0003843758736192467,0.0171476984674984,871.3313839999998,361688601.032,876.5649859999997,868.3003779999999,-0.0037319156293901465
2020-09-18,22906.140895993092,23130.375172552533,22775.336010308645,22955.857627636717,522856.63580000005,17.85,0.0,22955.857627636717,22906.140895993092,23130.375172552533,22775.336010308645,0.0030091159206221407,0.0006874902867587752,0.0023216256338633376,0.014609831618287262,878.0658700000001,296010472.714,879.1964059999998,873.066172,0.007503684441047276
2020-09-21,23038.16803830344,23246.49437181187,22878.089757070662,23028.540757910156,710437.1507000001,107.7,0.0,23028.540757910156,23038.16803830344,23246.49437181187,22878.089757070662,0.001958080703637914,0.002632636168960766,-0.0006745554653228411,0.014850372397968386,884.8783240000001,340556125.074,886.6715879999997,881.5256999999999,0.007532230162253476
2020-09-22,23034.901647414103,23271.586996601513,22873.772544794636,23046.31726826172,658862.0687000001,0.0,0.0,23046.31726826172,23034.901647414103,23271.586996601513,22873.772544794636,0.0016486606039023382,8.073045233519081e-05,0.0015679301515671424,0.01762671230858968,883.1727740000001,358407532.1639999,886.5838739999997,879.5472619999999,-0.001880295821173692
2020-09-23,23100.825526731023,23195.426690475015,22906.97794542905,23005.96648808594,520635.1308,0.0,0.0,23005.96648808594,23100.825526731023,23195.426690475015,22906.97794542905,-0.00404466190709558,-0.001281454141625562,-0.002763207765470005,0.01196833984838843,889.3224999999999,316427299.892,890.3165919999998,885.8821619999999,0.006762835531334447
2020-09-24,22983.522233575153,23150.499566100116,22807.04381808077,22941.065824121095,488703.34059999994,0.0,0.0,22941.065824121095,22983.522233575153,23150.499566100116,22807.04381808077,0.0018464883699888857,-0.0016901628164732335,0.0035366511864621136,0.016292700626814816,885.5020680000001,348894792.928,891.2814460000001,884.2740720000002,-0.004195793595822738
2020-09-25,23035.771730775523,23170.761116361125,22831.500485235894,22940.54505693359,551379.1440999999,0.0,0.0,22940.54505693359,23035.771730775523,23170.761116361125,22831.500485235894,0.00017226758670155814,0.004397277816739631,-0.004225010230038088,0.016157607114610985,885.1999419999999,317843247.50200003,888.1529800000001,882.558776,-0.0003325822197011106
2020-09-28,23022.946495587606,23275.65144120107,22880.869578765658,23094.487373925786,374112.11419999995,0.0,0.0,23094.487373925786,23022.946495587606,23275.65144120107,22880.869578765658,0.005780267128449222,0.005006500819770358,0.000773766308678889,0.01765709601230109,889.3224999999999,368914460.86,890.3945599999998,886.9249840000001,0.0045283758155237955
2020-09-29,23116.455105154244,23244.345474886584,22851.100189318662,22943.385825585934,667970.1403000002,0.0,0.0,22943.385825585934,23116.455105154244,23244.345474886584,22851.100189318662,-0.004108182145400754,6.758592690159619e-05,-0.004175768072302304,0.01591010413163159,881.018908,427043103.6740001,894.1857539999999,881.018908,-0.009142575633255764
2020-09-30,22954.311966531044,23108.555792484607,22753.006996406053,22998.26149355469,731261.0457,0.0,0.0,22998.26149355469,22954.311966531044,23108.555792484607,22753.006996406053,0.004966838282075963,0.00036763528662104065,0.004599202995454902,0.014711421105999193,882.2176659999999,302284557.6740001,883.9621999999998,877.861204,0.0013251877190276066
2020-10-01,23065.166461219986,23352.77852724408,22945.14800908245,23182.10543017578,535828.8349,0.0,0.0,23182.10543017578,23065.166461219986,23352.77852724408,22945.14800908245,0.007692179130216226,0.003455489104709098,0.0042366900255071446,0.017932237229562456,890.8721139999999,321830482.29199994,890.8721139999999,886.038098,0.00951411722008703
2020-10-02,23209.260426152872,23405.10271576112,22873.75856039648,23188.48399453125,732113.0516,0.0,0.0,23188.48399453125,23209.260426152872,23405.10271576112,22873.75856039648,0.00024633304564467137,0.0005456570571606165,-0.00029932401151593486,0.026041516689538177,886.798286,488564601.976,893.3865820000001,874.917912,-0.004466924486380605
2020-10-05,23263.16158081308,23552.60730867324,23166.890142063643,23340.39699179687,561459.4286,0.0,0.0,23340.39699179687,23263.16158081308,23552.60730867324,23166.890142063643,0.007878748126004661,0.0023216405066487935,0.0055571076193558205,0.018450906239819657,891.4471279999997,410072286.668,892.29503,886.798286,0.005095777781163348
2020-10-06,23426.698839237717,23702.63801156174,23286.215010689484,23575.18008535156,523108.7401,0.0,0.0,23575.18008535156,23426.698839237717,23702.63801156174,23286.215010689484,0.007553313922163331,0.0028737028560444876,0.00467961106611885,0.017568530731530148,892.4119820000001,460542659.1259999,895.5891779999998,889.5856419999998,0.001054283709771196
2020-10-07,23605.291322535613,23954.493357943935,23417.310182636105,23739.765133593748,556899.3797,113.60000000000001,0.0,23739.765133593748,23605.291322535613,23954.493357943935,23417.310182636105,0.006075995162640926,0.001976263121662947,0.004099732040978005,0.021982067436040205,896.3591119999999,483661360.13799995,900.111322,889.5076740000002,0.004301141889637194
2020-10-08,23793.76417233537,23925.866185419334,23441.48827198167,23665.954653515622,680108.7234000001,0.0,0.0,23665.954653515622,23793.76417233537,23925.866185419334,23441.48827198167,-0.0008908146915276669,0.0025558763337603136,-0.0034466910252879887,0.02057742031156425,895.5014640000002,434975226.88400006,898.6591680000002,890.677194,-0.0009329562978563454
2020-10-09,23721.794772144098,23918.392217561704,23497.99475458798,23795.188597558594,382509.41570000007,0.0,0.0,23795.188597558594,23721.794772144098,23918.392217561704,23497.99475458798,0.002669495491384166,0.0019397089346207316,0.0007297865567634513,0.015824132088867657,900.5304,335064127.3759999,900.5304,894.39042,0.005457825033743965
2020-10-12,23924.695506367832,24109.34583755093,23418.21088044749,23528.584391894536,525911.4828,0.0,0.0,23528.584391894536,23924.695506367832,24109.34583755093,23418.21088044749,-0.008826012831218914,0.006107371274466435,-0.014933384105685375,0.026745110390360982,902.3139179999998,403643084.37200004,909.4284979999998,899.8286879999999,0.0019283053922021561
2020-10-13,23556.30035407599,23698.861532137977,23168.08932095585,23358.810925097656,448878.8489,0.0,0.0,23358.810925097656,23556.30035407599,23698.861532137977,23168.08932095585,-0.0038302063599928607,-0.001394753160603537,-0.002435453199389309,0.019420147803812824,906.2415559999998,314768715.86599994,907.313616,900.3159879999998,0.00423308222238209
2020-10-14,23387.98510918597,23834.902235776866,23156.513741780913,23470.537227539065,589502.5572000002,0.0,0.0,23470.537227539065,23387.98510918597,23834.902235776866,23156.513741780913,0.0004570250476270191,0.0020590932865055317,-0.001602068238878488,0.022509789948704097,916.2994279999998,376927095.7759999,916.2994279999998,906.2415559999998,0.010756961461566865
2020-10-15,23503.381608253574,23716.943947483578,23251.48144466432,23448.137986328125,493411.2354,0.0,0.0,23448.137986328125,23503.381608253574,23716.943947483578,23251.48144466432,-0.001931317853278169,0.0016648207128642594,-0.003596138566142425,0.01976419553758195,918.8138960000001,428465093.804,921.9033779999999,914.8570199999999,0.002670790969006863
2020-10-16,23455.553135954324,23677.147078302587,23162.719678944624,23358.53075996094,786416.3052,0.0,0.0,23358.53075996094,23455.553135954324,23677.147078302587,23162.719678944624,-0.0037239271615070414,-0.0012342705351463805,-0.0024896566263606363,0.02390768595232692,919.3401799999999,385532638.348,922.195758,912.2061080000001,0.0005580777010068265
2020-10-19,23416.863415479587,23582.587980723853,23199.252771478896,23377.437214843747,410248.7305000001,13.549999999999999,0.0,23377.437214843747,23416.863415479587,23582.587980723853,23199.252771478896,0.0028821226572010826,0.0030278757197502297,-0.00014575306254914358,0.018879188524608913,919.7202740000001,344184326.97,922.2542339999999,917.9952319999998,0.0004028574665600517
2020-10-20,23343.717245817374,23605.0592780949,23130.36232330039,23398.147528125,533210.2035000001,0.0,0.0,23398.147528125,23343.717245817374,23605.0592780949,23130.36232330039,0.0027578576816055344,-0.0017756338165727872,0.004533491498178296,0.0220822974913957,920.431732,375863280.892,920.5486840000001,913.5120719999999,0.0007536192652442642
2020-10-21,23488.158234569702,23664.756943075346,23206.91897633009,23358.97950722656,592216.8489,0.0,0.0,23358.97950722656,23488.158234569702,23664.756943075346,23206.91897633009,-0.001586692681662156,0.001719417690449018,-0.003306110372111149,0.01831573406239932,915.1786379999999,362889756.548,924.1157199999999,915.1493999999999,-0.00557817658078121
2020-10-22,23380.371864640932,23608.825755169782,23195.423487273627,23443.251911816405,379071.9938000001,0.0,0.0,23443.251911816405,23380.371864640932,23608.825755169782,23195.423487273627,0.005654888294147404,0.002337778573218145,0.0033171097209292845,0.01866519991230911,925.77254,308263816.388,925.77254,910.0619879999998,0.011216952393201867
2020-10-23,23507.60712873775,23850.214796364933,23361.461090247863,23648.0573,555014.5530999999,28.6,0.0,23648.0573,23507.60712873775,23850.214796364933,23361.461090247863,0.007771165879191716,0.0028229160932909717,0.004948249785900749,0.020168497549278,936.8439959999997,382463155.14,936.8439959999997,928.9302440000001,0.011586247507581486
2020-10-26,23636.291701290174,23846.44129791892,23387.080800054224,23475.14605703125,673654.6120000002,0.0,0.0,23475.14605703125,23636.291701290174,23846.44129791892,23387.080800054224,-0.00748230730903295,-0.0023818628415900682,-0.005100444467442917,0.019816259494415827,926.6496799999998,394492681.9240001,945.50819,926.6496799999998,-0.010663282215262913
2020-10-27,23384.28355617399,23613.27112370204,23234.795771526424,23346.867779589844,534247.5183,146.7,0.0,23346.867779589844,23384.28355617399,23613.27112370204,23234.795771526424,-0.0075579681352817224,-0.005597738444800485,-0.001960229690481246,0.01772255669713908,922.4296620000001,404374804.30600005,930.470112,922.244488,-0.0044485237491333355
2020-10-28,23342.45967076886,23538.68219139323,22837.267622087853,23015.145160546876,638516.8475000001,141.75,0.0,23015.145160546876,23342.45967076886,23538.68219139323,22837.267622087853,-0.015303035802004261,0.001592684813226011,-0.01689572061523025,0.03251151516050126,897.6553299999999,422068404.1639999,922.858486,897.6553299999999,-0.026533437076728884
2020-10-29,22738.726887330486,23153.129008682903,22578.037766977963,22986.53752099609,553617.1995999998,0.0,0.0,22986.53752099609,22738.726887330486,23153.129008682903,22578.037766977963,-0.0025043261986900244,-0.012229886545125197,0.009725560346435218,0.02554605817300823,895.7353679999999,346869954.22200006,902.3236639999999,891.1060180000001,-0.0020867685799500243
2020-10-30,23040.412572617915,23348.29947034411,22785.9158005497,23019.545238964838,397102.1685,0.0,0.0,23019.545238964838,23040.412572617915,23348.29947034411,22785.9158005497,0.0015522168280237203,0.002697969497537316,-0.0011457526695135883,0.025928145363144587,901.9630619999999,290059633.336,902.7914719999998,888.0555199999999,0.006752561777373541
2020-11-02,23135.17974209494,23318.661537983055,22650.54077909978,23156.815919628905,305640.0597,0.0,0.0,23156.815919628905,23135.17974209494,23318.661537983055,22650.54077909978,0.0058282812924921774,0.0037299743498468863,0.0020983069426453106,0.025156952469404532,909.9645280000002,266146185.008,909.9645280000002,900.6668439999999,0.008607716443399291
2020-11-03,23239.764304640634,23410.548749681202,23013.699797422512,23300.662679199228,414923.19270000013,0.0,0.0,23300.662679199228,23239.764304640634,23410.548749681202,23013.699797422512,0.008732242481098874,0.0030407208338465506,0.005691521647252333,0.01978313753099199,911.6505859999997,295155495.11800003,913.7557220000001,908.5026279999998,0.0018041490580823214
2020-11-04,23292.838773816646,23472.311534129047,23156.387245091006,23370.323656835943,308697.6266,0.0,0.0,23370.323656835943,23292.838773816646,23472.311534129047,23156.387245091006,0.004014672817088518,-0.0018665883780706908,0.005881261195159212,0.015568611993399503,915.8900960000001,319094263.5540001,919.5935759999999,910.139956,0.004521742140597125
2020-11-05,23366.704075688736,23541.90937654972,23116.20502179698,23272.080754296883,335368.2223,0.0,0.0,23272.080754296883,23366.704075688736,23541.90937654972,23116.20502179698,-0.0035799354715659523,-0.0009571621416737343,-0.0026227733298922074,0.021153893247084735,913.9311499999999,263577402.54999998,921.4940459999998,913.9311499999999,-0.0020867497359715456
2020-11-06,23291.147878361015,23398.446097824504,23127.900646089132,23281.821873730463,423367.4993,8.52,0.0,23281.821873730463,23291.147878361015,23398.446097824504,23127.900646089132,0.0011947043927882277,-0.0001880271390631558,0.0013827315318513987,0.012910331976880728,914.4574339999999,242927675.21,917.29352,910.890398,0.0005610584151026544
2020-11-09,23362.072479188406,23592.054523423714,23234.793385988483,23462.2941265625,680103.4330000001,0.0,0.0,23462.2941265625,23362.072479188406,23592.054523423714,23234.793385988483,0.009863938764694581,0.002475815262000703,0.007388123502693894,0.017283211604235967,927.8094540000002,360204411.93,927.8094540000002,918.2193900000001,0.014127276161473945
2020-11-10,23724.751195944875,23850.890908871905,23311.799785624124,23465.60891699219,444300.0095000001,0.0,0.0,23465.60891699219,23724.751195944875,23850.890908871905,23311.799785624124,-0.0005779744015140516,0.009251317581740809,-0.009829291983254884,0.023664890577452104,927.7217400000002,411321197.58399993,938.9978619999999,927.7217400000002,-9.214187801328154e-05
2020-11-11,23556.49803414322,23798.820873487904,23383.741791020133,23599.96073779297,536322.8100000002,0.0,0.0,23599.96073779297,23556.49803414322,23798.820873487904,23383.741791020133,0.006925623772787282,0.001157710295886821,0.005767913476900465,0.019116446183698406,928.0336120000001,344750891.18799996,932.3510899999999,923.540706,0.0003275759961937022
2020-11-12,23613.83801271575,23860.796873082032,23521.560340110555,23738.907546679697,547265.1022,0.0,0.0,23738.907546679697,23613.83801271575,23860.796873082032,23521.560340110555,0.005504564867792783,0.00020109425287612493,0.005303470614916666,0.015022271868432658,934.9142879999998,311951069.298,934.9142879999998,929.398052,0.007199275216051026
2020-11-13,23744.902449321773,23995.469399691145,23636.122124004192,23846.435293457027,432569.41549999994,0.0,0.0,23846.435293457027,23744.902449321773,23995.469399691145,23636.122124004192,0.004379807163373192,-6.859759262174831e-05,0.004448404755994948,0.015174903005522029,941.7462339999998,409018539.402,941.7462339999998,934.7680980000001,0.007096055902120974
2020-11-16,23900.81892944429,24106.938006291326,23571.7868708994,23755.545648046875,797975.3637000002,0.0,0.0,23755.545648046875,23900.81892944429,24106.938006291326,23571.7868708994,-0.0037149263346909754,0.0002426489545948235,-0.003957575289285789,0.020707032707478003,926.6399339999998,471881642.82599986,948.266308,926.3572999999999,-0.01576004046002523
2020-11-17,23913.36447232032,24104.711305896137,23653.520530751055,23945.052803125,697952.3132,12.0,0.0,23945.052803125,23913.36447232032,24104.711305896137,23653.520530751055,0.008456667561061393,0.004697371643017748,0.0037592959180436482,0.019010670281179233,944.2899399999999,361981945.88600004,944.2899399999999,929.008212,0.01838893740796251
2020-11-18,23927.854358525343,24206.15229337237,23733.85559393172,23997.777698730464,611832.3797999999,0.0,0.0,23997.777698730464,23927.854358525343,24206.15229337237,23733.85559393172,0.002562854459562035,-0.0006977034913288879,0.003260557950890917,0.023061066175622792,948.8023379999998,434872513.79,949.5527799999999,941.775472,0.004646145854337574
2020-11-19,24066.70486932896,24448.486048864583,23892.215493074364,24310.82949003906,841628.7657000001,29.65,0.0,24310.82949003906,24066.70486932896,24448.486048864583,23892.215493074364,0.009446113522781407,0.004763116326974742,0.00468299719580666,0.019520068799821072,958.2851959999997,461448296.42999995,958.2851959999997,949.582018,0.009692339143069334
2020-11-20,24181.432431760368,24488.26024751797,24046.25730803561,24346.21297685547,607257.5333,0.0,0.0,24346.21297685547,24181.432431760368,24488.26024751797,24046.25730803561,0.0021508555164548343,-0.0054197381779184884,0.007570593694373309,0.01985076390962965,964.854,459550136.23199993,964.854,955.809712,0.0066578449325332585
2020-11-23,24351.401724392086,24606.378711304493,24130.580739640227,24448.503450781252,676379.6542999998,18.9,0.0,24448.503450781252,24351.401724392086,24606.378711304493,24130.580739640227,0.005804769265789619,-6.773346390907757e-05,0.005872502729698705,0.02056999169400598,968.9375740000002,438677936.95,970.6041400000001,960.3513480000001,0.004116117982556906
2020-11-24,24460.09097458607,24564.48258731127,24155.227375216462,24321.697975390623,712329.4729000002,0.0,0.0,24321.697975390623,24460.09097458607,24564.48258731127,24155.227375216462,-0.0041043020878653936,0.0005464027239275239,-0.004650704811792909,0.016773058519182024,970.467696,498572360.0439999,972.6410539999997,959.9030319999999,0.0015378500138018033
2020-11-25,24392.635000324237,24613.068534693477,24191.896516575936,24398.30190429688,502807.78080000007,0.0,0.0,24398.30190429688,24392.635000324237,24613.068534693477,24191.896516575936,0.001383158582676718,0.0032710785440263667,-0.001887919961349679,0.016724182337233565,974.5415239999999,434034971.78800005,976.851326,971.48128,0.004082611572113571
2020-11-26,24404.99073574681,24656.30868048329,24292.437558837988,24542.659071093756,538709.0296,0.0,0.0,24542.659071093756,24404.99073574681,24656.30868048329,24292.437558837988,0.003539160699248754,-0.0006787807915888546,0.004217941490837598,0.014628268763607587,980.4183620000002,400890404.64,980.4183620000002,969.6392859999999,0.005859540759634849
2020-11-27,24563.050904218922,24912.88329155307,24389.703224285542,24716.857338476566,778019.9226,70.5,0.0,24716.857338476566,24563.050904218922,24912.88329155307,24389.703224285542,0.010391013440927873,0.0018023772024193063,0.008588636238508564,0.022744757178364758,984.5604120000002,372027567.1639999,984.5604120000002,978.4983999999998,0.004108795435884722
2020-11-30,24786.70945358294,24894.564627661184,24552.89608825268,24685.08005107422,661349.6661,68.0,0.0,24685.08005107422,24786.70945358294,24894.564627661184,24552.89608825268,-0.002706115682918822,0.0004271974749243802,-0.0031333131578432033,0.014153577794489211,977.6017680000001,438614295.57000005,986.7824999999999,977.1437059999997,-0.006912703693771281
2020-12-01,24583.16410752321,24938.681768361406,24365.099750015506,24886.20169580078,745403.0644000001,127.47,0.0,24886.20169580078,24583.16410752321,24938.681768361406,24365.099750015506,0.009713051400637402,-0.0027079052007350645,0.012420956601372489,0.025678129921961702,983.2447020000002,522587985.43599993,983.2447020000002,963.5967660000001,0.00560943321443382
2020-12-02,24923.07706057206,25341.268506917033,24771.82271711648,25178.683932226555,794962.8189000001,0.0,0.0,25178.683932226555,24923.07706057206,25341.268506917033,24771.82271711648,0.009697090144701602,0.000505176841114973,0.009191913303586657,0.021384808147518548,988.556272,472347803.7519999,990.0571560000001,982.3090860000002,0.005250700969889717
2020-12-03,25211.245281340503,25435.476841997493,24899.102208251945,25129.289702246093,546064.9301,95.37036769999999,0.0,25129.289702246093,25211.245281340503,25435.476841997493,24899.102208251945,0.0006892880717171453,0.0018503776425036395,-0.0011610895707864675,0.02211424175687471,993.89708,484153133.552,994.4331099999999,988.3028760000001,0.005251234854368154
2020-12-04,25159.456440555874,25476.55985023901,24945.770180392265,25233.476096777347,470417.16400000005,0.0,0.0,25233.476096777347,25159.456440555874,25476.55985023901,24945.770180392265,-0.00022028323003576148,0.0031055716906418923,-0.003325854920677652,0.01836863629551232,995.544154,513632775.8759999,999.130682,992.7957819999999,0.001613758335482859
2020-12-07,25240.774370500916,25531.00765249272,24938.316994782374,25229.40529628906,538495.9293000001,0.0,0.0,25229.40529628906,25240.774370500916,25531.00765249272,24938.316994782374,-0.005362402004191662,-0.0002973883071459595,-0.005065013697045704,0.021978066029925195,1003.8185080000001,461526196.20800006,1004.237586,996.1776440000003,0.008066802087458774
2020-12-08,25219.2461633173,25550.49069611376,25020.67415434807,25320.63795683594,677642.3571,0.0,0.0,25320.63795683594,25219.2461633173,25550.49069611376,25020.67415434807,0.004670043416956851,0.0005349833181575338,0.004135060098799325,0.022533872836784655,1003.1167959999999,488519010.18799996,1006.3524679999998,999.5789979999998,-0.0006815252506701328
2020-12-09,25325.01595830051,25611.01718288739,25102.989529568385,25352.160567578125,660021.3681,0.0,0.0,25352.160567578125,25325.01595830051,25611.01718288739,25102.989529568385,0.005305724340146644,0.0030144314391746313,0.002291292900972005,0.018864241188935833,1012.7360980000001,540664846.7440001,1013.1454299999999,1004.0719039999999,0.009301316495030775
2020-12-10,25353.95941906328,25568.720978473066,24935.926552650573,25127.736426464846,685787.0351000001,0.0,0.0,25127.736426464846,25353.95941906328,25568.720978473066,24935.926552650573,-0.006946388482314898,-0.0005919531134108468,-0.006354435368904042,0.025557264029585303,1004.7248860000001,551954262.288,1017.5798600000002,1004.7248860000001,-0.007740192564640774
2020-12-11,25190.890431479747,25578.367419496968,24985.683421568276,25393.53737275391,533566.1049,0.0,0.0,25393.53737275391,25190.890431479747,25578.367419496968,24985.683421568276,0.00687844724065445,0.0030549365540563024,0.00382351068659815,0.02084207429062393,1019.392616,403340519.802,1019.392616,1003.8964759999999,0.01412508895555417
2020-12-14,25539.073312388995,25703.706942867957,25232.45244926227,25474.252401953123,528540.5993,12.6828302,0.0,25474.252401953123,25539.073312388995,25703.706942867957,25232.45244926227,0.004105564007907165,0.006255183988003224,-0.0021496199800960856,0.021496003389269325,1037.0621139999998,493450369.23599994,1037.0621139999998,1022.3261620000001,0.01674835462934615
2020-12-15,25548.527977621416,25745.259682803426,25202.381988935624,25408.75345732422,696664.2284999999,0.0,0.0,25408.75345732422,25548.527977621416,25745.259682803426,25202.381988935624,0.0012730991120499424,0.0037145341818484896,-0.0024414350697985546,0.022041029368489673,1028.466142,605356767.5759999,1040.33677,1025.2889460000001,-0.008111903240243218
2020-12-16,25473.728168957943,25715.938300182584,25314.261425586723,25469.70451464844,526882.9526,0.0,0.0,25469.70451464844,25473.728168957943,25715.938300182584,25314.261425586723,0.0018967826270024377,0.002455518663328652,-0.0005587360363262301,0.015082270699709362,1039.8884540000001,542410598.9940001,1039.8884540000001,1030.3568659999999,0.010764400325868485
2020-12-17,25500.74516609781,25688.202845748805,24895.81994021173,25394.06430009765,763355.4208000002,33.25,0.0,25394.06430009765,25500.74516609781,25688.202845748805,24895.81994021173,-0.0019969996374958597,0.0006948625968078674,-0.0026918622343037315,0.02377245647533061,1025.055042,618561661.9599999,1039.8884540000001,1024.7139319999999,-0.01400221559027797
2020-12-18,25399.40424811127,25636.94221952703,25195.432107095337,25489.656789453125,601877.2367000001,14.200000000000001,0.0,25489.656789453125,25399.40424811127,25636.94221952703,25195.432107095337,0.002224923392490883,0.0011384324171882215,0.0010864909753026662,0.015576584913512435,1040.3465159999998,545842516.45,1041.4185760000003,1028.9339499999999,0.01443142405841094
2020-12-21,25522.397853535367,25755.695507300545,25302.748393690417,25563.031142675776,645311.4778,0.0,0.0,25563.031142675776,25522.397853535367,25755.695507300545,25302.748393690417,0.005922518654854699,0.0016324769276637502,0.004290041727190938,0.019509986346639346,1053.620568,643703564.35,1054.1273599999995,1043.660156,0.01235651168848377
2020-12-22,25600.826129050805,25738.477762611066,25483.56139642791,25651.645760058593,613760.2109000001,56.7,0.0,25651.645760058593,25600.826129050805,25738.477762611066,25483.56139642791,0.0033306621653039947,0.001116149335393466,0.002214512829910537,0.011495941754937745,1055.9303699999998,678185935.68,1056.690558,1049.702676,0.0021342304546909255
2020-12-23,25634.85000387051,25831.747991149074,25390.77178970136,25502.0664859375,486924.6203,0.0,0.0,25502.0664859375,25634.85000387051,25831.747991149074,25390.77178970136,-0.0031537077140800208,-0.00014201186238224143,-0.003011695851697786,0.017674746824118362,1051.4959399999998,723987564.8059999,1066.3001139999997,1050.540832,-0.004101497486236243
2020-12-24,25550.788008002975,25693.860472162567,24918.22448903816,25348.054596289065,615644.7840000001,0.0,0.0,25348.054596289065,25550.788008002975,25693.860472162567,24918.22448903816,-0.007753959449030868,0.00048051211795143876,-0.008234471566982296,0.03239375505065288,1040.4049920000002,669119075.9440001,1057.2070959999999,1020.2989939999999,-0.010334465689439578
2020-12-25,25337.733335165613,25684.657338175224,25208.846380839892,25609.136928222648,452306.01420000003,0.0,0.0,25609.136928222648,25337.733335165613,25684.657338175224,25208.846380839892,0.010239259149247623,-0.0007808529156387527,0.01102011206488637,0.018152343078347368,1056.875732,577170692.34,1056.875732,1034.859518,0.01530812069719608
2020-12-28,25650.81744422607,25844.118278483595,25350.081130073937,25526.580941503904,590693.1079,0.0,0.0,25526.580941503904,25650.81744422607,25844.118278483595,25350.081130073937,-0.0005550162395550581,0.0029850495948829216,-0.003540065834437996,0.019628818983680144,1063.6102179999998,647006815.1140002,1068.2688059999998,1056.3689400000003,0.006190516964243976
2020-12-29,25528.259583640054,25914.451774446527,25356.930327238337,25692.71648007813,634121.6766999998,0.0,0.0,25692.71648007813,25528.259583640054,25914.451774446527,25356.930327238337,0.005460473971962742,-0.0012174579103655498,0.006677931882328264,0.022225231314216446,1071.562954,602313043.0459999,1074.7791339999999,1060.296578,0.00726008779919414
2020-12-30,25697.349675016652,25934.849393337685,25529.020004536556,25711.060178417967,454819.6772,0.0,0.0,25711.060178417967,25697.349675016652,25934.849393337685,25529.020004536556,0.0007272656342599033,0.00013111663984405775,0.0005961489944158254,0.016405625682866805,1069.6624840000002,604059886.8480002,1080.6657180000002,1067.099286,-0.001730036002277744
2020-12-31,25667.956903987142,25930.041828187666,25404.076900519543,25661.528763378905,493828.1725,0.0,0.0,25661.528763378905,25667.956903987142,25930.041828187666,25404.076900519543,0.001916350033203674,-0.0025097896782070336,0.004426139711410705,0.019468720644835926,1075.831702,488253938.47999996,1077.254618,1068.424742,0.0056048032875730186
2021-01-01,25661.52876337891,25661.52876337891,25661.52876337891,25661.52876337891,0.0,0.0,0.0,25661.52876337891,25661.52876337891,25661.52876337891,25661.52876337891,0.0,-8.959499808725013e-18,1.7918999617450022e-17,1.7918999617450022e-17,1075.8317019999997,488253938.4800001,1077.254618,1068.4247419999997,0.0
2021-01-04,25960.575591030043,26242.421537993632,25679.047317384382,26037.812833007807,62507.7967,0.0,0.0,26037.812833007807,25960.575591030043,26242.421537993632,25679.047317384382,0.013547856728464244,0.008906079180652665,0.004641777547811586,0.01997682618771288,1092.010062,691675179.36,1097.818678,1085.304814,0.014546931098346118
2021-01-05,26047.46461811764,26304.262712920976,25815.23988222329,26118.92142568359,55083.5202,23.8,0.0,26118.92142568359,26047.46461811764,26304.262712920976,25815.23988222329,0.004242232918425898,-0.00013539122810773773,0.004377624146533635,0.019246708556390324,1103.78323,692186746.9000001,1104.377736,1088.1311540000002,0.010451110792880055
2021-01-06,26120.12986082322,26321.26809334141,25837.555427625815,26096.987105859378,57035.5548,0.0,0.0,26096.987105859378,26120.12986082322,26321.26809334141,25837.555427625815,-3.376909019099883e-05,0.0003581172459088053,-0.0003918863360997945,0.017771244688699433,1114.172466,706989264.0800002,1123.5676099999996,1104.9040200000002,0.009130410926720577
2021-01-07,26127.982648155215,26353.186656001686,25793.032538152413,26150.680841992194,61458.70199999998,0.0,0.0,26150.680841992194,26127.982648155215,26353.186656001686,25793.032538152413,0.0050271699813377695,0.001600442455402543,0.003426727525935232,0.023367344930235047,1127.115154,701251111.66,1127.115154,1114.3966239999997,0.011256104594941556
2021-01-08,26163.083763773207,26488.783885277622,25992.019921582094,26226.428720117186,68387.4681,0.0,0.0,26226.428720117186,26163.083763773207,26488.783885277622,25992.019921582094,0.0015844485175312202,0.0006343238190236618,0.0009501246985075513,0.020585943211127014,1138.0306739999996,743713264.1400001,1146.4512180000002,1131.003808,0.009393080134909512
2021-01-11,26334.028539925068,26604.978907320834,26069.02681364686,26375.41143955078,47008.1338,9.42766687,0.0,26375.41143955078,26334.028539925068,26604.978907320834,26069.02681364686,0.0036092551537233158,0.004097031025959078,-0.00048777587223575685,0.018039558311197537,1154.7937940000002,756603128.8199999,1156.31417,1145.155,0.014251093426381648
2021-01-12,26544.027234197547,26959.928600261006,26306.704879102726,26840.663727832034,70724.92739999999,25.28925678,0.0,26840.663727832034,26544.027234197547,26959.928600261006,26306.704879102726,0.01649821455641867,0.00551510821700094,0.010983106339417719,0.025767790508481714,1161.9960880000003,665973125.6199999,1161.9960880000003,1149.2873040000002,0.006059572686629088
2021-01-13,26976.444157393653,27439.71619142641,26708.0956813481,27011.71212070313,68185.18660000002,0.0,0.0,27011.71212070313,26976.444157393653,27439.71619142641,26708.0956813481,0.003758478748763928,0.0037753587991543464,-1.6880050390402924e-05,0.025226256397157632,1155.92433,728183500.4399998,1170.3191719999998,1153.127228,-0.005105912037092399
2021-01-14,27117.983828364246,27279.653896564523,26726.634529501116,26938.856265429687,59311.06970000001,0.0,0.0,26938.856265429687,27117.983828364246,27279.653896564523,26726.634529501116,-0.0021645668749831347,0.002535207989166177,-0.0046997748641492915,0.019235541432203324,1157.2400400000001,718687485.34,1160.2613,1148.8974639999997,0.001108690001380467
2021-01-15,26958.22347573068,27202.87171904109,26639.024428202585,26897.644736718747,57139.18059999999,0.0,0.0,26897.644736718747,26958.22347573068,27202.87171904109,26639.024428202585,0.0012764398957457895,0.0004088659042508029,0.0008675739914949819,0.01956035928161706,1163.8673200000003,727262016.1400001,1167.3174040000001,1158.643464,0.00556541653449858
2021-01-18,26955.259911513647,27261.089788269357,26642.57887759853,26991.953002246093,60000.0494,58.8,0.0,26991.953002246093,26955.259911513647,27261.089788269357,26642.57887759853,0.004148253937558943,0.003253222875993519,0.0008950310615654329,0.022962710995693233,1161.6647240000002,693662778.5999999,1170.3484099999996,1160.0956179999998,-0.0018461587824905607
2021-01-19,26957.30982999367,27088.800483622774,25606.847879610374,26123.95674677735,77292.43620000001,4.7,0.0,26123.95674677735,26957.30982999367,27088.800483622774,25606.847879610374,-0.030076539956020658,-0.0005296962730123643,-0.029546843683008302,0.05079959509832236,1102.2726,899658815.2200001,1161.6647240000002,1088.7938820000004,-0.05114704179116305
2021-01-20,26170.956220952972,26429.1614841758,25449.119270669533,26198.52028544922,83013.2526,0.0,0.0,26198.52028544922,26170.956220952972,26429.1614841758,25449.119270669533,0.002151149888673485,0.0017294898640577137,0.0004216600246157758,0.0394714317715742,1105.859128,782398354.3199999,1113.461008,1070.15953,0.0031659644379883915
2021-01-21,26357.717783938464,26737.130281575406,26045.07805529424,26633.061595312498,55555.17180000001,0.0,0.0,26633.061595312498,26357.717783938464,26737.130281575406,26045.07805529424,0.016190425791765797,0.0058290067417180345,0.01036141905004773,0.02519733599695219,1134.639066,649091494.26,1134.639066,1103.8904360000001,0.025039493909892935
2021-01-22,26670.78325406652,27006.41312593484,26457.063272019313,26837.564226269533,79498.33190000002,0.0,0.0,26837.564226269533,26670.78325406652,27006.41312593484,26457.063272019313,0.007322732335499375,0.00041870059881063377,0.006904031736688704,0.022066595008313324,1137.1437879999999,698045554.8000002,1145.8567119999998,1131.9296779999997,0.0021490637153328005
2021-01-25,26936.36459582354,27208.94934174917,26606.753081128627,27054.019531738282,75231.47580000001,100.749257434,0.0,27054.019531738282,26936.36459582354,27208.94934174917,26606.753081128627,0.007782049722399805,0.003128674466685698,0.004653375255714118,0.02197578586635448,1136.4323299999999,648827767.5,1142.4066280000002,1133.26488,-0.0006099527382813613
2021-01-26,27040.862484804184,27230.171666407696,26263.318560081407,26667.292445703126,64809.283599999995,0.0,0.0,26667.292445703126,27040.862484804184,27230.171666407696,26263.318560081407,-0.014030004622727613,0.00019348127413598611,-0.014223485896863565,0.03630348872778339,1107.262552,724282858.8599999,1136.4323299999999,1092.555838,-0.025342543421275947
2021-01-27,26487.201281022823,26783.507614650563,25884.299724521825,26285.74976611328,80418.36869999999,0.0,0.0,26285.74976611328,26487.201281022823,26783.507614650563,25884.299724521825,-0.014537883372991023,-0.003990524335659074,-0.010547359037331942,0.03296189073907235,1069.301882,726146488.98,1104.2120539999996,1061.202956,-0.03399873693834672
2021-01-28,25443.59792974745,25783.47001358008,24570.6712827588,24664.958195312498,117931.53669999998,0.0,0.0,24664.958195312498,25443.59792974745,25783.47001358008,24570.6712827588,-0.059482630871944935,-0.03214720437774788,-0.02733542649419704,0.04704348686338389,997.9319240000001,680861017.7599999,1025.435136,996.7916420000003,-0.06732167059268108
2021-01-29,24331.141362548035,25944.314147426667,23977.643354181393,25187.96838691406,82061.5508,0.0,0.0,25187.96838691406,24331.141362548035,25944.314147426667,23977.643354181393,0.029155403728062437,-0.014593363712682909,0.04374876744074539,0.07228052978677653,1029.772106,725098404.1400001,1048.776806,972.9724180000002,0.03060998230481891
2021-02-01,25248.66263970506,25578.966365168377,24815.458217523028,24971.97574091797,62237.3202,0.0,0.0,24971.97574091797,25248.66263970506,25578.966365168377,24815.458217523028,-0.014994786010669208,-0.0030948373882541133,-0.011899948622415089,0.0322655863463111,1009.208046,573499958.9000001,1047.2271919999998,1009.208046,-0.01965925212493135
2021-02-02,24971.625443155404,25603.345596219708,24740.55571772718,25444.93199589843,72696.09059999998,0.0,0.0,25444.93199589843,24971.625443155404,25603.345596219708,24740.55571772718,0.016492566026065806,-0.0022957812893065472,0.018788347315372357,0.0352005375747067,1048.211538,540810900.2999998,1048.211538,1003.2142560000001,0.03695634895128903
2021-02-03,25581.4048347292,25981.97258149735,25213.987723232938,25735.001467089838,80644.46549999999,0.0,0.0,25735.001467089838,25581.4048347292,25981.97258149735,25213.987723232938,0.013154954027494638,0.004272646443111819,0.008882307584382831,0.029640982974041045,1083.063234,619812561.06,1084.963704,1055.4430699999998,0.03187715769958413
2021-02-04,25800.098411904924,26142.909008868206,25490.13281094801,25837.49431474609,74860.4143,80.0,0.0,25837.49431474609,25800.098411904924,26142.909008868206,25490.13281094801,0.001483639669596827,0.0024178320026685116,-0.0009341923330716724,0.02440794201817541,1083.9403740000002,459383752.51999986,1089.4858480000003,1070.9392099999998,0.0007889794807269407
2021-02-05,25906.31129401337,26168.37718141671,25723.880062172415,26040.25637373047,54705.528799999985,26.9,0.0,26040.25637373047,25906.31129401337,26168.37718141671,25723.880062172415,0.008975458467303047,0.0037092729479456564,0.005266185519357356,0.01804183755218016,1098.286486,447058766.0,1098.286486,1083.9403740000002,0.012814361732249946
2021-02-08,26206.34137805176,26369.266734661454,25255.07700276504,25567.60675185547,83649.52329999999,0.0,0.0,25567.60675185547,26206.34137805176,26369.266734661454,25255.07700276504,-0.014913464910784059,0.005485872141111711,-0.020399337051895772,0.03800288655648468,1055.6672280000003,619248754.96,1098.4326760000001,1047.7924600000001,-0.03857292799220201
2021-02-09,25572.262656481376,25572.262656481376,25565.247947098214,25567.60675185547,210.83899999999997,0.0,0.0,25567.60675185547,25572.262656481376,25572.262656481376,25565.247947098214,0.0,0.00029217815508604484,-0.00029217815508604533,0.0004991591680143209,1086.610778,477731377.20000005,1086.610778,1051.5739079999998,0.028156645705439992
2021-02-10,25567.60675185547,25567.60675185547,25567.60675185547,25567.60675185547,0.0,0.0,0.0,25567.60675185547,25567.60675185547,25567.60675185547,25567.60675185547,0.0,3.1752378504279474e-18,-1.5876189252139739e-18,3.1752378504279474e-18,1086.610778,477731377.20000005,1086.610778,1051.5739079999998,0.0
2021-02-11,25567.60675185547,25567.60675185547,25567.60675185547,25567.60675185547,0.0,0.0,0.0,25567.60675185547,25567.60675185547,25567.60675185547,25567.60675185547,0.0,3.1752378504279474e-18,-1.5876189252139739e-18,3.1752378504279474e-18,1086.610778,477731377.20000005,1086.610778,1051.5739079999998,0.0
2021-02-12,25567.60675185547,25567.60675185547,25567.60675185547,25567.60675185547,0.0,0.0,0.0,25567.60675185547,25567.60675185547,25567.60675185547,25567.60675185547,0.0,3.1752378504279474e-18,-1.5876189252139739e-18,3.1752378504279474e-18,1086.610778,477731377.20000005,1086.610778,1051.5739079999998,0.0
2021-02-15,25567.60675185547,25567.60675185547,25567.60675185547,25567.60675185547,0.0,0.0,0.0,25567.60675185547,25567.60675185547,25567.60675185547,25567.60675185547,0.0,3.1752378504279474e-18,-1.5876189252139739e-18,3.1752378504279474e-18,1086.610778,477731377.20000005,1086.610778,1051.5739079999998,0.0
2021-02-16,25567.60675185547,25567.60675185547,25567.60675185547,25567.60675185547,0.0,0.0,0.0,25567.60675185547,25567.60675185547,25567.60675185547,25567.60675185547,0.0,3.1752378504279474e-18,-1.5876189252139739e-18,3.1752378504279474e-18,1086.610778,477731377.20000005,1086.610778,1051.5739079999998,0.0
2021-02-17,26292.64697416248,26781.37982832141,26034.816422292708,26560.98187158203,77802.1229,0.0,0.0,26560.98187158203,26292.64697416248,26781.37982832141,26034.816422292708,0.03484443639517898,0.024764834366995666,0.01007960202818336,0.030133239637009198,1126.4231879999995,447550939.0,1122.290884,1098.8225159999997,0.03506982906931221
2021-02-18,26644.853915393734,27099.974877108205,26350.577606671566,26963.962003710934,59565.026900000004,0.0,0.0,26963.962003710934,26644.853915393734,27099.974877108205,26350.577606671566,0.008260027595828966,0.003019516439104816,0.00524051115672415,0.021993370938658652,1144.5507480000003,570180666.22,1144.5507480000003,1119.484036,0.01555939937614066
2021-02-19,26822.66122814124,27160.142561661658,26639.080956171307,26981.818141894528,61322.7035,0.0,0.0,26981.818141894528,26822.66122814124,27160.142561661658,26639.080956171307,0.00046916139986036206,-0.004098095409800839,0.004567256809661234,0.01760148476009007,1143.6930999999997,533666984.84,1148.254228,1128.1969599999998,-0.0007305722951436019
2021-02-22,26974.332084458725,27209.86966328687,26716.40122397488,26932.32673310547,56222.90379999998,0.0,0.0,26932.32673310547,26974.332084458725,27209.86966328687,26716.40122397488,-0.0011374074765505033,0.0017646702608890004,-0.002902077737439494,0.01707737590245558,1145.193984,556669006.7400002,1152.6301820000003,1139.4243520000002,0.0012781423481102669
2021-02-23,26887.49085781154,27086.034334470944,26546.051206172346,26838.130917285165,72251.41150000002,0.0,0.0,26838.130917285165,26887.49085781154,27086.034334470944,26546.051206172346,0.00015613324522698233,-0.0010018406115844824,0.0011579738568114697,0.018368792968068516,1147.7279440000002,557183595.54,1154.238272,1138.644672,0.0021541059826007793
2021-02-24,26844.57715513663,26955.569256232873,26638.794695063974,26722.670495507824,231529.34000000003,0.0,0.0,26722.670495507824,26844.57715513663,26955.569256232873,26638.794695063974,-0.004845817169264595,-0.0012927769781468583,-0.003553040191117727,0.011414820438600023,1132.494946,558086854.82,1155.4662680000001,1125.0392559999998,-0.013021797804551006
2021-02-25,26795.578706639742,27010.208287843798,26680.10936780869,26910.011018945304,268812.94779999997,0.0,0.0,26910.011018945304,26795.578706639742,27010.208287843798,26680.10936780869,0.006323621374843504,0.0023652772454034136,0.0039583441294400645,0.011599453807531395,1135.828078,480527602.05999994,1140.2527619999998,1126.384204,0.002864206509282561
2021-02-26,26899.93920143231,27208.063038376782,26660.796872800776,27050.084791699224,52141.736099999995,201.74999999999997,0.0,27050.084791699224,26899.93920143231,27208.063038376782,26660.796872800776,0.003441201259917714,-0.0012601645357589002,0.004701365795676625,0.017932663823199507,1138.7908619999998,514734990.0,1139.580288,1119.698448,0.0025389139856610648
2021-03-01,27125.29953717199,27390.88122242864,26832.381514271423,27273.68485214844,61945.445900000006,0.0,0.0,27273.68485214844,27125.29953717199,27390.88122242864,26832.381514271423,0.008704456171532532,0.0027719182293733774,0.00593253794215917,0.01956898439478803,1156.041282,577949300.28,1156.674772,1144.6189700000002,0.014652554047006331
2021-03-02,27378.530766859265,27510.405651008292,26957.230715412374,27291.757673828128,54120.33379999999,51.00000000000001,0.0,27291.757673828128,27378.530766859265,27510.405651008292,26957.230715412374,0.0013875061747808401,0.00379643388044781,-0.0024089277056669827,0.0182834443027259,1156.4701059999998,519756324.12,1165.7775360000003,1151.9674539999999,0.0003614528147701378
2021-03-03,27344.361721668432,27577.99932975512,27131.774465538416,27349.604860351563,65838.34409999999,0.0,0.0,27349.604860351563,27344.361721668432,27577.99932975512,27131.774465538416,0.003753958326963046,0.0012429886466809967,0.002510969680282057,0.015823448899095944,1156.80147,569689955.12,1158.9748279999997,1150.2716500000001,0.00027921266137494844
2021-03-04,27394.763967114337,27491.418242608248,26606.290249668593,26924.308000585937,69293.0883,0.0,0.0,26924.308000585937,27394.763967114337,27491.418242608248,26606.290249668593,-0.012125078510669266,0.0014352589649066787,-0.013560337475575956,0.027262660638193735,1138.8395919999996,613656012.86,1161.6257400000004,1130.0292080000002,-0.015251516306614395
2021-03-05,26893.32403961804,27090.42981159075,26498.20686357794,26912.106598632814,55087.0093,0.0,0.0,26912.106598632814,26893.32403961804,27090.42981159075,26498.20686357794,0.0006747079067198063,-0.0013739547242639359,0.0020486626309837424,0.022213523171149763,1139.0052739999999,553831946.14,1139.853176,1126.2477599999997,0.00014177758976920759
2021-03-08,27001.43306192002,27292.77484877659,26709.574797722555,26921.75861923828,49553.9906,0.0,0.0,26921.75861923828,27001.43306192002,27292.77484877659,26709.574797722555,0.001814802319810508,0.0042273507751933,-0.0024125484553827957,0.020187814986653525,1138.595942,611557114.2999998,1151.2462499999997,1134.453892,-0.0003503115195871003
2021-03-09,26858.68542573332,27090.822410174314,26545.898964530617,26826.513095800776,78801.88349999998,0.0,0.0,26826.513095800776,26858.68542573332,27090.822410174314,26545.898964530617,-0.0017464273061338924,-0.002852695819000787,0.0011062685128668949,0.01996291984688667,1132.455962,597523556.5199999,1136.7929319999998,1121.7061239999998,-0.005269839123743035
2021-03-10,26814.019381956663,27091.809585404575,26667.825169288197,26931.988123925777,57962.26209999999,0.0,0.0,26931.988123925777,26814.019381956663,27091.809585404575,26667.825169288197,0.0031655266544235484,0.00022554492967376242,0.0029399817247497996,0.01495328706912598,1140.3599680000002,555033140.64,1140.8570139999997,1125.5557939999999,0.006778617837201221
2021-03-11,27102.3663081557,27423.27483340732,26903.636832098015,27270.133599121087,47088.49100000001,0.0,0.0,27270.133599121087,27102.3663081557,27423.27483340732,26903.636832098015,0.010351587261554636,0.0048907439750303485,0.005460843286524291,0.01769252066868311,1151.7140579999998,571361589.04,1153.663258,1146.6071539999998,0.009655697417744443
2021-03-12,27354.421157592922,27499.80487968063,27114.22883971056,27324.29671748047,48503.2071,0.0,0.0,27324.29671748047,27354.421157592922,27499.80487968063,27114.22883971056,0.0018928145002953477,0.0026914409326157488,-0.0007986264323203937,0.014286786371465023,1151.548376,580502752.28,1156.382392,1148.2152440000002,-0.0001402130083788155
2021-03-15,27355.219183821817,27602.1508540109,27191.93003983518,27472.700142187496,47714.13170000001,107.7,0.0,27472.700142187496,27355.219183821817,27602.1508540109,27191.93003983518,0.006209206568381505,0.001787891366322272,0.004421315202059225,0.015255235301358895,1154.472176,618490613.62,1155.9340759999998,1148.85848,0.002471389081480221
2021-03-16,27421.015489617497,27704.323183272165,27136.548171434937,27524.858276855466,75121.5792,0.0,0.0,27524.858276855466,27421.015489617497,27704.323183272165,27136.548171434937,-0.0010085132991593819,-0.003204685446169224,0.0021961721470098237,0.018960949649586393,1149.93054,613625605.34,1154.8132860000003,1141.9972960000002,-0.003841589098827162
2021-03-17,27491.898203991575,27678.895523973093,27346.39954379241,27496.58334013671,40903.29249999998,0.0,0.0,27496.58334013671,27491.898203991575,27678.895523973093,27346.39954379241,0.00047309867472136957,-0.0007901456351326354,0.0012632443098540165,0.012450331212036687,1155.9633139999999,632288123.28,1155.9633139999999,1146.382996,0.0050995885563898755
2021-03-18,27626.638247886018,27692.57343016065,27254.352228292577,27495.689227050778,49777.6068,0.0,0.0,27495.689227050778,27626.638247886018,27692.57343016065,27254.352228292577,-0.0006856449750299636,0.004354625551797116,-0.005040270526827083,0.015347229721031728,1170.4361239999998,555621019.36,1170.4361239999998,1161.6647240000002,0.01212636348503627
2021-03-19,27425.70268873275,27562.217634572375,27189.353803442034,27429.13079824218,56802.67480000001,0.0,0.0,27429.13079824218,27425.70268873275,27562.217634572375,27189.353803442034,-0.0016667445491389153,-0.0012664781473991301,-0.0004002664017397804,0.012910849252529277,1163.7211299999997,585662284.68,1169.198382,1161.684216,-0.005607549530455055
2021-03-22,27387.198394661023,27517.554171117932,27131.711197935412,27352.066309570306,51572.35500000001,0.0,0.0,27352.066309570306,27387.198394661023,27517.554171117932,27131.711197935412,-0.001029953155981973,-0.0008791172411555868,-0.00015083591482637193,0.013311429370446244,1164.091478,610694788.22,1169.7246659999998,1159.1015260000001,0.00031011187292738414
2021-03-23,27254.10938357681,27486.939001251612,27005.271573062495,27235.56676289063,48891.160500000005,0.0,0.0,27235.56676289063,27254.10938357681,27486.939001251612,27005.271573062495,-0.003979767862602383,-0.0018496907082290953,-0.002130077154373291,0.01756276342518334,1153.3903699999998,627235991.7999998,1161.206662,1147.2016599999997,-0.00900060899352952
2021-03-24,27033.08692334604,27358.86337149867,26676.21813603701,26964.17292441406,56472.250700000004,0.0,0.0,26964.17292441406,27033.08692334604,27358.86337149867,26676.21813603701,-0.012553985282097481,-0.006742913345582284,-0.005811071936515196,0.023514047522224676,1132.300026,633237676.0600001,1144.3753199999999,1124.9028120000003,-0.01798601653802897
2021-03-25,27060.867024005012,27273.529805267168,26755.26657001209,27019.097745410152,49359.518000000004,0.0,0.0,27019.097745410152,27060.867024005012,27273.529805267168,26755.26657001209,0.0017389894744840172,0.0019618281623654953,-0.00022283868788149075,0.01707718750019188,1133.5572599999996,598322533.5999999,1141.0226959999998,1125.117224,0.001081533589705832
2021-03-26,26912.457843578235,27206.509512124863,26370.79547657286,26907.15406669921,51929.158500000005,0.0,0.0,26907.15406669921,26912.457843578235,27206.509512124863,26370.79547657286,-0.006468149053683551,-0.004824025516775932,-0.0016441235369076246,0.032086257154340894,1132.6898660000004,614501380.9000001,1136.149696,1108.99734,-0.0007460459399870885
2021-03-29,27000.310985429744,27405.52038331501,26854.06480309778,27294.960256445313,44085.49899999999,0.0,0.0,27294.960256445313,27000.310985429744,27405.52038331501,26854.06480309778,0.013979845927574128,0.004974759171806205,0.009005086755767939,0.0194391099371351,1145.8177280000004,577734011.14,1145.9054419999998,1136.1691879999996,0.011230645810960737
2021-03-30,27376.655735470755,27634.707958318886,27096.00575524711,27450.92087314453,37717.93250000001,0.0,0.0,27450.92087314453,27376.655735470755,27634.707958318886,27096.00575524711,0.002308602457444188,0.0007510647156410928,0.0015575377418030679,0.018282344543807734,1156.226456,689571407.8000001,1157.132834,1143.0596099999998,0.008813397684400613
2021-03-31,27406.34190061535,27764.234994091665,27062.510559310427,27657.275956054684,35929.377400000005,0.0,0.0,27657.275956054684,27406.34190061535,27764.234994091665,27062.510559310427,0.002358641646655575,-0.002995338071344287,0.005353979717999847,0.018801024542453054,1161.1774240000004,653473490.7799999,1166.0601699999997,1156.2654400000004,0.004164333024336381
2021-04-01,27603.706135102704,27920.156241301804,27329.009893718376,27752.791658886727,51065.5535,0.0,0.0,27752.791658886727,27603.706135102704,27920.156241301804,27329.009893718376,0.00403684966727527,-0.0007559101320356654,0.0047927597993109765,0.020188286084641988,1185.21106,620877896.32,1186.3415960000002,1162.532118,0.019966003931144255
2021-04-02,27785.23278150124,27937.491294351774,27531.176187765643,27775.91148916016,41367.20750000001,0.0,0.0,27775.91148916016,27785.23278150124,27937.491294351774,27531.176187765643,0.0020475840217836997,0.002854581546125231,-0.0008069975243415178,0.013585030608916119,1193.3489699999998,593300322.34,1197.091434,1190.0548220000003,0.006668940815426473
2021-04-05,27961.395583296402,28084.8671202686,27434.183097831334,27639.521650585935,33754.11830000001,0.0,0.0,27639.521650585935,27961.395583296402,28084.8671202686,27434.183097831334,-0.0045712404309531905,0.001034623161681327,-0.005605863592634507,0.018428198609481247,1204.65433,619166791.0999999,1213.649888,1196.9842279999998,0.009189549896598316
2021-04-06,27603.879974739815,27779.840056757344,27321.063176443273,27573.36604374999,40184.6961,0.0,0.0,27573.36604374999,27603.879974739815,27779.840056757344,27321.063176443273,-0.001873576331598782,-0.0004320010742351419,-0.0014415752573636476,0.013835731688428788,1208.4650159999999,639807162.28,1213.0163980000002,1199.8690440000003,0.003078088672991594
2021-04-07,27500.175572539036,27804.353723430326,27346.59246272835,27699.06094160157,34002.145099999994,0.0,0.0,27699.06094160157,27500.175572539036,27804.353723430326,27346.59246272835,0.00445114150314596,-0.0030022027342516758,0.007453344237397638,0.016082643777189983,1210.823548,658991870.9000001,1210.823548,1201.213992,0.0019002495606454959
2021-04-08,27741.44543531075,27822.318817893283,27425.734830797486,27557.054846386724,31079.431299999997,0.0,0.0,27557.054846386724,27741.44543531075,27822.318817893283,27425.734830797486,-0.0029459830445880478,0.0018488592890999395,-0.004794842333687975,0.012949776504235573,1203.523794,617473910.9000001,1214.7414400000002,1200.960596,-0.005893403822484175
2021-04-09,27551.819216319007,27760.387141078896,27422.387968775747,27639.7034913086,54017.9036,0.0,0.0,27639.7034913086,27551.819216319007,27760.387141078896,27422.387968775747,0.0033224457893816757,-0.00021534877401134043,0.003537794563393029,0.011412762927998142,1200.3758360000002,639180689.4000001,1203.6115080000002,1196.41896,-0.0025525205646941907
2021-04-12,27755.38719306833,27963.80270483084,27488.77536765496,27784.297547363283,51613.9378,0.0,0.0,27784.297547363283,27755.38719306833,27963.80270483084,27488.77536765496,0.0049263393190608845,0.003174053893321986,0.0017522854257389078,0.016198671160884366,1220.6377700000003,835862766.1999998,1220.6377700000003,1201.04831,0.01631361501027606
2021-04-13,27833.492458086996,27890.47123574472,27450.39358909229,27548.730924414067,51044.0092,0.0,0.0,27548.730924414067,27833.492458086996,27890.47123574472,27450.39358909229,-0.007804626121730866,0.0011837349162546816,-0.008988361037985568,0.014071700239676495,1216.6224180000004,952774320.3000002,1235.812292,1215.969436,-0.003211282586106998
2021-04-14,27419.274367763108,27601.105091864178,27168.53555083803,27471.748655761716,43662.18029999999,0.0,0.0,27471.748655761716,27419.274367763108,27601.105091864178,27168.53555083803,-0.0025675514360013856,-0.0065565886944008115,0.003989037258399441,0.016408480807640752,1223.970902,792840511.0999999,1223.970902,1201.6915459999998,0.0058689451375086915
2021-04-15,27435.78412610616,27722.69162850637,27215.84721478044,27352.519073828124,46790.991799999996,0.0,0.0,27352.519073828124,27435.78412610616,27722.69162850637,27215.84721478044,-0.00613735561233902,-0.0026932482745807996,-0.0034441073377582056,0.015011406367886924,1215.5698499999999,751849030.0199999,1233.7169020000003,1215.5698499999999,-0.006712490979124894
2021-04-16,27293.79600150293,27512.079780192016,26873.81791559351,27116.8873196289,48381.31090000001,0.0,0.0,27116.8873196289,27293.79600150293,27512.079780192016,26873.81791559351,-0.008271910652517285,-0.002286106294977093,-0.005985804357540181,0.024331472461443727,1207.2467660000002,924885069.24,1222.742906,1195.970644,-0.006696098683102371
2021-04-19,27182.47827501792,27463.464148503084,26859.53808631127,27333.673969335934,53584.76619999999,25.38,0.0,27333.673969335934,27182.47827501792,27463.464148503084,26859.53808631127,0.006730312001940591,0.0025725850748483975,0.004157726927092183,0.02320623296991512,1228.5612680000002,753411606.1999998,1228.5612680000002,1202.432242,0.017056880993537707
2021-04-20,27322.617044459206,27643.305124553248,27083.888881455783,27375.364747656247,77399.24780000001,0.0,0.0,27375.364747656247,27322.617044459206,27643.305124553248,27083.888881455783,-0.00016109778358971288,-0.0004038656129725503,0.00024276782938283294,0.02101344539465494,1236.065688,778202019.0999999,1253.6474719999999,1229.2434880000003,0.005935040446344335
2021-04-21,27375.364747656247,27375.364747656247,27375.364747656247,27375.364747656247,0.0,0.0,0.0,27375.364747656247,27375.364747656247,27375.364747656247,27375.364747656247,0.0,-4.674038933671909e-18,1.0913492332065287e-17,1.2478906796786756e-17,1236.065688,778202019.0999999,1253.6474719999999,1229.2434880000003,0.0
2021-04-22,27348.767907507478,27514.457175477623,26759.2942994339,26944.041151757814,64085.8201,0.0,0.0,26944.041151757814,27348.767907507478,27514.457175477623,26759.2942994339,-0.01313616078833817,-0.0011539275452046192,-0.011982233243133524,0.02789189598593457,1196.633372,713655333.16,1239.6717079999999,1196.633372,-0.031597908769273084
2021-04-23,26846.496288855604,27172.706831378502,26529.47202003844,27035.131600488283,63004.2612,0.0,0.0,27035.131600488283,26846.496288855604,27172.706831378502,26529.47202003844,0.0021502727779186903,-0.005293897463217404,0.007444170241136103,0.023359467267055012,1216.8173379999996,666843540.8800001,1216.8173379999996,1185.25979,0.01630176395636359
2021-04-26,27084.296687194546,27210.94204327624,26451.439674750713,26776.912144238282,46989.89980000001,0.0,0.0,26776.912144238282,27084.296687194546,27210.94204327624,26451.439674750713,-0.012413931886368135,0.0007886320230188461,-0.013202563909386978,0.02746019902008027,1184.889442,667977682.9000001,1219.4682500000004,1183.300844,-0.02591387171208161
2021-04-27,26680.94585625979,26939.00949433053,26359.837510848047,26741.86073076172,33324.654200000004,0.0,0.0,26741.86073076172,26680.94585625979,26939.00949433053,26359.837510848047,-0.0015607255886557372,-0.004573952174838095,0.0030132265861823374,0.02067899502367919,1188.7683499999996,530816767.1399999,1189.9476159999997,1173.5548439999998,0.0031852840073593874
2021-04-28,26727.830654772384,27048.495563880177,26506.01115480294,26868.342355859375,33702.18380000001,0.0,0.0,26868.342355859375,26727.830654772384,27048.495563880177,26506.01115480294,0.007519089091669296,0.00044305889371087107,0.007076030197958431,0.020976279886241903,1198.31943,574525140.64,1199.644886,1186.565754,0.007799069912794242
2021-04-29,26873.078611277706,27068.219181951277,26501.882350395495,26778.32987753907,47915.09139999999,0.0,0.0,26778.32987753907,26873.078611277706,27068.219181951277,26501.882350395495,-0.0001704567280560903,0.0002729431409989102,-0.00044339986905499304,0.019604767726161765,1207.9094940000004,598631286.88,1207.9094940000004,1199.97625,0.007768609020678749
2021-04-30,26778.32987753907,26778.32987753907,26778.32987753907,26778.32987753907,0.0,0.0,0.0,26778.32987753907,26778.32987753907,26778.32987753907,26778.32987753907,0.0,-1.5543122344752329e-19,2.295941214924823e-17,4.5607961851601424e-17,1207.9094940000004,598631286.88,1207.9094940000004,1199.97625,0.0
2021-05-03,26778.32987753907,26778.32987753907,26778.32987753907,26778.32987753907,0.0,0.0,0.0,26778.32987753907,26778.32987753907,26778.32987753907,26778.32987753907,0.0,-1.5543122344752329e-19,2.295941214924823e-17,4.5607961851601424e-17,1207.9094940000004,598631286.88,1207.9094940000004,1199.97625,0.0
2021-05-04,26604.163349465536,26842.518656793436,26122.390379330438,26439.010065820312,53863.68310000001,0.0,0.0,26439.010065820312,26604.163349465536,26842.518656793436,26122.390379330438,-0.010363909768289036,-0.007685731334902985,-0.0026781784333860725,0.02456889221504575,1210.6481199999998,694531731.9600002,1211.23288,1181.7609760000003,0.0022071552274799265
2021-05-05,26486.051473688116,26779.49813470102,26202.74892324497,26455.500637011726,52606.9353,0.0,0.0,26455.500637011726,26486.051473688116,26779.49813470102,26202.74892324497,0.0045161177498003035,0.002609375258117608,0.001906742491682661,0.021429310619352847,1224.5166780000002,668023586.5600001,1233.775378,1210.6481199999998,0.011101049729156744
2021-05-06,26483.634040160123,26741.5659175201,26162.243355396684,26451.51159951172,57535.78349999999,0.0,0.0,26451.51159951172,26483.634040160123,26741.5659175201,26162.243355396684,0.00045842207287924604,0.0013972612208017507,-0.0009388391479225167,0.019574389854308837,1218.8055219999997,655319773.02,1229.4481540000002,1214.975344,-0.004556175828779521
2021-05-07,26341.866589766825,26498.100749946138,25958.098415501576,26189.606483691405,56970.6936,0.0,0.024265,26189.606483691405,26341.866589766825,26498.100749946138,25958.098415501576,-0.0089231832901077,-0.00518233610979486,-0.0037408471803128404,0.019677332475213017,1210.268026,726287123.76,1218.7373,1200.629232,-0.0068509064873018095
2021-05-10,26050.993807249433,26353.283408248826,25782.689627600826,26089.280405078127,78250.2621,0.0,0.0,26089.280405078127,26050.993807249433,26353.283408248826,25782.689627600826,-0.00036572795846008565,-0.0034072217841302622,0.00304149382567016,0.022230864081536288,1227.5866680000004,713471815.9799999,1227.5866680000004,1205.4340099999997,0.013847447500663152
2021-05-11,26084.092768339873,26528.403036777687,25876.050561082822,26112.481647558594,50926.9193,0.0,0.0,26112.481647558594,26084.092768339873,26528.403036777687,25876.050561082822,0.0011896514239960263,-8.026215067655097e-05,0.0012699135746726013,0.02226987685581278,1224.136584,691513493.2200001,1240.2272300000002,1224.136584,-0.0027429311878000963
2021-05-12,26058.48579996446,26397.695008953484,25915.628184811278,26189.88708710937,37528.4463,0.0,0.0,26189.88708710937,26058.48579996446,26397.695008953484,25915.628184811278,0.0019384686542843785,-0.0023424462760765785,0.004280914930360959,0.01717369364476917,1236.855114,647288289.34,1236.855114,1217.4508280000005,0.010073654214888919
2021-05-13,26118.271598951844,26523.360442427947,25976.886052130158,26246.51349814453,56912.721099999995,23.8,0.0,26246.51349814453,26118.271598951844,26523.360442427947,25976.886052130158,0.0002247052689299066,-0.0028735921660375295,0.003098297434967475,0.018338452469272667,1229.935454,663087140.0999999,1241.1433539999996,1229.935454,-0.005467767237498585
2021-05-14,26316.689194411407,26584.956355303297,26068.585289312763,26285.62386630859,47052.3323,0.0,0.0,26285.62386630859,26316.689194411407,26584.956355303297,26068.585289312763,0.0005055770841172168,0.0030303910839400336,-0.0025248139998228173,0.019035780914907294,1234.1944560000002,661769480.9000001,1239.15517,1227.9667620000002,0.003369000526884244
2021-05-17,26395.358961843027,26505.487065317506,26081.602263566707,26249.761058984368,40654.3579,59.2,0.0,26249.761058984368,26395.358961843027,26505.487065317506,26081.602263566707,-0.0008488796159351888,0.0030015706645435325,-0.0038504502804787254,0.015714935915958843,1226.7290200000002,687911274.16,1245.3731179999997,1226.5341,-0.0059130942637318894
2021-05-18,26207.895408654385,26388.760738113775,25956.835630962643,26191.753770117182,41811.066000000006,0.0,0.0,26191.753770117182,26207.895408654385,26388.760738113775,25956.835630962643,-0.0025961702332943145,-0.0032347584428124325,0.0006385882095181004,0.017747358724115293,1220.861928,644448987.16,1230.1596120000002,1217.2948920000001,-0.004672413762584954
2021-05-19,26125.53032651757,26353.998063132476,25873.450965507982,26138.52836552734,46233.5099,0.0,0.0,26138.52836552734,26125.53032651757,26353.998063132476,25873.450965507982,-0.002007024924100655,-0.0023749361186900086,0.00036791119458934356,0.01818504664848325,1230.4227539999997,634383220.9000001,1230.6371660000002,1218.8152679999998,0.007602567207864955
2021-05-20,26062.54081617554,26329.031188582245,25799.80086291313,26167.132216601563,62141.6855,0.0,0.04117,26167.132216601563,26062.54081617554,26329.031188582245,25799.80086291313,-0.001677431301524521,-0.0042906270342613325,0.0026131957327368226,0.01841255606538858,1245.7532119999998,688250727.34,1245.7532119999998,1223.8831879999998,0.012068007667509942
2021-05-21,26032.392286755166,26573.174942864604,25786.742638681408,26315.076569921865,68374.0582,2.35,0.0,26315.076569921865,26032.392286755166,26573.174942864604,25786.742638681408,0.006967464235975491,-0.004007296817133153,0.010974761053108647,0.027395706378293506,1251.3181780000002,637511979.28,1256.288638,1236.2411160000001,0.0043439886135453205
2021-05-24,26371.072716898256,26740.763159604234,26104.173487572683,26531.907067675776,58929.679599999996,0.0,0.0,26531.907067675776,26371.072716898256,26740.763159604234,26104.173487572683,0.00860048412342153,0.0017827644175855662,0.006817719705835959,0.024861892012500404,1265.0113079999999,653676987.26,1266.814318,1254.6610559999997,0.010607081705842682
2021-05-25,26588.09025151385,26861.41862947888,26322.637117373743,26638.14240957031,46757.703700000005,0.0,0.0,26638.14240957031,26588.09025151385,26861.41862947888,26322.637117373743,0.0036283804451011066,0.001990515298990609,0.001637865146110516,0.019097849343656253,1275.3420680000002,623130489.2999998,1275.3420680000002,1264.2803579999998,0.007926782387300737
2021-05-26,26647.39914920249,27083.091148388783,26366.346688323494,26896.498061328126,48098.3105,0.0,0.0,26896.498061328126,26647.39914920249,27083.091148388783,26366.346688323494,0.007161659612397651,0.000690295595348577,0.006471364017049068,0.02427269477842632,1283.25582,659060385.2799999,1283.84058,1271.541128,0.006028901478112812
2021-05-27,26942.507789366962,27061.931622812437,26460.455378501378,26708.750540527348,54720.909400000004,0.0,0.0,26708.750540527348,26942.507789366962,27061.931622812437,26460.455378501378,-0.005587524055948403,0.003457046938972382,-0.00904457099492078,0.021484873152669295,1270.459322,667684425.7599999,1286.1503820000003,1266.9702539999996,-0.009767394280739158
2021-05-28,26561.57740654675,26899.911965985542,26407.773151568745,26763.780417578128,47296.99219999999,0.0,0.0,26763.780417578128,26561.57740654675,26899.911965985542,26407.773151568745,0.002900374369276186,-0.0055997853033940385,0.008500159672670241,0.019106442153987113,1286.920316,703939545.7599999,1289.483514,1267.0384760000002,0.012546519159860414
2021-05-31,26628.868533740617,26796.059413973646,26079.70814332305,26445.79361982422,65181.08550000001,0.0,0.0,26445.79361982422,26628.868533740617,26796.059413973646,26079.70814332305,-0.010811006589354431,-0.003118028468988108,-0.007692978120366331,0.025266561825942696,1294.31753,682531774.5399998,1294.31753,1274.3479759999998,0.005585959086583217
2021-06-01,26477.183648146598,26725.479512848913,26158.819602450516,26383.045633886726,68441.92210000001,17.676704213,0.042664999999999995,26383.045633886726,26477.183648146598,26725.479512848913,26158.819602450516,-0.000863375725420632,0.0032931093027679147,-0.004156485028188525,0.021845765510810328,1303.800388,585225079.12,1312.142964,1295.0874639999997,0.007114407227549637
2021-06-02,26349.23848487073,26719.490558031204,26179.826630728512,26523.503363964843,55107.8049,0.0,0.0,26523.503363964843,26349.23848487073,26719.490558031204,26179.826630728512,0.0073857321248731785,-0.0014379678345001635,0.00882369995937335,0.0208927128558078,1306.724188,736431247.8599999,1310.817508,1297.017172,0.002183114227457799
2021-06-03,26613.64840720967,26990.450250033107,26352.35635508684,26730.58058613281,61970.2655,0.0,0.0,26730.58058613281,26613.64840720967,26990.450250033107,26352.35635508684,0.006677158943902172,0.002772901548180791,0.0039042573957213823,0.026001830222830296,1329.6272880000001,835117587.0399998,1331.3036000000006,1311.0416659999999,0.01693395059761109
2021-06-04,26849.306900794054,27031.029271797655,26441.97615887497,26779.90754726563,67934.14479999998,0.0,0.0,26779.90754726563,26849.306900794054,27031.029271797655,26441.97615887497,0.0023461857203806924,0.004430960272782762,-0.0020847745524020774,0.02217105845660191,1339.1491300000002,865182730.0600002,1339.1491300000002,1325.8653319999999,0.006954517829223684
2021-06-07,26809.37136142674,27052.20132543689,26261.432935358156,26785.116940624997,672037.5892,0.0,0.0,26785.116940624997,26809.37136142674,27052.20132543689,26261.432935358156,-0.0004788395309064929,0.0010821435821506238,-0.0015609831130571155,0.02915215156632761,1324.2669879999999,818783778.34,1340.796204,1312.990866,-0.010891491152764143
2021-06-08,26785.116940624997,26785.116940624997,26785.116940624997,26785.116940624997,0.0,0.0,0.0,26785.116940624997,26785.116940624997,26785.116940624997,26785.116940624997,0.0,5.806466418789567e-18,7.271960811294774e-18,2.6156854460168685e-17,1286.3550480000001,852359040.7200001,1329.822208,1284.6300059999999,-0.02830863601172088
2021-06-09,26655.265445888286,27016.173130882955,26349.44741797029,26802.649448828128,580407.2189999999,0.0,0.0,26802.649448828128,26655.265445888286,27016.173130882955,26349.44741797029,-0.0005392098197798133,-0.006586874523549476,0.006047664703769656,0.023141527624525378,1299.04434,750275635.7799999,1305.125844,1278.7531679999997,0.009566864868122034
2021-06-10,26822.980864238518,27141.54838532501,26544.954438490327,26915.810547070312,607987.7326,0.0,0.0,26915.810547070312,26822.980864238518,27141.54838532501,26544.954438490327,0.0024344835237498116,0.0005742527524027255,0.0018602307713471,0.01994971377386809,1289.9610679999998,657089744.0800002,1302.757566,1284.0257539999996,-0.006838605424165118
2021-06-11,27008.22709537988,27398.490467414314,26801.461101193796,27204.19493544922,580869.8071000001,0.0,0.0,27204.19493544922,27008.22709537988,27398.490467414314,26801.461101193796,0.006851177765796002,0.003368768548443007,0.0034824092173529903,0.021559062284451383,1317.4058039999998,687125064.34,1318.1172620000002,1288.499168,0.020517732183397835
2021-06-14,27410.814318615823,27605.610156801435,27144.950866720683,27420.445456249996,542314.5122000001,28.6,0.0,27420.445456249996,27410.814318615823,27605.610156801435,27144.950866720683,0.009220770004667507,0.009017908363258423,0.00020286164140908804,0.018884011816820624,1327.132312,697434285.6800001,1333.769338,1318.370658,0.007169113868247672
2021-06-15,27391.83120727466,27807.561480860863,27209.72789764281,27630.835336523436,564484.5186,13.4,0.0,27630.835336523436,27391.83120727466,27807.561480860863,27209.72789764281,0.0064022728163762085,-0.0006330336562336966,0.007035306472609918,0.018832483596418433,1332.629056,688620198.1999999,1337.8529119999998,1322.132614,0.004028281930526817
2021-06-16,27613.21383386419,27812.52648395689,27265.732429868982,27632.34315800781,492104.52509999997,6.3,0.0,27632.34315800781,27613.21383386419,27812.52648395689,27265.732429868982,9.571216049206359e-05,-0.00023097213179284673,0.0003266842922849025,0.019671406660654714,1322.0643919999998,721516164.3800001,1335.3384440000004,1316.421458,-0.007757111012700696
2021-06-17,27422.623941439062,27986.4494033387,27231.265558186646,27790.679128320306,587301.3012000001,53.85,0.0,27790.679128320306,27422.623941439062,27986.4494033387,27231.265558186646,0.006767654659676543,-0.0053423265126437205,0.012109981172320256,0.025450437655745648,1325.3780320000005,694243445.2799999,1330.8650300000002,1303.5177540000002,0.002439694401777719
2021-06-18,27856.86702272972,28346.52975866903,27681.672540753912,28154.39127597656,471632.58869999996,0.0,0.0,28154.39127597656,27856.86702272972,28346.52975866903,27681.672540753912,0.010519494873757395,0.0021704359363211604,0.008349058937436227,0.021743399197297973,1342.7746420000003,731522090.1999998,1342.7746420000003,1328.8865919999994,0.012709150068697191
2021-06-21,28156.43516375361,28476.13205126475,27877.031454535045,28217.730356933593,658874.962,0.0,0.0,28217.730356933593,28156.43516375361,28476.13205126475,27877.031454535045,0.0025904981456008895,0.000764660339010808,0.0018258378065900774,0.020176513263992665,1337.7651980000003,712705488.0,1346.643804,1333.1066099999998,-0.003642706393116888
2021-06-22,28285.617839188606,28465.329255705656,27839.378569632932,28119.305987695312,458796.77509999997,0.0,0.0,28119.305987695312,28285.617839188606,28465.329255705656,27839.378569632932,-0.002273649714594608,0.0015328953529364973,-0.00380654506753111,0.01977400657339539,1344.9187619999998,677100621.1199999,1350.7761079999998,1340.0749999999998,0.005197690151446914
2021-06-23,28022.742475891653,28239.328099611444,27734.154250462692,27987.565028906254,431165.8355,0.0,0.0,27987.565028906254,28022.742475891653,28239.328099611444,27734.154250462692,-0.006205389720565883,-0.004040920085273197,-0.0021644696352926896,0.016876614504627695,1341.897502,628359997.9799999,1353.0664179999997,1337.209676,-0.002191829249000837
2021-06-24,28003.568412700304,28229.648264743657,27722.700294195292,27959.651620703124,336570.28299999994,0.0,0.0,27959.651620703124,28003.568412700304,28229.648264743657,27722.700294195292,-0.001468912654048526,0.00023696626900329538,-0.0017058789230518213,0.018232604982252164,1344.675112,524435671.0999999,1349.5383659999998,1338.1160539999998,0.0020152514444891825
2021-06-25,27934.661470009374,28239.735821812756,27635.131646052752,28026.143157421877,345221.07819999993,0.0,0.0,28026.143157421877,27934.661470009374,28239.735821812756,27635.131646052752,0.002194322251489993,-0.0013585470232735882,0.0035528692747636105,0.020544895908002677,1354.8109519999998,505429704.12,1354.8109519999998,1337.9308800000001,0.007318753164134006
2021-06-28,27986.005659295628,28202.099895643816,27792.970380454048,28049.633557324218,404375.57129999995,0.0,0.0,28049.633557324218,27986.005659295628,28202.099895643816,27792.970380454048,0.000578175889810077,-0.0021865585827349704,0.0027647344725450574,0.013300142118770187,1370.102426,637990410.42,1370.3070919999998,1355.2397760000001,0.010938495971048253
2021-06-29,28005.87244816432,28280.807827476663,27830.50242407865,28030.340511328126,625660.3657000001,0.0,0.0,28030.340511328126,28005.87244816432,28280.807827476663,27830.50242407865,-0.00022464617098165538,-0.0012267398833526754,0.0010020937123710273,0.016557556593839194,1374.2249839999997,594120253.32,1380.3649639999999,1371.135502,0.0029281112992830738
2021-06-30,28053.08641310827,28297.127578148826,27864.425666291092,28120.59113466797,448533.5518,0.0,0.0,28120.59113466797,28053.08641310827,28297.127578148826,27864.425666291092,0.0041213658555918995,0.0028756437995094706,0.0012457220560824597,0.01542145914012514,1372.7728299999999,518797999.94000006,1383.5519059999997,1372.412228,-0.0010304117557144907
2021-07-01,28104.670934673937,28341.047225957434,27883.22312098435,28125.459271093747,428116.96440000006,0.0,0.0,28125.459271093747,28104.670934673937,28341.047225957434,27883.22312098435,0.0004724783011122633,-0.0012076634775468333,0.0016801417786590955,0.014988267809822983,1381.086168,681520724.5,1381.2713420000002,1366.564628,0.005884254664370726
2021-07-02,28199.080961856947,28524.426935057403,27914.473482505175,28313.785928906258,568469.0555999998,14.200000000000001,0.0,28313.785928906258,28199.080961856947,28524.426935057403,27914.473482505175,0.004049459812993285,0.0016954560673079994,0.0023540037456853033,0.02053192956462553,1384.195142,637008598.3800001,1388.103288,1379.8581719999997,0.002191464084403277
2021-07-05,28313.785928906258,28313.785928906258,28313.785928906258,28313.785928906258,0.0,0.0,0.0,28313.785928906258,28313.785928906258,28313.785928906258,28313.785928906258,0.0,-6.783462680459707e-18,1.3566925360919412e-17,1.3566925360919412e-17,1375.2872980000002,724686928.0199999,1385.4133920000002,1358.709352,-0.006292205228288183
2021-07-06,28313.785928906258,28313.785928906258,28313.785928906258,28313.785928906258,0.0,0.0,0.0,28313.785928906258,28313.785928906258,28313.785928906258,28313.785928906258,0.0,-6.783462680459707e-18,1.3566925360919412e-17,1.3566925360919412e-17,1320.3783339999998,753865379.9600002,1382.947654,1320.3783339999998,-0.03970943483073989
2021-07-07,28313.785928906258,28313.785928906258,28313.785928906258,28313.785928906258,0.0,0.0,0.0,28313.785928906258,28313.785928906258,28313.785928906258,28313.785928906258,0.0,-6.783462680459707e-18,1.3566925360919412e-17,1.3566925360919412e-17,1353.2808299999997,715162746.9799999,1353.2808299999997,1300.681668,0.02398839158694866
2021-07-08,28313.785928906258,28313.785928906258,28313.785928906258,28313.785928906258,0.0,0.0,0.0,28313.785928906258,28313.785928906258,28313.785928906258,28313.785928906258,0.0,-6.783462680459707e-18,1.3566925360919412e-17,1.3566925360919412e-17,1339.763128,515400251.96,1350.55195,1329.276432,-0.009784068303439645
2021-07-09,27764.285669599718,28147.636977780323,27405.991380818556,27751.493791015622,749867.4511000001,0.0,0.0,27751.493791015622,27764.285669599718,28147.636977780323,27405.991380818556,-0.022662870089120362,-0.02074684587314119,-0.0019160242159791518,0.024724148287462118,1312.9226439999995,695855726.0600001,1338.6228460000002,1301.9681400000004,-0.01972312645196851
2021-07-12,27751.493791015622,27751.493791015622,27751.493791015622,27751.493791015622,0.0,0.0,0.0,27751.493791015622,27751.493791015622,27751.493791015622,27751.493791015622,0.0,-1.2212453270876722e-17,2.442490654175344e-17,2.442490654175344e-17,1263.3739799999998,889553675.1199999,1306.5974899999999,1237.800476,-0.037492641811711115
2021-07-13,27238.47226477533,27554.212583183664,26787.881967264857,27227.581185937495,480714.455,71.8,0.0,27227.581185937495,27238.47226477533,27554.212583183664,26787.881967264857,-0.015272954708365524,-0.017491764253007473,0.0022188095446419496,0.028082091976661217,1264.5824840000002,487474355.94000006,1274.5136580000003,1245.8311799999994,0.0009318262437642136
2021-07-14,27213.4284649414,27218.146074991568,27213.4284649414,27213.4284649414,1458.78,0.0,0.0,27213.4284649414,27213.4284649414,27218.146074991568,27213.4284649414,-0.0012662306186922842,-0.001266230618692266,3.774758283725517e-19,0.00042509142608175804,1247.400286,534055362.94000006,1272.2136019999996,1232.5571280000004,-0.01333291895066313
2021-07-15,26960.220340426727,27474.614177364285,26733.57967184782,27233.351116308586,582346.3294,244.5,0.0,27233.351116308586,26960.220340426727,27474.614177364285,26733.57967184782,0.000734077707348997,-0.009668244044230442,0.010402321751579445,0.02666174461906821,1261.0544320000001,408492479.56,1266.1808280000002,1238.4924420000002,0.010610087577779289
2021-07-16,27233.351116308586,27233.351116308586,27233.351116308586,27233.351116308586,0.0,0.0,0.0,27233.351116308586,27233.351116308586,27233.351116308586,27233.351116308586,0.0,1.2756462552943046e-17,-2.864375403532905e-18,1.9784174298820286e-17,1266.3075259999996,404576439.29999995,1271.2390019999998,1263.140076,0.004051396570823781
2021-07-19,26828.102900778667,27255.884603463463,26534.086383528185,26785.325957812496,829993.3494000001,0.0,0.0,26785.325957812496,26828.102900778667,27255.884603463463,26534.086383528185,-0.013495500390327339,-0.012020929616898981,-0.0014745707734284,0.025405460037992898,1211.924846,658456328.2,1244.12563,1206.3501339999996,-0.04278038694406004
2021-07-20,26782.459668046697,27224.4666615189,26538.887424279812,27082.56155234375,598367.9415999999,0.0,0.0,27082.56155234375,26782.459668046697,27224.4666615189,26538.887424279812,0.00964331649839734,-0.0007172080652774083,0.010360524563674766,0.02510220111723313,1240.9484340000001,525108827.32000005,1240.9484340000001,1194.3917919999994,0.02306495758309658
2021-07-21,27174.217465666872,27429.040451940386,26943.36911519516,27132.456369140622,574496.1674999999,0.0,0.0,27132.456369140622,27174.217465666872,27429.040451940386,26943.36911519516,0.0030539033069354547,0.0024157788693022495,0.0006381244376332093,0.018095144161818233,1238.5119340000003,385078396.7800001,1251.708018,1234.5355659999998,-0.0019154278043669159
2021-07-22,27094.969043520803,27585.13269382275,27029.47860702805,27361.93518925781,728207.5559999999,0.0,0.0,27361.93518925781,27094.969043520803,27585.13269382275,27029.47860702805,0.008536048251395253,-0.0017133540298637608,0.010249402281258998,0.01926710132401742,1260.8107820000002,480729246.7999999,1261.2883360000008,1234.369884,0.01739113864183403
2021-07-23,27251.59269545174,27699.900249647926,26963.49508674605,27222.16067783203,1075385.6528000003,8.52,0.0,27222.16067783203,27251.59269545174,27699.900249647926,26963.49508674605,-0.004195123311409515,-0.00409411373993586,-0.00010100957147367667,0.0235294120711144,1236.6017180000001,536869910.28000003,1262.7209980000002,1236.6017180000001,-0.018895471084686984
2021-07-26,27055.91143561869,27640.196597177048,26883.340142041776,27530.711066113283,868358.302,0.0,0.0,27530.711066113283,27055.91143561869,27640.196597177048,26883.340142041776,0.011029225491447884,-0.005212187589083982,0.016241413080531886,0.02634490366576151,1240.3831659999998,449369542.59999996,1244.8858180000004,1222.703922,0.002975716248965193
2021-07-27,27632.754233038904,27917.631798551396,27293.175808171844,27503.922412890628,835136.2682,37.93388364,0.0,27503.922412890628,27632.754233038904,27917.631798551396,27293.175808171844,-0.0008839141688833889,0.002116157187095731,-0.003000071355979137,0.019750291317930335,1244.4959779999997,506725337.3600001,1255.6259099999997,1244.106138,0.003226193310156161
2021-07-28,27434.173689627274,27728.679313511202,27170.77387445783,27483.23046513672,623918.9433999999,0.0,0.0,27483.23046513672,27434.173689627274,27728.679313511202,27170.77387445783,0.00033410143727399767,-0.0013327594265560335,0.0016668608638300227,0.020299680253770453,1244.6324219999995,352719435.2000001,1248.628282,1239.476788,0.00010684729846236709
2021-07-29,27507.109089375845,27750.320388420063,27182.12950930977,27549.34931572265,735609.0234000001,19.95,0.0,27549.34931572265,27507.109089375845,27750.320388420063,27182.12950930977,0.0011259373982558055,9.884486950792091e-05,0.0010270925287478934,0.018699667381384052,1260.7425599999997,434199991.06,1260.7425599999997,1250.294848,0.012533977558710222
2021-07-30,27624.492219194606,27902.646248622186,27280.681861028905,27720.344933496093,908661.1183,0.0,0.0,27720.344933496093,27624.492219194606,27902.646248622186,27280.681861028905,0.0053945283745866135,0.0014799520764040436,0.003914576298182547,0.02068843469710504,1276.77473,603032288.0999999,1278.6459619999998,1264.0074699999998,0.012315313754225765
2021-08-02,27694.703907648898,28245.20284614773,27496.115201069246,27998.957483203125,4112925.7914000005,0.0,0.0,27998.957483203125,27694.703907648898,28245.20284614773,27496.115201069246,0.009407304174581488,-0.000980073653225336,0.010387377827806837,0.024784002161821618,1280.838812,571859219.8,1288.7623100000003,1271.3559540000003,0.0030973073811444425
2021-08-03,28049.247284302866,28366.40509588931,27834.422851895062,28184.43727802734,863385.1231999999,0.0,0.0,28184.43727802734,28049.247284302866,28366.40509588931,27834.422851895062,0.006658103230984008,0.0009399048856173394,0.005718198345366682,0.01928506906295726,1298.596024,602270638.2,1298.596024,1282.154522,0.013418793892379977
2021-08-04,28277.703563964846,28277.703563964846,28277.70356396484,28277.70356396484,0.0,152.75,0.0,28277.70356396484,28277.703563964846,28277.703563964846,28277.70356396484,0.0027802741306242875,0.0027802741306243287,-2.0683454948766666e-17,4.1366909897533325e-17,1300.837604,610379992.4199998,1306.7046960000002,1294.6586400000003,0.0016808618508147564
2021-08-05,28079.91780510298,28352.335854928,27895.284776630375,28169.186814648438,520458.9521,0.0,0.0,28169.186814648438,28079.91780510298,28352.335854928,27895.284776630375,-0.003631868853523262,-0.006043263241899288,0.0024113943883760356,0.01529332535194035,1311.37303,575432688.1600001,1312.4158519999999,1293.0992799999997,0.007861450159918733
2021-08-06,28207.173395200658,28515.616843509135,28009.060266630193,28213.98775195312,666855.4426000001,0.0,0.0,28213.98775195312,28207.173395200658,28515.616843509135,28009.060266630193,0.0037146547658216916,0.0013846411855545976,0.0023300135802670837,0.017975143708813875,1307.3771700000002,664756922.2799999,1317.51301,1307.3771700000002,-0.0029742189066947725
2021-08-09,28199.358016192436,28760.202447806045,28035.709531006894,28610.11792265625,625080.4833,0.0,0.0,28610.11792265625,28199.358016192436,28760.202447806045,28035.709531006894,0.01413943867897708,-0.0006113050287529667,0.01475074370773003,0.0249749150005112,1325.3195560000001,620117415.94,1326.547552,1300.788874,0.013284416670739886
2021-08-10,28610.11792265625,28610.11792265625,28610.11792265625,28610.11792265625,0.0,0.0,0.0,28610.11792265625,28610.11792265625,28610.11792265625,28610.11792265625,0.0,0.0,0.0,0.0,1327.824278,660760867.36,1335.5431099999998,1323.623752,0.0018401586488640388
2021-08-11,29032.310069299394,29492.845319888613,28753.922447566478,29103.888605859374,927473.342,0.0,0.0,29103.888605859374,29032.310069299394,29492.845319888613,28753.922447566478,0.014069023710564264,0.013713733987753713,0.00035528972281056537,0.02433329814426322,1323.302134,750998691.5199999,1339.129638,1323.302134,-0.003324840186330543
2021-08-12,29076.891759198705,29516.091808766447,28649.07503265902,28894.310307031243,1136635.8194000002,0.0,0.0,28894.310307031243,29076.891759198705,29516.091808766447,28649.07503265902,-0.004300472459115985,0.00019542348701778926,-0.004495895946133798,0.027507297945363645,1318.6825299999998,698314057.0999999,1330.3387460000001,1318.6825299999998,-0.0034082488881415113
2021-08-13,28790.449655466957,29299.44792534159,28456.681953607644,29106.053588574217,899151.6126000001,0.0,0.0,29106.053588574217,28790.449655466957,29299.44792534159,28456.681953607644,0.008237600878079293,-0.003010147147409316,0.011247748025488601,0.027329361588040026,1322.5809299999999,700462855.1800001,1322.9317859999999,1302.786804,0.002876943899367768
2021-08-16,29205.5264318277,29562.25687560165,28891.957587570738,29227.64783427734,600595.8981999998,20.32821042,0.0,29227.64783427734,29205.5264318277,29562.25687560165,28891.957587570738,0.005580090250370185,0.0032052354364748292,0.0023748548138953583,0.022378634890064676,1336.1376159999995,778651602.0800002,1337.4728180000002,1327.1615500000003,0.00993896905813003
2021-08-17,29227.647900667198,29227.647900667198,29222.930290739045,29225.289095703123,1114.84,0.0,0.0,29225.289095703123,29227.647900667198,29227.647900667198,29222.930290739045,-0.0002114024839422932,5.939612329042309e-09,-0.0002114084235546166,0.00042357322948415754,1328.4675139999997,713775793.7200001,1344.65562,1324.588606,-0.005610814128870331
2021-08-18,28776.19203046079,29320.489301457663,28575.183798452083,28974.072365820313,773664.8011,0.0,0.0,28974.072365820313,28776.19203046079,29320.489301457663,28575.183798452083,-0.005302517480626023,-0.011712316818264193,0.006409799337638191,0.023141723582403774,1326.3721240000002,625379768.64,1335.6893,1321.3919179999998,-0.0015384488681165654
2021-08-19,29082.19112773226,29422.502557291296,28735.352038839475,29197.641712207027,704173.4998999999,0.0,0.0,29197.641712207027,29082.19112773226,29422.502557291296,28735.352038839475,0.007019062596946865,0.0030772397061722876,0.003941822890774588,0.022243011438511855,1339.9288099999999,636662225.54,1339.9288099999999,1318.5753239999997,0.009910704273969007
2021-08-20,29175.330017060864,29363.442044953994,28374.86764341097,28626.215192675776,1214207.7128999997,0.0,0.0,28626.215192675776,29175.330017060864,29363.442044953994,28374.86764341097,-0.01696654560911889,-0.0013483726633949716,-0.01561817294572388,0.03120374417563433,1295.662478,1104064791.9399998,1334.6074939999999,1284.0549919999999,-0.03274105869144995
2021-08-23,28461.560635985035,28737.171430634873,27935.604481310183,28229.870820019525,1011964.5987999999,0.0,0.0,28229.870820019525,28461.560635985035,28737.171430634873,27935.604481310183,-0.013206344030860795,-0.006308010407005656,-0.006898333623855144,0.02652864466649774,1265.8689559999993,748595620.3000002,1293.3331840000003,1265.8689559999993,-0.022672433887765905
2021-08-24,28306.055105762192,28609.020299978678,27873.408352408445,28265.921608593748,702020.1191,0.0,0.0,28265.921608593748,28306.055105762192,28609.020299978678,27873.408352408445,-0.0003079728547442641,0.0019567649867314085,-0.002264737841475681,0.0247743319784525,1265.752004,632070105.26,1274.3479759999998,1256.415336,-9.00461965530332e-05
2021-08-25,28313.56034727744,28719.04555254546,28041.769047062415,28563.744319433594,433910.4291,0.0,0.0,28563.744319433594,28313.56034727744,28719.04555254546,28041.769047062415,0.00822111674663229,0.0008145361242446622,0.007406580622387641,0.021992688268095893,1276.2874299999994,469535381.0400001,1276.881936,1258.89082,0.008078462381017665
2021-08-26,28705.32755216896,29127.316213417384,28485.61724732658,28839.357254199218,659280.6072,0.0,0.0,28839.357254199218,28705.32755216896,29127.316213417384,28485.61724732658,0.008290074472112162,0.003413600738648942,0.004876473733463217,0.021236664117775618,1268.0715519999997,485207923.6399999,1282.8269959999998,1262.8574419999995,-0.006294098109139867
2021-08-27,28863.872685242037,29287.611557564764,28684.701358879618,29146.41208486329,754586.6379,17.85,0.0,29146.41208486329,28863.872685242037,29287.611557564764,28684.701358879618,0.011079931733087446,0.0003361596324481411,0.010743772100639292,0.02092334882722237,1279.84472,641850313.72,1279.84472,1252.5169360000002,0.009006741171971795
2021-08-30,29416.630965707423,29738.496236216717,29084.766153797395,29465.41646523437,599047.0202999999,6.7749999999999995,0.04065,29465.41646523437,29416.630965707423,29738.496236216717,29084.766153797395,0.010693968690590885,0.008462241820029706,0.0022317268705611642,0.021199960544529623,1294.4052439999998,624875802.9799999,1295.847652,1285.2634959999998,0.011025221501517062
2021-08-31,29565.64479829477,30008.93703194002,29295.466802910505,29711.797067187505,684746.7658999999,0.0,0.0,29711.797067187505,29565.64479829477,30008.93703194002,29295.466802910505,0.01023892314086497,0.0030042556612159656,0.007234667479648995,0.026826854615313193,1297.6506619999998,694250559.86,1302.2020440000003,1292.0174740000002,0.0024405230059355277
2021-09-01,29755.025693999094,30243.50531755635,29482.42822042071,30005.620412499993,593362.5875,0.0,0.0,30005.620412499993,29755.025693999094,30243.50531755635,29482.42822042071,0.011137917459020501,0.003280557406148835,0.007857360052871647,0.028519390847588852,1300.74989,662464858.0,1304.034292,1294.5221960000001,0.002324898706506807
2021-09-02,30005.620412499993,30005.620412499993,30005.620412499993,30005.620412499993,0.0,0.0,0.0,30005.620412499993,30005.620412499993,30005.620412499993,30005.620412499993,0.0,1.2589929099249274e-17,-6.294964549624638e-18,1.2589929099249274e-17,1300.74989,662464858.0,1304.034292,1294.5221960000001,0.0
2021-09-03,30005.620412499993,30005.620412499993,30005.620412499993,30005.620412499993,0.0,0.0,0.0,30005.620412499993,30005.620412499993,30005.620412499993,30005.620412499993,0.0,1.2589929099249274e-17,-6.294964549624638e-18,1.2589929099249274e-17,1300.74989,662464858.0,1304.034292,1294.5221960000001,0.0
2021-09-06,30037.1628092347,30547.417925960355,29701.126396182077,30161.54091582032,759504.7701999999,0.0,0.0,30161.54091582032,30037.1628092347,30547.417925960355,29701.126396182077,0.006995753283435167,0.0007340973992958054,0.006261655884139382,0.02690701500386299,1312.191694,866785264.8400002,1314.111656,1305.7690799999998,0.008535402032097753
2021-09-07,30091.37394838897,30307.39403110823,29481.032067441804,29720.465490136714,648727.3060999999,0.0,0.0,29720.465490136714,30091.37394838897,30307.39403110823,29481.032067441804,-0.012850806632205771,-0.0009422324302338582,-0.011908574201971917,0.030072104444455953,1307.81574,827999498.48,1319.277036,1306.275872,-0.0032555699489613156
2021-09-08,29720.465490136714,29720.465490136714,29720.465490136714,29720.465490136714,0.0,0.0,0.0,29720.465490136714,29720.465490136714,29720.465490136714,29720.465490136714,0.0,-9.28146448586631e-18,2.7522428780457622e-17,3.648192858918264e-17,1299.7363059999998,580900291.62,1310.3399539999996,1294.6099099999997,-0.0060395661805088645
2021-09-09,29473.018811830512,29899.036553584338,29288.14370029152,29682.911494042964,512309.9194,0.0,0.0,29682.911494042964,29473.018811830512,29899.036553584338,29288.14370029152,-0.0022099181935193108,-0.009061513500507021,0.006851595306987746,0.018763048326322383,1309.8429079999999,578445469.14,1311.412014,1298.8201820000002,0.0075490665343959824
2021-09-10,29681.418675186364,30177.4299339285,29470.992725955028,29943.895842578117,446759.0869000001,0.0,0.0,29943.895842578117,29681.418675186364,30177.4299339285,29470.992725955028,0.007011833087915681,0.0003488232794526679,0.006663009808463002,0.021480913690504568,1311.1391259999998,544850812.2199999,1316.1290780000002,1310.905222,0.0009639853683894885
2021-09-13,30124.936137610282,30803.937124375836,29750.13380698097,30499.65661894532,786296.1516000001,0.0,0.0,30499.65661894532,30124.936137610282,30803.937124375836,29750.13380698097,0.009019000837187818,0.0026381501682162054,0.0063808506689716,0.030981983816395987,1307.3576779999999,725324998.6400001,1316.3824739999998,1306.4512999999995,-0.002814898820690994
2021-09-14,30554.470279532594,30992.32799593707,30241.79177996724,30655.167204687503,635042.3907,0.0,0.0,30655.167204687503,30554.470279532594,30992.32799593707,30241.79177996724,0.002306475556411465,0.0008994990703459255,0.0014069764860655599,0.021641634240295377,1305.6716199999996,674632641.5399998,1314.862098,1302.884264,-0.0012577221052285112
2021-09-15,30704.909558820284,30992.585136427308,30218.00559335576,30761.646795507815,506470.649,0.0,0.0,30761.646795507815,30704.909558820284,30992.585136427308,30218.00559335576,0.0035237112979307123,0.0015762040167065768,0.0019475072812241594,0.023010136523272946,1311.6459180000002,629226904.68,1313.4684200000002,1301.061762,0.004449258340775297
2021-09-16,30666.519416840598,30900.671504969803,30250.989702555322,30554.099928906257,532482.1012,0.0,0.0,30554.099928906257,30666.519416840598,30900.671504969803,30250.989702555322,-0.002650424022243047,-0.0008580832455356674,-0.0017923407767073524,0.02026983594872035,1311.684902,556029376.76,1318.7507519999997,1307.162758,2.896608091743189e-05
2021-09-17,30596.616045274513,31034.29084003895,30324.259259298302,30838.38524140625,1005057.9262000001,0.0,0.0,30838.38524140625,30596.616045274513,31034.29084003895,30324.259259298302,0.008822331377795391,0.0032075399911529615,0.005614791386642439,0.022455067240544378,1318.2829440000003,792497256.98,1321.9961700000001,1312.912898,0.004890147409367046
2021-09-20,31101.932402458602,31309.379949455804,30515.004494201603,30750.13518828125,635192.2799000001,0.0,0.0,30750.13518828125,31101.932402458602,31309.379949455804,30515.004494201603,-0.0050680372674579005,0.00540726157327359,-0.010475298840731471,0.023502334347172877,1316.1778079999997,830826813.0800002,1331.225632,1314.9108280000003,-0.001557560484225456
2021-09-21,30750.135163570398,30752.4939683546,30738.34113964939,30740.699944433592,3024.2999999999997,0.0,0.0,30740.699944433592,30750.135163570398,30752.4939683546,30738.34113964939,-0.0007676502578223528,-1.99751456182779e-09,-0.0007676482603077877,0.0011514924913261307,1305.8080639999998,796228123.24,1316.1778079999997,1291.1695720000002,-0.00770896998591104
2021-09-22,30740.699944433592,30740.699944433592,30740.699944433592,30740.699944433592,0.0,0.0,0.0,30740.699944433592,30740.699944433592,30740.699944433592,30740.699944433592,0.0,-5.428990590417015e-18,1.0857981180834029e-17,1.0857981180834029e-17,1316.372728,709250336.0800002,1316.4019660000004,1302.6795980000002,0.007853293165845696
2021-09-23,31483.37609938892,31773.353446189067,30767.290277182088,31051.80385966797,723687.7556,0.0,0.0,31051.80385966797,31483.37609938892,31773.353446189067,30767.290277182088,0.009737138720633743,0.019720529746701604,-0.009983391026067857,0.0274143509586423,1318.3998959999997,936836686.5,1326.518314,1316.1290780000002,0.0014996954990690197
2021-09-24,30893.433702364306,31165.5732070584,30684.502802301344,30783.791098925787,54203416.260400005,0.0,0.0,30783.791098925787,30893.433702364306,31165.5732070584,30684.502802301344,-0.005951565372267013,-0.0035775110635554515,-0.0023740543087115754,0.016738234975001768,1316.850282,611623874.4000001,1322.502962,1313.8290220000004,-0.001146194005473396
2021-09-27,30740.905411108208,30961.270125612104,30215.96263160425,30369.414646875004,757854.1472999998,0.0,0.0,30369.414646875004,30740.905411108208,30961.270125612104,30215.96263160425,-0.012856362657490955,0.0010295834315745245,-0.01388594608906545,0.025280620753459673,1291.3352540000003,702550253.4600002,1319.9787480000002,1291.3352540000003,-0.019068995861326397
2021-09-28,30253.719509256927,30705.91099706338,29933.919597527263,30532.724740722657,519282.03050000005,0.0,0.0,30532.724740722657,30253.719509256927,30705.91099706338,29933.919597527263,0.007847938337558024,-0.0031173260050040043,0.010965264342562038,0.026233180659713983,1305.2915259999995,569222829.34,1307.728026,1282.9731860000002,0.010476602779446509
2021-09-29,30513.949765474437,30796.68650224603,30133.82118538344,30546.071674414066,577519.3352,26.9,0.0,30546.071674414066,30513.949765474437,30796.68650224603,30133.82118538344,0.0031996723281230315,-0.0009782783745378254,0.004177950702660867,0.022026500681550914,1305.194066,544961526.7800001,1306.8411400000005,1294.4344820000001,-7.277153058045865e-05
2021-09-30,30690.868793579975,31019.387306417255,30420.255130457288,30706.95395820312,429133.13039999997,0.0,0.0,30706.95395820312,30690.868793579975,31019.387306417255,30420.255130457288,0.007057666522841165,0.00636234926725963,0.0006953172555815349,0.019855225328326183,1307.971676,427161917.15999997,1314.6281940000001,1307.0847900000003,0.0020718622489085373
2021-10-01,30713.182523306186,31029.342509825296,30335.213291736105,30749.830166503903,523711.45270000014,0.0,0.0,30749.830166503903,30713.182523306186,31029.342509825296,30335.213291736105,-0.00024596032796346306,0.00030824944988076016,-0.0005542097778441959,0.021394996348562362,1300.983794,586674016.94,1309.9208759999997,1299.112562,-0.005220791356050125
2021-10-04,30814.718608460564,31387.298038897825,30368.77842411822,30915.423891113285,87035099.04070002,0.0,0.0,30915.423891113285,30814.718608460564,31387.298038897825,30368.77842411822,0.013153905170222368,0.0027600435633229024,0.010393861606899459,0.035516772623985914,1305.5156840000002,682810412.6800001,1313.263754,1300.5062400000002,0.0033890545399941434
2021-10-05,30915.774171546807,31305.148782357788,30585.761727339006,31004.47100410156,546853.5422,0.0,0.0,31004.47100410156,30915.774171546807,31305.148782357788,30585.761727339006,-0.00011644111979983122,-0.00026303018116977117,0.00014658906136993146,0.023590077370660285,1320.2223980000003,562052892.06,1320.2223980000003,1309.3556079999998,0.010917549962361214
2021-10-06,31004.471004101557,31004.47100410156,31004.471004101557,31004.47100410156,0.0,0.0,0.0,31004.47100410156,31004.471004101557,31004.47100410156,31004.471004101557,0.0,-7.882583474838612e-18,2.5957014315736155e-17,3.6148861681795085e-17,1328.204372,578924972.34,1328.204372,1320.2223980000003,0.005874623759585798
2021-10-07,31118.073341321608,31555.148546866698,30828.9540016358,31309.394435449212,501228.4844,0.0,0.0,31309.394435449212,31118.073341321608,31555.148546866698,30828.9540016358,0.012114545409251117,0.006423969743135213,0.005690575666115886,0.02550890301642134,1331.2938539999998,641940171.84,1332.9019440000002,1326.0115219999998,0.0022643448167884305
2021-10-08,31285.81364059986,31304.151452826136,31262.282971523764,31279.520660449212,2870.7,0.0,0.0,31279.520660449212,31285.81364059986,31304.151452826136,31262.282971523764,-0.001728091986002442,-0.001025325195346446,-0.0007027667906559837,0.0018057775929187225,1337.862658,588504997.96,1338.3012280000003,1331.2353780000003,0.004796998058548706
2021-10-11,31279.520660449212,31279.520660449212,31279.520660449212,31279.520660449212,0.0,0.0,0.0,31279.520660449212,31279.520660449212,31279.520660449212,31279.520660449212,0.0,5.773159728050811e-18,8.937295348232509e-18,2.9420910152566644e-17,1358.6801139999998,703133259.1800001,1359.2161440000004,1342.3165799999997,0.015048228350914763
2021-10-12,31617.782020737763,31976.108435515675,31178.881650698346,31705.616797753908,629242.834,0.0,0.0,31705.616797753908,31617.782020737763,31976.108435515675,31178.881650698346,0.00827445457480006,0.004878586577282905,0.0033958679975171708,0.026125484636861682,1359.3720799999999,689890102.0,1365.200188,1354.1384779999996,0.0004962304106287891
2021-10-13,31774.844476775805,32036.24600058588,31414.750703689628,31611.15308447265,656863.3186,0.0,0.0,31611.15308447265,31774.844476775805,32036.24600058588,31414.750703689628,-0.003351895584123604,0.0029028915802462966,-0.006254787164369918,0.020126651680028702,1356.5554860000002,592896448.0999999,1365.092982,1354.3139059999999,-0.0020214482380681185
2021-10-14,31611.15308447265,31611.15308447265,31611.15308447265,31611.15308447265,0.0,0.0,0.0,31611.15308447265,31611.15308447265,31611.15308447265,31611.15308447265,0.0,7.982503547054873e-18,1.1879386363489169e-18,1.834088436680758e-17,1356.49701,672710827.8000001,1363.1437819999996,1353.6121940000003,-4.20122424413694e-05
2021-10-15,31684.351348079355,32127.43749630313,31515.199105420397,31960.978164843753,580960.5459,0.0,0.0,31960.978164843753,31684.351348079355,32127.43749630313,31515.199105420397,0.013835010774840693,0.0041751006373078325,0.009659910137532871,0.0195337053368764,1357.3254199999997,724777663.2799999,1363.494638,1352.7448000000002,0.0005950045973179487
2021-10-18,31960.978164843753,31960.978164843753,31960.978164843753,31960.978164843753,0.0,0.0,0.0,31960.978164843753,31960.978164843753,31960.978164843753,31960.978164843753,0.0,1.676436767183985e-18,8.604228440844962e-18,2.0561330416057896e-17,1360.0835379999996,744625977.0399998,1367.0031980000003,1355.5516480000003,0.0019784013134679724
2021-10-19,31963.689465866584,32218.52835342077,31568.94653017225,31892.54639765625,528059.4269,0.0,0.0,31892.54639765625,31963.689465866584,32218.52835342077,31568.94653017225,0.006346447345077559,0.007769461755269329,-0.0014230144101917913,0.021210377358388453,1359.8886179999995,590562378.56,1364.1086360000002,1353.67067,-0.00013968454192159684
2021-10-20,31857.09140790408,32187.46007881966,31391.722642791607,31715.13313320312,630602.6102,0.0,0.0,31715.13313320312,31857.09140790408,32187.46007881966,31391.722642791607,-0.005683600688557576,-0.0023737836865344425,-0.0033098170020231317,0.027211695867526003,1358.3974799999999,783787939.0,1366.1552959999997,1341.19579,-0.0010692496581866779
2021-10-21,31773.89615916927,32213.404561191543,31421.949614077384,31771.215433105466,590119.1611000001,0.0,0.0,31771.215433105466,31773.89615916927,32213.404561191543,31421.949614077384,0.0017131960712751335,0.0019755356647759596,-0.000262339593500799,0.02356688577341776,1349.596842,664104719.9600002,1362.92937,1349.596842,-0.006334675018701613
2021-10-22,31864.218374657477,32226.252400174046,31521.846169252374,31934.447935839853,582026.2531999998,141.75,0.0,31934.447935839853,31864.218374657477,32226.252400174046,31521.846169252374,0.005717406255588402,0.0019168271472739698,0.0038005791083143992,0.022556898080788583,1353.9533040000001,727830987.62,1358.30002,1349.596842,0.0031409156928897397
2021-10-25,31934.447935839853,31934.447935839853,31934.447935839853,31934.447935839853,0.0,0.0,0.0,31934.447935839853,31934.447935839853,31934.447935839853,31934.447935839853,0.0,1.7141843500212412e-17,3.0864200084579327e-18,4.04565270173407e-17,1350.21084,846024628.0199999,1360.268712,1350.21084,-0.002697623035337456
2021-10-26,31941.36466515684,32002.441232619072,31819.897728854703,31953.11499433594,71770.071,0.0,0.0,31953.11499433594,31941.36466515684,32002.441232619072,31819.897728854703,0.0009369669033684121,0.0009369088228686524,5.8080499778330116e-08,0.007043842114839987,1356.2825980000002,685700978.8199999,1357.6470379999998,1342.5699759999998,0.004372850265309133
2021-10-27,31965.7227906552,32029.57298852691,31910.552885732584,32003.228213281254,114574.40079999999,0.0,0.0,32003.228213281254,31965.7227906552,32029.57298852691,31910.552885732584,0.0015905339653166472,0.0006811189541350663,0.0009094150111815961,0.004304043831511989,1386.8752920000002,779983587.9000001,1386.8752920000002,1360.3759180000002,0.02173908828374884
2021-10-28,32352.686429312052,32785.65115753152,32005.467582874622,32580.270078906244,639994.1203,23.842591924999997,0.0,32580.270078906244,32352.686429312052,32785.65115753152,32005.467582874622,0.01616966237045418,0.0081192616659249,0.008050400704529278,0.023238180323934512,1401.4845460000001,805727646.9000001,1404.0477440000004,1384.3413320000002,0.010212677030181135
2021-10-29,32582.743778098065,32801.24616746601,32130.949388068006,32493.84312695312,771171.3348,0.0,0.0,32493.84312695312,32582.743778098065,32801.24616746601,32130.949388068006,-0.001933474853605271,0.0003235811434616243,-0.002257055997066906,0.020792762019006057,1407.585542,922155896.8599999,1410.850452,1395.8123739999999,0.004233457952077737
2021-11-01,32493.84312695312,32493.84312695312,32489.125517350607,32493.84312695312,14.3506,0.0,0.0,32493.84312695312,32493.84312695312,32493.84312695312,32489.125517350607,0.0,1.3167245072054355e-17,-6.583622536027178e-18,0.00031626741633900235,1402.4201619999997,1065175815.4399998,1414.934026,1399.106522,-0.003583042561824614
2021-11-02,32515.038337484395,32907.73463154297,32184.61524516469,32907.73463154297,592274.6628000003,0.0,0.0,32907.73463154297,32515.038337484395,32907.73463154297,32184.61524516469,0.010932223968828864,-0.0017068974991280923,0.012639121467956982,0.02380899578255811,1415.567516,947462652.8400002,1415.567516,1402.283718,0.00909408105612425
2021-11-03,32747.009960713178,33137.91651642859,32079.564903796556,32570.933436816405,9806471.983500002,0.0,0.0,32570.933436816405,32747.009960713178,33137.91651642859,32079.564903796556,-0.015604301200174657,-0.004502099427260093,-0.01110220177291457,0.03244823316332519,1407.6147799999999,1418473480.82,1426.4537980000005,1407.6147799999999,-0.005490794567373024
2021-11-04,32452.830995636425,33038.50165782946,32194.703858018023,32810.57815791015,557118.5683,0.0,0.0,32810.57815791015,32452.830995636425,33038.50165782946,32194.703858018023,0.008206948837119884,-0.001663807396194085,0.009870756233313948,0.02468074647554782,1411.5521640000002,867742809.3400002,1415.0997080000002,1399.369664,0.0027223481388100918
2021-11-05,32831.60363672272,33505.66117613707,32539.222668925886,33309.13896572265,777223.9672000001,0.0,0.0,33309.13896572265,32831.60363672272,33505.66117613707,32539.222668925886,0.012222624240339614,0.003371760265038328,0.008850863975301295,0.029909298950038455,1419.5146459999999,823046971.12,1422.4189540000004,1407.819446,0.005482212847814755
2021-11-08,33518.789327465194,34000.9148661211,33133.98201328358,33635.44600800781,681671.9085999998,0.0,0.0,33635.44600800781,33518.789327465194,34000.9148661211,33133.98201328358,0.010963867275625537,0.006638077528092663,0.004325789747532818,0.027080120187349472,1430.293722,980763272.9399998,1433.139554,1419.5146459999999,0.007372662446898367
2021-11-09,33699.70319280758,33977.932999990684,33245.14828322296,33634.68942880859,586062.463,0.0,0.0,33634.68942880859,33699.70319280758,33977.932999990684,33245.14828322296,0.0014213537926783017,0.0025294397012859122,-0.001108085908607616,0.022558395323469933,1424.3779,978156607.7799999,1436.75532,1420.547722,-0.0040393916626258524
2021-11-10,33592.882348735075,33896.29513117095,33177.52181560295,33591.37525009766,598058.1934000002,0.0,0.0,33591.37525009766,33592.882348735075,33896.29513117095,33177.52181560295,-0.0018122611199422021,-0.0008219019143689414,-0.0009903592055732638,0.02136026969114882,1427.8084919999997,930899520.76,1432.8471740000002,1420.947308,0.0023444867312451814
2021-11-11,33554.04564849953,33866.28582959716,33024.683063921904,33366.8700930664,870375.9845999999,0.0,0.0,33366.8700930664,33554.04564849953,33866.28582959716,33024.683063921904,-0.006266286778768845,-0.0016045466137897695,-0.0046617401649790835,0.02525042760134191,1425.2063099999996,1175500632.9,1435.478594,1412.3708280000003,-0.0017778297390348256
2021-11-12,33314.60114444065,33695.677839840755,32979.88836997475,33412.48983671874,601193.7013,0.0,0.0,33412.48983671874,33314.60114444065,33695.677839840755,32979.88836997475,0.0010624964673832972,-0.0028797381723275886,0.0039422346397109,0.021532934544700105,1435.946402,886268103.5999998,1437.1159220000002,1416.3082120000001,0.007316871122397461
2021-11-15,33559.27258847139,33865.65723072565,33069.9065700116,33367.486368750004,702673.8750000002,0.0,0.0,33367.486368750004,33559.27258847139,33865.65723072565,33069.9065700116,0.00015310409738389776,0.0036959273834688473,-0.003542823286084953,0.024547032282284824,1439.0651219999995,1117111469.76,1444.318216,1428.773346,0.002114430275387858
2021-11-16,33322.745908467645,33762.06349736914,32865.825681598006,33446.3465765625,759879.9632999998,0.0,0.0,33446.3465765625,33322.745908467645,33762.06349736914,32865.825681598006,0.0010169657412830986,-0.001476074654587454,0.0024930403958705245,0.025503689573587496,1429.2021700000003,1128004379.0399997,1439.4549619999998,1422.0193679999998,-0.006702632584466379
2021-11-17,33407.5590128951,33861.39476788983,33171.79573559266,33648.209800683595,719684.4297999999,0.0,0.0,33648.209800683595,33407.5590128951,33861.39476788983,33171.79573559266,0.0037232356676082227,-0.0015502272403204063,0.00527346290792863,0.020589883873709396,1438.3634099999997,807581920.8599999,1439.5231840000001,1427.574588,0.006227285571568051
2021-11-18,33786.53603949314,34048.09246458598,33288.17263065916,33602.23634326171,793407.9961000001,0.0,0.0,33602.23634326171,33786.53603949314,34048.09246458598,33288.17263065916,0.0001862822313655487,0.004536328396122268,-0.004350046164756693,0.022069489319908753,1432.4963179999997,1025474997.1400001,1445.2051019999997,1432.4963179999997,-0.003983528535459763
2021-11-19,33513.17660328053,33953.212235656385,32721.339791364517,33205.262886621094,870395.5697999999,0.0,0.0,33205.262886621094,33513.17660328053,33953.212235656385,32721.339791364517,-0.01122252739680033,-0.0013391582757801015,-0.009883369121020249,0.03687354010329559,1415.4603100000004,1450478602.1748,1443.899138,1400.3150259999998,-0.011659932790265242
2021-11-22,33080.49856187517,33560.64246892328,32383.147951238017,32756.22029726562,742612.8018000001,0.0,0.0,32756.22029726562,33080.49856187517,33560.64246892328,32383.147951238017,-0.015528524650306559,-0.005645597279542673,-0.009882927370763891,0.0360028600765951,1410.4898500000004,1178699757.4,1429.2119160000004,1406.2016099999998,-0.0034283798631175684
2021-11-23,32634.023046882605,33382.57170643752,32339.77170025297,33191.12055898437,502449.8561,0.0,0.0,33191.12055898437,32634.023046882605,33382.57170643752,32339.77170025297,0.012353313661945142,-0.005973066547470676,0.01832638020941582,0.03370051391340677,1426.4537980000005,818542467.38,1426.4537980000005,1401.8743860000002,0.010968584416091113
2021-11-24,33314.16677656591,33940.526642712735,32732.604851966877,33510.52870478515,703498.5739,0.0,0.0,33510.52870478515,33314.16677656591,33940.526642712735,32732.604851966877,0.010508248989567948,0.0030246775321158713,0.007483571457452056,0.03876707412255533,1451.052702,1045975708.1400001,1453.1773300000002,1430.0208340000001,0.016663507709439692
2021-11-25,33467.42817521458,33791.98020663068,32943.73725040869,33474.78010302734,769185.6303000002,0.0,0.0,33474.78010302734,33467.42817521458,33791.98020663068,32943.73725040869,-0.0009166311891344853,-0.0029369255352207644,0.0020202943460862883,0.025695124282688546,1462.6894260000001,928889700.6400001,1467.1238559999997,1452.465872,0.007784636395178551
2021-11-26,33284.606332102696,33631.92593811387,32753.249427590086,32957.05086865234,600615.2762999999,0.0,0.0,32957.05086865234,33284.606332102696,33631.92593811387,32753.249427590086,-0.01162734257417417,-0.00528426045952952,-0.006343082114644646,0.025072073944172255,1455.107038,946574987.16,1473.283328,1451.0137180000002,-0.005065337538566958
2021-11-29,32475.21955898508,33373.777613296355,32157.50446933948,32944.48574677734,601308.2421,10.0,0.0,32944.48574677734,32475.21955898508,33373.777613296355,32157.50446933948,0.0013330210104182598,-0.014886714115125252,0.0162197351255435,0.03513134848774106,1447.1250639999996,958101971.1999999,1451.1111780000003,1430.0793100000003,-0.005360874803488135
2021-11-30,32970.85072790433,33555.001795895085,32460.076300946526,33033.35347744141,670591.7942,0.0,0.0,33033.35347744141,32970.85072790433,33555.001795895085,32460.076300946526,0.003768945218598352,0.0012479266012929903,0.0025210186173053734,0.030276770766514575,1440.8876240000004,932175564.5399997,1464.911514,1434.192122,-0.004209828094826057
2021-12-01,32970.461795275645,33307.47670093774,32513.30148422393,32983.85638730469,396966.13010000007,0.0,0.0,32983.85638730469,32970.461795275645,33307.47670093774,32513.30148422393,-0.0029603133217716614,-0.0029294666364077454,-3.084668536390778e-05,0.023311986208888705,1447.4661740000001,816277984.2799999,1449.8929279999998,1433.92898,0.004439529479377286
2021-12-02,32884.528038187906,33320.87546626371,32629.80349793291,32940.00791240234,407707.21510000003,0.0,0.0,32940.00791240234,32884.528038187906,33320.87546626371,32629.80349793291,1.589519583724739e-05,-0.0033919679706558,0.003407863166493045,0.021562600648222956,1444.40593,726690413.24,1455.896464,1444.40593,-0.002062687980967794
2021-12-03,32955.15848486904,33048.814162838324,32264.27054317894,32403.930214062497,475929.87850000005,17.85,0.0,32403.930214062497,32955.15848486904,33048.814162838324,32264.27054317894,-0.015975587841089118,0.0010356637110440123,-0.017011251552133146,0.024274999183157803,1406.659672,901724479.92,1453.3235200000006,1406.659672,-0.025807650741748216
2021-12-06,32398.008229412415,32629.524684167172,31357.40394671521,31572.623766406254,650806.1461,0.0,0.0,31572.623766406254,32398.008229412415,32629.524684167172,31357.40394671521,-0.023327091265481836,-0.0017064775645668278,-0.021620613700915017,0.03744379842439275,1377.6750679999998,927638996.4600002,1415.6552299999998,1365.287902,-0.020291680525793408
2021-12-07,31543.68221472305,32445.10943625799,31284.92443945717,32134.14766416015,445928.53229999985,0.0,0.0,32134.14766416015,31543.68221472305,32445.10943625799,31284.92443945717,0.015413674804456726,0.0017393297864235155,0.0136743450180332,0.03760233767490464,1410.0220419999996,674126824.1400001,1410.0220419999996,1385.4913600000002,0.022618508823271634
2021-12-08,32254.14078146575,32528.915613373876,31892.594552167706,32198.21361083984,434891.4052999999,0.0,0.0,32198.21361083984,32254.14078146575,32528.915613373876,31892.594552167706,0.0008467994977009769,0.003722495054822541,-0.002875695557121589,0.020129658711887606,1415.9671019999994,713416361.24,1423.1888880000001,1410.0220419999996,0.004100556462293595
2021-12-09,32098.075451026583,32598.253198097063,31901.720900956345,32438.878029980468,497809.11059999984,0.0,0.0,32438.878029980468,32098.075451026583,32598.253198097063,31901.720900956345,0.008144543578109419,-0.0032973505206997347,0.011441894098809137,0.02176030261982919,1430.6933079999997,615227457.9000001,1430.6933079999997,1410.1292480000002,0.010083597149610712
2021-12-10,32333.6801567373,32802.67406477719,32022.717307279163,32479.091753710938,475947.7673,0.0,0.0,32479.091753710938,32333.6801567373,32802.67406477719,32022.717307279163,0.002951125016954314,-0.001987819827409496,0.004938944844363798,0.025235557005543374,1426.366084,760305049.4600002,1438.3634099999997,1432.350128,-0.0029522072568415056
2021-12-13,32488.851631945632,32841.328657145496,32193.27890088933,32530.165860351564,378720.19810000004,0.0,0.0,32530.165860351564,32488.851631945632,32841.328657145496,32193.27890088933,0.0010388050279298677,-0.0003129187947717383,0.0013517238227015666,0.020655802293668736,1438.7142659999997,794450257.9199998,1444.0648199999998,1432.7399679999999,0.008400890182712357
2021-12-14,32553.495506569547,32896.75844476946,32120.342370277656,32510.8607243164,534189.0332000001,0.0,0.0,32510.8607243164,32553.495506569547,32896.75844476946,32120.342370277656,0.0005341942994757306,-0.00047361403131150685,0.001007808330787224,0.024069227297472216,1438.5290920000002,891559889.2200001,1447.4174440000006,1431.892066,-0.00012544686576298285
2021-12-15,32501.21505475677,32775.982184884524,32154.07193955164,32512.450446972656,410809.0466,0.0,0.0,32512.450446972656,32501.21505475677,32775.982184884524,32154.07193955164,-0.0004989381813817266,-0.0004632469980830294,-3.569118329870272e-05,0.019695445306279844,1438.0223,839602598.7799999,1444.0355820000002,1430.9174659999999,-0.00034341085626624106
2021-12-16,32550.908070674515,32899.014126311464,32160.998986470167,32444.842671484377,457377.14710000006,19.95,0.0,32444.842671484377,32550.908070674515,32899.014126311464,32160.998986470167,-0.0010460516443439446,0.0005982279398918386,-0.001644279584235777,0.02143070812825832,1439.104106,867016537.4199998,1444.669072,1431.63867,0.0007329036187547219
2021-12-17,32475.662865417657,32708.26839562168,32053.711220638746,32430.406727636717,494420.49429999996,0.0,0.0,32430.406727636717,32475.662865417657,32708.26839562168,32053.711220638746,-0.00099606734188843,0.0007596324482148232,-0.0017556997901032614,0.02004838953231169,1442.2033340000003,1038260969.4600002,1449.9416580000002,1442.2033340000003,0.0020966237283553033
2021-12-20,32434.081101039526,32626.045834136203,31923.89712364234,32185.222579003905,466099.45629999996,0.0,0.0,32185.222579003905,32434.081101039526,32626.045834136203,31923.89712364234,-0.006146708387303969,0.00024576890432245844,-0.006392477291626427,0.021956418448742507,1439.8058179999998,883835404.5399997,1446.16021,1431.5704480000002,-0.001621521313345828
2021-12-21,32107.366457064527,32374.61549647789,31726.812818086237,32019.018934277345,529959.6521000001,0.0,0.02616,32019.018934277345,32107.366457064527,32374.61549647789,31726.812818086237,-0.0033448806871342438,-0.00368193731354753,0.00033705662641330254,0.02081018504484821,1441.1800039999998,844414004.0600002,1448.3433139999997,1435.0302780000002,0.000929738540843673
2021-12-22,32100.79052247775,32392.96519336661,31722.421674292546,31917.353850097654,675396.7064000001,0.0,0.0,31917.353850097654,32100.79052247775,32392.96519336661,31722.421674292546,-0.0026387827557206203,0.003005772347371335,-0.00564455510309196,0.021076675667716614,1440.137182,1004904017.4800001,1451.413304,1434.4552639999997,-0.0007054651049975949
2021-12-23,31858.99424224254,32104.64913770949,31128.812827466394,31677.993698828126,664561.4109999998,0.0,0.0,31677.993698828126,31858.99424224254,32104.64913770949,31128.812827466394,-0.0073612356818524745,-0.002763443576797688,-0.004597792105054763,0.030388808713124493,1419.953216,1182346418.2200003,1443.587266,1410.382644,-0.013755942713377756
2021-12-24,31534.187894053302,32062.087853405676,31308.054121714697,31826.38515009766,413423.3136,0.0,0.0,31826.38515009766,31534.187894053302,32062.087853405676,31308.054121714697,0.004546377166803541,-0.004302507469157617,0.00884888463596113,0.02382179959843568,1439.5134380000002,833291673.9399998,1441.2384799999998,1419.3294720000001,0.01333373808363198
2021-12-27,31755.73556986833,32218.044354589307,31409.1600733769,31962.043675683595,314901.9129,0.0,0.0,31962.043675683595,31755.73556986833,32218.044354589307,31409.1600733769,0.004034847311184494,-0.001778522528779499,0.005813369839963978,0.025415206571340984,1451.062448,697642557.6999998,1452.2709519999999,1432.5742859999996,0.0077878772139110064
2021-12-28,31955.786273915925,32255.456495288166,31573.055913013985,32052.52051845703,391483.9709,121.05,0.0,32052.52051845703,31955.786273915925,32255.456495288166,31573.055913013985,0.0021633825501361976,-0.0009277758040849735,0.003091158354221184,0.021727936317638034,1456.4324940000001,909871648.6199999,1461.6758419999999,1446.2771619999999,0.0036001113585198852
2021-12-29,31979.635084277088,32424.425360347832,31638.2090702989,31981.229862597655,308359.2115000001,9.72350245,0.0,31981.229862597655,31979.635084277088,32424.425360347832,31638.2090702989,-0.0030279557975327527,-0.00225821637932926,-0.0007697394182035139,0.02488863266618835,1448.0801719999997,773608047.0800002,1460.837686,1448.0801719999997,-0.005605205688651892
2021-12-30,31980.12190293629,32347.503185310525,31600.057507054742,32124.18723417969,289642.8657,0.0,0.0,32124.18723417969,31980.12190293629,32347.503185310525,31600.057507054742,0.0048105535656271506,0.00014340895852950103,0.004667144607097657,0.024124480247822617,1448.2263619999999,705966323.9199998,1455.448148,1447.105572,9.838514842848558e-05
2021-12-31,32026.000367462268,32607.496145137357,31632.15307783047,32132.54038408203,392040.52570000006,0.0,0.0,32132.54038408203,32026.000367462268,32607.496145137357,31632.15307783047,-0.0017308187880130462,-0.00236451664097862,0.0006336978529655732,0.026921658375902702,1460.223688,825032328.7799999,1460.993622,1451.871366,0.008040475193219421
2022-01-03,32132.540384082036,32132.540384082036,32132.540384082036,32132.540384082036,0.0,0.0,0.0,32132.540384082036,32132.540384082036,32132.540384082036,32132.540384082036,0.0,2.7466917629226368e-17,-1.2068124277675454e-17,3.079758670310184e-17,1460.223688,825032328.78,1460.9936219999995,1451.871366,0.0
2022-01-04,32116.050973559773,32634.593262011716,31807.99472677122,32344.285788769528,546350.089,0.0,0.0,32344.285788769528,32116.050973559773,32634.593262011716,31807.99472677122,0.006043202865949133,0.0002995947159580217,0.0057436081499911504,0.026348606404496853,1486.8302679999997,818348716.9000001,1487.9120740000003,1468.9073740000003,0.017598237300152926
2022-01-05,32395.953319939283,32683.88346729902,32046.25850911835,32394.43033173828,503104.65789999993,12.644628083999999,0.0,32394.43033173828,32395.953319939283,32683.88346729902,32046.25850911835,0.0005042360788578091,0.0007352377151216516,-0.000231001636263842,0.02097983149129721,1483.8285,961953395.4800003,1496.8101719999997,1483.8285,-0.001969613016493214
2022-01-06,32273.548045964133,32577.088873181507,31949.61037144285,32170.580973535154,384457.48439999996,0.0,0.0,32170.580973535154,32273.548045964133,32577.088873181507,31949.61037144285,-0.005743574153124019,-0.0034025048367133095,-0.002341069316410694,0.01932867793587398,1489.7443220000002,1059623909.08,1497.219504,1479.6182280000003,0.003877872225094979
2022-01-07,32163.380228487233,32433.521296786796,31639.107799800335,32103.403702539064,458343.95920000004,68.0,0.0,32103.403702539064,32163.380228487233,32433.521296786796,31639.107799800335,0.00042062924119173515,0.00021732022857331708,0.00020330901261838582,0.02477279309065773,1489.6566079999998,927356654.8400002,1495.5431919999994,1486.226016,-5.7384733664992214e-05
2022-01-10,32094.392013174984,32288.168368748004,31446.385067034753,31735.63811142578,635628.1418999999,0.0,0.0,31735.63811142578,32094.392013174984,32288.168368748004,31446.385067034753,-0.010925638049549,-0.0022943326952438894,-0.00863130535430508,0.02648567917104296,1465.515766,1179791601.78,1497.42417,1465.515766,-0.01592339465312893
2022-01-11,31664.57764107888,31915.506746883584,31243.442978632465,31573.017120312506,537105.5875,0.0,0.0,31573.017120312506,31664.57764107888,31915.506746883584,31243.442978632465,-0.0051287309924744106,-0.0021443465006031584,-0.002984384491871237,0.021137152559327133,1454.4053259999996,1128214502.8,1473.6439299999997,1450.59464,-0.007416835415581703
2022-01-12,31559.517675713607,31864.461836965216,30921.84793901764,31583.589057910147,470285.7715,0.0,0.0,31583.589057910147,31559.517675713607,31864.461836965216,30921.84793901764,-0.00196521957432908,-0.0010528266119035287,-0.0009123929624255523,0.030387463304646645,1472.143046,1076553198.38,1472.143046,1427.2919539999998,0.011814186135190039
2022-01-13,31723.921648006777,31973.619635773463,31172.299701772048,31591.758899902346,393828.42590000003,4.7,0.0,31591.758899902346,31723.921648006777,31973.619635773463,31172.299701772048,-0.0008675951593016718,0.0041936825218107585,-0.005061277681112414,0.02470432616802873,1458.0503300000003,952297058.6799998,1483.92596,1457.1536980000003,-0.009374717059798074
2022-01-14,31406.23366294545,31757.96501256114,31076.582285835062,31454.68194609376,211082.9826,50.0,0.0,31454.68194609376,31406.23366294545,31757.96501256114,31076.582285835062,-0.004043858961044114,-0.005110661602478376,0.001066802641434274,0.022216502108636987,1458.021092,715442652.0999999,1465.06745,1439.1723279999999,-1.9543660409640466e-05
2022-01-17,31426.773646406513,31689.487187916777,30494.635671943095,30711.120274316414,461165.18649999995,91.65,0.0,30711.120274316414,31426.773646406513,31689.487187916777,30494.635671943095,-0.022996059013240047,-0.00020580632709362866,-0.022790252686146418,0.03811087916020698,1415.9378639999998,902955107.3400002,1465.6619560000001,1415.9378639999998,-0.028544072053563827
2022-01-18,30498.60885747251,31023.564347610987,30111.935103223266,30620.18411669922,420448.60979999986,0.0,0.0,30620.18411669922,30498.60885747251,31023.564347610987,30111.935103223266,-0.003566582371482637,-0.006778342659422488,0.003211760287939843,0.03141098968413544,1402.3909240000003,673534169.8799999,1415.255644,1388.4638900000002,-0.009369346446694803
2022-01-19,30557.4069502734,31128.21969963698,30332.365336302424,30904.444796582036,243422.39589999994,0.0,0.0,30904.444796582036,30557.4069502734,31128.21969963698,30332.365336302424,0.008825768755616116,-0.0013129049218474844,0.010138673677463586,0.025523396623685243,1406.143134,543822609.22,1412.3026059999997,1398.0247160000001,0.002604138647581336
2022-01-20,30927.30905415453,31539.281807633863,30588.964038863818,31224.406621875005,322928.1923,0.0,0.05562,31224.406621875005,30927.30905415453,31539.281807633863,30588.964038863818,0.009103113808868727,-0.0021424438457781888,0.011245557654646911,0.032624469331764994,1428.0813800000003,743083185.2400002,1431.765368,1396.1924680000004,0.015088036586780979
2022-01-21,31226.595624352005,31435.894339416976,30693.631341384684,31015.81526396484,236791.41259999998,0.0,0.0,31015.81526396484,31226.595624352005,31435.894339416976,30693.631341384684,-0.007275203860105554,-0.00017025569243440933,-0.007104948167671154,0.023503381343656343,1435.478594,764641824.5399998,1439.708358,1425.8982759999994,0.005035229480759891
2022-01-24,31047.192620048132,31189.95576084448,30409.779221008434,30619.425698632815,362442.8479,0.0,0.0,30619.425698632815,31047.192620048132,31189.95576084448,30409.779221008434,-0.008812244446093787,0.0030712923577161377,-0.011883536803809915,0.024598421456074503,1403.1413659999998,776439942.3,1430.7030540000003,1395.8026280000004,-0.022206020025842287
2022-01-25,30349.868366912644,30996.99598296671,30120.098549888156,30686.04529140625,269549.24490000005,0.0,0.0,30686.04529140625,30349.868366912644,30996.99598296671,30120.098549888156,0.0005293915417213361,-0.009278889797386452,0.00980828133910777,0.026059837873088507,1441.9986679999997,688157555.5800002,1441.9986679999997,1388.181256,0.02662271869421584
2022-01-26,30831.87579119827,31064.248216943975,30321.55580779742,30728.66210429688,306291.5081999999,0.0,0.0,30728.66210429688,30831.87579119827,31064.248216943975,30321.55580779742,0.001902908401479765,0.005216171843651426,-0.0033132634421716785,0.023264821026398735,1443.947868,748080154.36,1452.5925699999998,1440.8583859999999,0.0013165112971912345
2022-01-27,30735.386316426317,31006.350951211974,30206.54222348416,30683.20723193359,261077.20859999998,0.0,0.0,30683.20723193359,30735.386316426317,31006.350951211974,30206.54222348416,-0.0036661770559107618,-0.0005651663273530127,-0.0031010107285577857,0.025091144158610537,1433.4026959999999,408870624.36,1448.635694,1426.872876,-0.007143634684741971
2022-01-28,30652.11190604598,31180.562284704785,30416.075311361343,31080.300094042967,343605.6947000001,0.0,0.0,31080.300094042967,30652.11190604598,31180.562284704785,30416.075311361343,0.012469681050972877,-0.0006007237854805998,0.013070404836453489,0.025529570641995646,1441.3944159999996,647060622.78,1446.7742079999994,1428.003412,0.005418643523262578
2022-01-31,31080.300094042967,31080.300094042967,31080.300094042967,31080.300094042967,0.0,0.0,0.0,31080.300094042967,31080.300094042967,31080.300094042967,31080.300094042967,0.0,0.0,0.0,0.0,1441.3944159999996,647060622.78,1446.7742079999994,1428.003412,0.0
2022-02-01,31080.300094042967,31080.300094042967,31080.300094042967,31080.300094042967,0.0,0.0,0.0,31080.300094042967,31080.300094042967,31080.300094042967,31080.300094042967,0.0,0.0,0.0,0.0,1441.3944159999996,647060622.78,1446.7742079999994,1428.003412,0.0
2022-02-02,31080.300094042967,31080.300094042967,31080.300094042967,31080.300094042967,0.0,0.0,0.0,31080.300094042967,31080.300094042967,31080.300094042967,31080.300094042967,0.0,0.0,0.0,0.0,1441.3944159999996,647060622.78,1446.7742079999994,1428.003412,0.0
2022-02-03,31080.300094042967,31080.300094042967,31080.300094042967,31080.300094042967,0.0,0.0,0.0,31080.300094042967,31080.300094042967,31080.300094042967,31080.300094042967,0.0,0.0,0.0,0.0,1441.3944159999996,647060622.78,1446.7742079999994,1428.003412,0.0
2022-02-04,31080.300094042967,31080.300094042967,31080.300094042967,31080.300094042967,0.0,0.0,0.0,31080.300094042967,31080.300094042967,31080.300094042967,31080.300094042967,0.0,0.0,0.0,0.0,1441.3944159999996,647060622.78,1446.7742079999994,1428.003412,0.0
2022-02-07,31484.371944946262,32004.8029201396,31064.80660927877,31640.047170507816,262750.542,0.0,0.0,31640.047170507816,31484.371944946262,32004.8029201396,31064.80660927877,0.017197298180130532,0.012322352831140906,0.004874945348989634,0.028372357536093868,1459.6194359999997,537685065.72,1467.4454740000003,1455.945194,0.01224560727888643
2022-02-08,31756.39411623235,32327.03048292771,31379.028580401286,31979.131041113284,344737.5136,0.0,0.0,31979.131041113284,31756.39411623235,32327.03048292771,31379.028580401286,0.008598274179313303,0.0020735033219425342,0.0065247708573707664,0.02777695940941751,1462.864854,679518506.2599998,1465.1454179999996,1453.888788,0.0021645869535254327
2022-02-09,32036.35570220595,32297.1377824074,31685.27019079719,32044.410191015628,325568.1907999999,0.0,0.0,32044.410191015628,32036.35570220595,32297.1377824074,31685.27019079719,0.002909022876316199,0.0026749242671004463,0.00023409860921573392,0.018478053830085807,1467.143348,735031722.2599998,1473.322312,1461.4419380000002,0.0028462877430163722
2022-02-10,32088.203843267933,32368.947829341836,31519.536305496593,32019.217886621085,353468.7786000001,0.0,0.0,32019.217886621085,32088.203843267933,32368.947829341836,31519.536305496593,-0.0010855275069638433,0.0006936195895315004,-0.0017791470964953781,0.023955663993210204,1468.5175339999998,612962974.8,1474.452848,1457.7092199999997,0.0009124226722727115
2022-02-11,31910.006319694905,32416.200038970117,31687.452066522797,32203.045269335937,337188.41829999996,0.0,0.0,32203.045269335937,31910.006319694905,32416.200038970117,31687.452066522797,0.006572465463484418,-0.0025195357284354563,0.009092001191919868,0.022993725163851602,1463.5665660000004,562741057.12,1470.223084,1460.983876,-0.003291323054947526
2022-02-14,31926.840675428968,32813.46761180711,31603.685178173397,32502.209773828126,425746.82910000003,0.0,0.0,32502.209773828126,31926.840675428968,32813.46761180711,31603.685178173397,0.00760727917074792,-0.006462865958352221,0.01407014512910013,0.03135511814448274,1434.5722160000003,732474176.9400003,1457.991854,1434.5722160000003,-0.019501368612626947
2022-02-15,32502.209773828126,32502.209773828126,32502.209773828126,32502.209773828126,0.0,0.0,0.0,32502.209773828126,32502.209773828126,32502.209773828126,32502.209773828126,0.0,3.3417713041217183e-18,1.7796875084741256e-17,4.227729277772595e-17,1454.8341500000001,557623335.06,1457.5727759999995,1432.720476,0.013668970075859413
2022-02-16,32617.015276893042,32910.16011067575,32202.80331254858,32598.85724013672,340461.2941,0.0,0.0,32598.85724013672,32617.015276893042,32910.16011067575,32202.80331254858,0.0020773542248497035,0.0010191710782182116,0.0010581831466315037,0.021084995908340197,1454.2006599999995,601510742.5800002,1461.4126999999999,1448.9183280000002,-0.00042447024809547687
2022-02-17,32515.91265945811,33096.98833086684,32258.512628317294,32917.224739843754,431216.1374000001,0.0,0.0,32917.224739843754,32515.91265945811,33096.98833086684,32258.512628317294,0.007507198121050404,-0.003559216797022487,0.0110664149180729,0.024179577343992047,1469.6870539999995,573173272.9799999,1469.6870539999995,1454.580754,0.010324049488968593
2022-02-18,32700.959039159072,33253.95566282785,32469.38363096155,33089.70378125,491558.0718,56.7,0.0,33089.70378125,32700.959039159072,33253.95566282785,32469.38363096155,0.00429422915290453,-0.005637175122471922,0.009931404275376459,0.022476863449299125,1466.617064,655455339.8799999,1469.004834,1454.4735480000002,-0.0020379451337338627
2022-02-21,33027.856173411856,33512.72685667186,32785.004850242316,33244.36999140626,499147.1893000001,0.0,0.0,33244.36999140626,33027.856173411856,33512.72685667186,32785.004850242316,0.005476439182208735,-0.0007156424236475049,0.006192081605856233,0.02225422722140302,1472.464664,718955987.6400002,1478.1075980000003,1462.8453619999998,0.003878135422823682
2022-02-22,33024.323861432575,33421.26799118078,32465.9522219771,33200.33525771484,560996.7123,0.0,0.0,33200.33525771484,33024.323861432575,33421.26799118078,32465.9522219771,-0.003731773078115364,-0.007276359480009635,0.003544586401894278,0.024796343450501433,1465.2818619999998,853148954.0199999,1468.1179479999998,1447.0958259999998,-0.004765811288877382
2022-02-23,33248.122773850475,33737.782989888205,33006.91941465616,33424.88819042969,556364.0092,0.0,0.0,33424.88819042969,33248.122773850475,33737.782989888205,33006.91941465616,0.00630919366447098,0.0017718553773485102,0.004537338287122472,0.02120028348746373,1473.8875800000003,643397101.3799999,1482.152188,1469.082802,0.005707161084535922
2022-02-24,33207.321406423136,33626.91147383441,32534.029661864453,33202.622975585946,580972.2899999999,0.0,0.0,33202.622975585946,33207.321406423136,33626.91147383441,32534.029661864453,-0.008483394907275966,-0.004892496144855715,-0.003590898762420254,0.031872322684574794,1456.8808099999999,951736078.92,1474.8134499999996,1436.3264960000001,-0.011311016007192904
2022-02-25,33244.66243224983,33745.50240723613,32998.488216623635,33452.16253925781,631564.7774,0.0,0.0,33452.16253925781,33244.66243224983,33745.50240723613,32998.488216623635,0.0078361170347195,0.0015096349615827053,0.006326482073136793,0.021556434983016695,1460.8181940000002,717354719.8400002,1473.6439299999997,1460.8181940000002,0.0026304130553290277
2022-02-28,33411.98300983559,33786.74312959559,33070.917959388666,33585.24333955079,515701.18350000016,0.0,0.0,33585.24333955079,33411.98300983559,33786.74312959559,33070.917959388666,0.004010531192272135,-0.0016930747150506096,0.005703605907322765,0.02092188664690637,1452.280698,675604805.04,1464.2000560000001,1449.7857220000003,-0.005712588369047665
2022-03-01,33657.917500491436,33923.58097490527,33206.06901097716,33554.80790185547,462680.3308000001,0.0,0.0,33554.80790185547,33657.917500491436,33923.58097490527,33206.06901097716,0.00021508112832912402,0.0013481410182609197,-0.001133059889931803,0.020980100670867457,1460.710988,776140837.5599997,1463.586058,1453.5964080000003,0.005641062150318891
2022-03-02,33441.83533044938,33777.13880526148,33028.758968781185,33459.31110595704,492472.83700000006,51.00000000000001,0.0,33459.31110595704,33441.83533044938,33777.13880526148,33028.758968781185,-0.004516194706157506,-0.004042891292108949,-0.0004733034140485507,0.021889007677059244,1447.787792,891717287.1200002,1462.2995859999999,1441.9694299999996,-0.008660845790567535
2022-03-03,33461.64754798346,34190.184630292344,33156.07622108687,33897.15423847656,747046.7192999999,0.0,0.0,33897.15423847656,33461.64754798346,34190.184630292344,33156.07622108687,0.012326739867142712,-0.0005534800163124025,0.01288021988345508,0.030962793282217276,1466.7729999999997,879852701.6400002,1466.7729999999997,1449.9026740000002,0.012697107210813765
2022-03-04,33911.57235946465,34272.23656856809,33373.19021732638,33720.71280468749,574581.2849,0.0,0.0,33720.71280468749,33911.57235946465,34272.23656856809,33373.19021732638,-0.0009136475266441655,0.001613704600736718,-0.0025273521273808937,0.024859275408655353,1467.0946180000003,851141278.0199999,1470.8565740000001,1463.2546939999997,0.00021367624233115836
2022-03-07,33482.345507762526,34022.8495203407,33031.335544160844,33588.909624804684,704219.8872,0.0,0.0,33588.909624804684,33482.345507762526,34022.8495203407,33031.335544160844,-0.002718695411968914,-0.004840536324000418,0.002121840912031469,0.027108636467643183,1460.97413,917832181.42,1467.084872,1455.925702,-0.0040743826773303425
2022-03-08,33337.54985496494,33914.89662080461,32824.97694809289,33170.37686611328,837528.6902000001,0.0,0.0,33170.37686611328,33337.54985496494,33914.89662080461,32824.97694809289,-0.011187476355119894,-0.006996483864589646,-0.004190992490530255,0.029484225688081744,1436.2777660000002,887561007.9599998,1460.97413,1436.2777660000002,-0.01661551027963142
2022-03-09,33158.86967558463,33896.96319429996,32688.470476068534,33435.09398056641,706849.9489999998,0.0,0.0,33435.09398056641,33158.86967558463,33896.96319429996,32688.470476068534,0.006071762647999757,-0.0004885304707933519,0.0065602931187931125,0.03284058505514391,1436.3070039999998,865788443.9599998,1445.1953560000002,1425.64488,1.9839522299520654e-05
2022-03-10,33475.449993285874,34220.370421064865,33192.728034850654,33675.5783522461,410703.40760000004,0.0,0.0,33675.5783522461,33475.449993285874,34220.370421064865,33192.728034850654,0.00698351295557367,0.002854292211309754,0.004129220744263903,0.028064783673276292,1441.511368,613113258.12,1450.7798139999998,1439.250296,0.003525016542533713
2022-03-11,33620.40977215865,34076.03117332187,33201.668573008625,33562.89095126953,604668.5728,0.0,0.0,33562.89095126953,33620.40977215865,34076.03117332187,33201.668573008625,-0.002870752627143542,-0.0021633402422664223,-0.0007074123848770914,0.02349954985093685,1429.289884,833910350.0199999,1442.6906340000005,1421.824448,-0.008298122522762604
2022-03-14,33373.88530891473,33662.18457747723,32625.69606899051,33110.654958593754,561354.5738,0.0,0.0,33110.654958593754,33373.88530891473,33662.18457747723,32625.69606899051,-0.011996618411447479,-0.005511373686709407,-0.006485244724738045,0.028765875338781968,1409.51525,795168440.6599998,1429.289884,1402.634574,-0.013578015476182514
2022-03-15,32995.92351654816,33415.43602511244,32411.573851601755,32981.419722656254,505504.17520000006,0.0,0.0,32981.419722656254,32995.92351654816,33415.43602511244,32411.573851601755,-0.0026565715128821954,-0.0023084586937273345,-0.00034811281915486674,0.027099691086471204,1415.840404,625346729.7,1416.1620219999998,1400.7633419999997,0.004363702232079519
2022-03-16,32979.67639787387,33615.391107191484,32773.85691138114,33285.23028681641,475531.60199999996,0.0,0.0,33285.23028681641,32979.67639787387,33615.391107191484,32773.85691138114,0.007074703673548198,0.0008029809315714571,0.00627172274197675,0.022975754760995278,1422.2630179999996,530828267.4200001,1425.8203080000003,1416.9806859999999,0.004411037484503947
2022-03-17,33369.29121966771,33553.548033783816,32878.76464652508,33235.05993427734,366174.32259999996,89.829108354,0.0,33235.05993427734,33369.29121966771,33553.548033783816,32878.76464652508,-0.0009282649459924453,0.002206516362832754,-0.0031347813088252116,0.019395604424855495,1424.2219639999998,665823134.6799998,1430.4594040000004,1422.0778440000004,0.0013414362521362438
2022-03-18,33262.184622385976,33563.70297799382,32887.63765766369,33185.05294716797,560888.7652,0.0,0.0,33185.05294716797,33262.184622385976,33563.70297799382,32887.63765766369,-0.0027910058246015464,-0.0017459100638677922,-0.001045095760733725,0.020645586061786753,1431.78486,726672285.6799998,1437.398556,1428.3445219999996,0.005161623290515541
2022-03-21,33230.536544440074,33744.43483104674,32974.83954572467,33453.48067294922,573548.7208,0.0,0.0,33453.48067294922,33230.536544440074,33744.43483104674,32974.83954572467,0.006120410203989129,-0.0002201869265741451,0.006340597130563272,0.021880420831310882,1456.9782699999998,708901819.1200001,1456.9782699999998,1431.78486,0.016999746129005892
2022-03-22,33433.4660976285,33907.66849481732,33187.10945273775,33634.88579521484,654146.0237,0.0,0.0,33634.88579521484,33433.4660976285,33907.66849481732,33187.10945273775,0.0023482299293320842,-0.0009710523298031486,0.0033192822591352313,0.019557597717500024,1465.5839879999994,882049060.2,1469.4141660000003,1460.418608,0.005739591675298458
2022-03-23,33650.78476502672,34323.343870352306,33492.94787795427,34037.21772324219,690567.1021,0.0,0.0,34037.21772324219,33650.78476502672,34323.343870352306,33492.94787795427,0.008780105124931908,0.00020099978505682802,0.008579105339875066,0.02096371877975831,1464.1805639999998,768693626.5800002,1475.4469399999998,1463.5275820000002,-0.0009337113005100092
2022-03-24,33997.601475528805,34372.81870962699,33649.80306489148,34077.2041319336,720698.0793999998,0.0,0.0,34077.2041319336,33997.601475528805,34372.81870962699,33649.80306489148,0.0013221612980999068,-0.00077365675370183,0.0020958180518017545,0.018467820782536153,1460.2041960000001,734627068.3400002,1467.1530940000002,1457.202428,-0.0026503835570123872
2022-03-25,34147.73437662399,34502.37994150701,33764.14987199664,34242.932929785165,705042.5203,0.0,0.0,34242.932929785165,34147.73437662399,34502.37994150701,33764.14987199664,0.002763295127186332,0.002427793323831402,0.00033550180335491394,0.020147101176789577,1460.4380999999996,705694995.28,1465.1064339999998,1456.5884299999998,0.00015610459329410732
2022-03-28,34262.75950269787,34872.02062294872,33876.85549236032,34610.41411357422,911303.9423,0.0,0.0,34610.41411357422,34262.75950269787,34872.02062294872,33876.85549236032,0.005363013642056349,0.00012014590956360459,0.005242867732492708,0.023553780850047033,1445.5072279999997,963811860.2200001,1458.7715339999997,1436.3654800000004,-0.010015161513774098
2022-03-29,34796.561320407214,35215.141653263294,34279.16964740309,34840.66206132812,1160877.6105999998,0.0,0.0,34840.66206132812,34796.561320407214,35215.141653263294,34279.16964740309,0.006627955693416352,0.004700614343982468,0.001927341349433879,0.02231794347651627,1459.716896,670449365.96,1460.3893700000006,1447.4954120000002,0.00953375868847611
2022-03-30,34715.540550582875,35104.3276736049,34232.43425424167,34730.17256484375,844940.6024000002,0.0,0.0,34730.17256484375,34715.540550582875,35104.3276736049,34232.43425424167,-0.00305301056964323,-0.00315969734290215,0.00010668677325894037,0.02130048474972487,1452.6510459999997,858536737.74,1465.691194,1446.2089399999998,-0.004729066559420775
2022-03-31,34792.23042850805,35377.832045707364,34403.35921507978,34857.83853027344,740586.1167000001,0.0,0.0,34857.83853027344,34792.23042850805,35377.832045707364,34403.35921507978,0.00515561594506967,0.0027626071350403056,0.002393008810029356,0.024991126226158525,1454.2493900000002,617200827.9799999,1460.3503860000003,1450.467942,0.0010717575325886806
2022-04-01,34807.03732703402,35734.936973222095,34530.26504222927,35523.58871738281,1051068.7863,0.0,0.0,35523.58871738281,34807.03732703402,35734.936973222095,34530.26504222927,0.016649587614094283,-0.001376591352302035,0.018026178966396314,0.031718634210776815,1477.922424,859266908.0599997,1478.3415019999998,1446.4330980000002,0.01573730443403422
2022-04-04,35746.20480067705,36050.2129333792,35227.46487432314,35557.4476379883,705926.0659,26.9,0.0,35557.4476379883,35746.20480067705,36050.2129333792,35227.46487432314,0.00430138385175078,0.006046242841464863,-0.0017448589897141292,0.022606839753649667,1485.9726200000002,715928587.6599998,1492.0638700000002,1484.1403719999998,0.0052942092740622445
2022-04-05,35502.29556159631,35963.38500733413,35197.59442826357,35555.985641406245,538905.7901999999,0.0,0.0,35555.985641406245,35502.29556159631,35963.38500733413,35197.59442826357,-0.0007333428202318993,-0.0008872538498682406,0.00015391102963635263,0.021492590511134807,1481.421238,646267493.3,1488.7697220000002,1480.6902879999998,-0.0029896809037918614
2022-04-06,35476.122695793216,36173.43236370546,35051.08121868461,35831.1130506836,882042.4868999999,0.0,0.0,35831.1130506836,35476.122695793216,36173.43236370546,35051.08121868461,0.006142420975877347,-0.0007991830530388234,0.006941604028916181,0.028342097444329546,1484.2183400000004,889512547.0,1485.0467499999997,1469.3264520000002,0.00183842732458907
2022-04-07,35697.519255778134,36141.64268817591,35239.57784568696,35583.150705859385,870134.0839000002,0.0,0.0,35583.150705859385,35697.519255778134,36141.64268817591,35239.57784568696,-0.006164586933069676,-0.002402923334500508,-0.003761663598569163,0.0220823256664189,1464.1903099999995,744267616.6200001,1486.1870319999998,1464.1903099999995,-0.01324078212135514
2022-04-08,35458.190960219166,35746.251144066984,34700.156464637286,35023.41827617187,763820.6318000001,0.0,0.0,35023.41827617187,35458.190960219166,35746.251144066984,34700.156464637286,-0.013181490821712463,-0.0026281401748257105,-0.010553350646886762,0.025857163793566704,1444.3572000000004,722279568.5599998,1469.4336580000002,1444.3572000000004,-0.013291616201216931
2022-04-11,35023.41827617187,35023.41827617187,35023.41827617187,35023.41827617187,0.0,0.0,0.0,35023.41827617187,35023.41827617187,35023.41827617187,35023.41827617187,0.0,4.4741987892393796e-18,1.080247002960277e-17,3.05533376376843e-17,1444.3572000000004,722279568.5599998,1469.4336580000002,1444.3572000000004,0.0
2022-04-12,35037.9367054544,35417.07439176331,34225.90235249728,34732.31480859376,698641.1481000001,0.0,0.0,34732.31480859376,35037.9367054544,35417.07439176331,34225.90235249728,-0.010175743515361312,-0.001440792277751474,-0.008734951237609836,0.03404788922571504,1418.28665,639521604.4799999,1452.7192679999998,1418.28665,-0.017752163283700963
2022-04-13,34750.688129997136,35568.5115008318,34362.70433371729,35343.30507949219,828018.1993,0.0,0.0,35343.30507949219,34750.688129997136,35568.5115008318,34362.70433371729,0.011669858768014244,-0.0001661823912784941,0.011836041159292746,0.03445289743026823,1439.6791199999998,620181349.7,1439.6791199999998,1411.727592,0.014590441127168507
2022-04-14,35405.325110699996,36106.04959009596,35112.78645566582,35816.84511708985,756150.9410000001,0.0,0.0,35816.84511708985,35405.325110699996,36106.04959009596,35112.78645566582,0.007416988452690163,0.00014121858996388444,0.007275769862726271,0.025279974325139613,1434.7281520000001,486241584.4,1446.6377639999998,1434.3675500000002,-0.0033573656952341066
2022-04-15,35679.81139183452,36472.674109112995,35435.07633148346,36066.40656767578,883821.1610000002,0.0,0.0,36066.40656767578,35679.81139183452,36472.674109112995,35435.07633148346,0.006962746566296471,-0.003996721396495612,0.01095946796279208,0.028078606430394004,1421.5125759999999,623473938.34,1441.3846700000001,1419.397694,-0.009018842254336327
2022-04-18,36046.98987510665,36601.036304833666,35541.28778544362,36131.31351064454,947318.2424999998,0.0,0.0,36131.31351064454,36046.98987510665,36601.036304833666,35541.28778544362,0.0008894026825781322,-0.002645807439237973,0.0035352101218161,0.02771768426477815,1396.2119600000005,770563591.6,1419.475662,1388.8732219999997,-0.01750252215701636
2022-04-19,36266.86380769942,36919.80319019583,35629.11433515573,36175.790449121094,972966.0929,11.0243538,0.029324999999999997,36175.790449121094,36266.86380769942,36919.80319019583,35629.11433515573,0.00012625607332745765,0.0022093476617735942,-0.0020830915884461525,0.03239484643563138,1370.72617,649412040.2,1405.4121839999993,1370.72617,-0.017954252844622057
2022-04-20,36090.85994196781,36602.46249170529,35100.32384491913,35661.12412070313,878355.392,0.0,0.0,35661.12412070313,36090.85994196781,36602.46249170529,35100.32384491913,-0.014436171633592629,-0.0006081729862744203,-0.013827998647318238,0.03933555335368047,1349.5481120000002,636222096.1799998,1374.8097440000004,1349.5481120000002,-0.015175346457205351
2022-04-21,35127.61925335106,35900.9149298432,34510.10626288196,35331.2521975586,924101.1517999999,0.0,0.0,35331.2521975586,35127.61925335106,35900.9149298432,34510.10626288196,-0.011328937477857563,-0.01458875542517468,0.0032598179473171023,0.03776474035845529,1335.406666,722518248.0999999,1356.9648179999995,1322.122868,-0.01026637828590283
2022-04-22,35265.81558009833,35892.236119025234,33577.56388351256,34664.60264423827,1358400.6233,0.0,0.0,34664.60264423827,35265.81558009833,35892.236119025234,33577.56388351256,-0.01622229873708531,-0.0028518618496420753,-0.01337043688744322,0.054739875440285884,1344.1975579999998,779436934.7599998,1357.510594,1318.0782780000004,0.006394701130672245
2022-04-25,34459.86153226332,34811.26653879993,32818.923150033545,33110.485713964845,990825.5824000002,0.0,0.0,33110.485713964845,34459.86153226332,34811.26653879993,32818.923150033545,-0.04015766228693941,-0.004452177992640085,-0.0357054842942993,0.0546215403000326,1277.6226319999998,679173010.5599998,1347.023898,1265.4011480000001,-0.04950596836429994
2022-04-26,32261.607167977814,33855.824043998975,31718.84502734035,33672.109723144524,987670.9673,0.0,0.0,33672.109723144524,32261.607167977814,33855.824043998975,31718.84502734035,0.015701687918155495,-0.02161551686014018,0.037317204778295684,0.05775962280797854,1307.269964,656071092.1599998,1307.269964,1229.36044,0.02235725918596629
2022-04-27,33307.12160251562,34164.20780163074,32907.91769776145,33966.14208974609,501219.4119,0.0,0.0,33966.14208974609,33307.12160251562,34164.20780163074,32907.91769776145,0.00951003952160881,-0.008073131251676583,0.0175831707732854,0.03519208332035035,1319.384242,473077467.27999985,1321.479632,1281.413826,0.008989884565479089
2022-04-28,33840.81232394047,34415.77541916237,33471.203282202674,34043.888563867185,512976.12969999993,0.0,0.0,34043.888563867185,33840.81232394047,34415.77541916237,33471.203282202674,0.00328361124458722,-0.0017244306211198139,0.005008041865707012,0.025033611011195327,1316.674854,446692901.15999997,1323.575022,1310.028082,-0.0020034228205642397
2022-04-29,33939.32470744831,34778.38396013112,33574.60514811371,34422.97968779296,695530.9908,0.0,0.0,34422.97968779296,33939.32470744831,34778.38396013112,33574.60514811371,0.010011198905893021,-0.0041957786631406264,0.014206977569033616,0.03142770010252839,1332.0832799999998,519304012.2599999,1334.5295259999994,1309.1217040000001,0.011339065793318661
2022-05-02,34422.97968779296,34422.97968779296,34422.97968779296,34422.97968779296,0.0,0.0,0.0,34422.97968779296,34422.97968779296,34422.97968779296,34422.97968779296,0.0,2.0561330416057896e-17,-1.028066520802895e-17,2.0561330416057896e-17,1332.0832799999998,519304012.2599999,1334.5295259999994,1309.1217040000001,0.0
2022-05-03,34422.97968779296,34422.97968779296,34422.97968779296,34422.97968779296,0.0,0.0,0.0,34422.97968779296,34422.97968779296,34422.97968779296,34422.97968779296,0.0,2.0561330416057896e-17,-1.028066520802895e-17,2.0561330416057896e-17,1332.0832799999998,519304012.2599999,1334.5295259999994,1309.1217040000001,0.0
2022-05-04,34369.21343608795,34808.37867493698,33961.2496735831,34387.70057998047,389354.4884,0.0,0.0,34387.70057998047,34369.21343608795,34808.37867493698,33961.2496735831,-0.0009318000168081329,4.381239430525181e-06,-0.0009361812562386678,0.02330112624101962,1314.4235279999998,486213126.0799999,1331.6836940000003,1314.4235279999998,-0.01300691893791745
2022-05-05,34545.63452866539,34913.53853736887,33639.40384460213,34392.21976962891,473846.6571,0.0,0.0,34392.21976962891,34545.63452866539,34913.53853736887,33639.40384460213,-0.0022835202183324453,0.00336337923767847,-0.005646899456010907,0.03276388600575357,1326.1187280000001,497274348.78,1327.5806280000002,1297.5921859999999,0.008633239196851859
2022-05-06,34010.70418427336,34558.37880583834,33563.88292749573,33933.29867060547,567231.9465000001,27.0487,0.0,33933.29867060547,34010.70418427336,34558.37880583834,33563.88292749573,-0.012873198126818728,-0.008314612674832505,-0.004558585451986233,0.02680416091795224,1295.496796,497707655.93999994,1315.7977139999996,1294.395498,-0.02276877904553319
2022-05-09,33461.25101840718,33789.67810590369,32134.79431750447,32292.339554199214,852494.3555999999,58.8,0.0,32292.339554199214,33461.25101840718,33789.67810590369,32134.79431750447,-0.04414429780587397,-0.010691516005138006,-0.03345278180073595,0.04695599506204972,1237.3716519999994,611667926.32,1281.1311919999998,1233.3952839999997,-0.04473877258008462
2022-05-10,31627.91111763588,33010.077894317,31376.328436301614,32886.11664316406,704679.1708999999,0.0,0.0,32886.11664316406,31627.91111763588,33010.077894317,31376.328436301614,0.014509085857039038,-0.01998243518392716,0.0344915210409662,0.04617804068807495,1260.7035759999999,585507323.28,1260.7035759999999,1201.2627219999997,0.01820598045233404
2022-05-11,32984.48390727741,33514.985766166064,32425.678029872957,33105.63705253907,474490.699,54.0,0.0,33105.63705253907,32984.48390727741,33514.985766166064,32425.678029872957,0.008643601369704131,0.002307430047646614,0.0063361713220575515,0.03287896132105485,1268.4711379999999,371206037.8399999,1272.0186820000001,1245.451086,0.0059863715106629285
2022-05-12,32994.14396542813,33345.307699446974,31962.908143568646,32113.767842480476,621948.6003999999,0.0,0.0,32113.767842480476,32994.14396542813,33345.307699446974,31962.908143568646,-0.027570405673948438,-0.002163128362480533,-0.02540727731146792,0.03786290664786101,1207.373464,503519877.96000004,1258.84209,1206.6035300000003,-0.04811116565033483
2022-05-13,31935.5506473653,32285.689589614503,30495.225599858517,31004.782448339844,870788.6485000001,0.0,0.0,31004.782448339844,31935.5506473653,32285.689589614503,30495.225599858517,-0.031583757857776854,-0.005394613056252097,-0.02618914480152475,0.05344483999597057,1152.727642,717399356.52,1206.3598800000004,1150.6127599999998,-0.04513987843291954
2022-05-16,31212.904636546966,31867.713035006444,30338.42588770153,30719.51917265625,516599.841,0.0,0.0,30719.51917265625,31212.904636546966,31867.713035006444,30338.42588770153,-0.004634765073606811,0.004978977739783249,-0.009613742813390044,0.043980421039101304,1142.18247,537349023.6399999,1185.0746159999999,1140.857014,-0.008956688029824057
2022-05-17,30297.911494107742,32022.203607619835,30007.29145244686,31815.12749873048,490410.51879999996,0.0,0.029324999999999997,31815.12749873048,30297.911494107742,32022.203607619835,30007.29145244686,0.028922987848479353,-0.01246945786940176,0.04139244571788115,0.057667847025698216,1197.169402,529079250.2599999,1197.169402,1127.163884,0.045824775042919895
2022-05-18,32026.178875283138,32436.699272758582,31408.426532611233,32006.69928398437,455766.1864,0.0,0.0,32006.69928398437,32026.178875283138,32436.699272758582,31408.426532611233,0.006444723633438477,0.008901299556429031,-0.002456575922990578,0.031538662057283014,1209.2446960000002,501469514.4799999,1218.094064,1191.857832,0.009781093221709412
2022-05-19,31472.243763121103,32344.58448055546,31169.706310320977,32204.96186044922,400671.6315000001,0.0,0.0,32204.96186044922,31472.243763121103,32344.58448055546,31169.706310320977,0.004154283737225663,-0.014840290737172197,0.018994574474397872,0.033217759655102326,1210.102344,448177996.63999987,1214.994836,1179.6850780000002,0.0006909829486998055
2022-05-20,32086.176450163406,32479.52782219373,31691.439852201915,32045.088282226563,394067.7045,37.93388364,0.0,32045.088282226563,32086.176450163406,32479.52782219373,31691.439852201915,-0.002739048796026631,-0.0018883272848933955,-0.0008507215111332417,0.023396357525182966,1209.195966,453962442.5600001,1221.1348159999998,1201.0288179999998,-0.0007302580557988302
2022-05-23,32108.95162171145,32429.70998586651,31434.716445848648,31850.98761708984,344701.48639999994,0.0,0.0,31850.98761708984,32108.95162171145,32429.70998586651,31434.716445848648,-0.005438714787005501,2.3263929596009365e-05,-0.005461978716601505,0.03039237085912565,1187.8522260000002,476559030.8600001,1214.9168680000005,1177.3070539999997,-0.017356479395769387
2022-05-24,31706.95282503688,32165.085472270108,31368.111238674755,31990.269473632812,373019.9148000001,0.0,0.0,31990.269473632812,31706.95282503688,32165.085472270108,31368.111238674755,0.0026796217865521456,-0.0056684820372544424,0.008348103823806574,0.02397516054706365,1202.0521480000004,467319433.02,1202.0521480000004,1172.7166879999997,0.011581556978213389
2022-05-25,32195.338591793887,33052.511099158844,31922.44321095729,32815.64721132812,662828.1566,0.0,0.0,32815.64721132812,32195.338591793887,33052.511099158844,31922.44321095729,0.023203768659588914,0.006436819657959045,0.016766949001629863,0.031415388556202475,1236.2118779999996,601280931.9,1236.2118779999996,1202.8220819999997,0.027309799845689188
2022-05-26,32952.748242539186,33356.17180039574,32449.85974235319,33002.14364052734,426606.9355,0.0,0.0,33002.14364052734,32952.748242539186,33356.17180039574,32449.85974235319,0.0069434187499789685,0.004029780608017105,0.0029136381419618707,0.026398269707451735,1236.3483220000003,501288141.4200001,1245.646006,1229.5066299999996,0.00010756326380645326
2022-05-27,32917.249908123085,33625.3120997488,32617.02470966255,33413.53043271485,847284.7452,0.0,0.0,33413.53043271485,32917.249908123085,33625.3120997488,32617.02470966255,0.009120338449997947,-0.0030946350314584306,0.012214973481456379,0.02738308830636252,1252.7995700000004,563488867.7,1254.3004539999997,1237.0500339999996,0.012882818101649348
2022-05-30,33459.465185578214,33904.98988804424,33038.57266765461,33598.95090927735,524996.4495,0.0,0.0,33598.95090927735,33459.465185578214,33904.98988804424,33038.57266765461,0.007206851454208733,0.0027810747538472456,0.004425776700361488,0.025094895801445822,1261.054432,486766503.96,1263.2960120000002,1248.725742,0.006400703792718959
2022-05-31,33534.483256594125,33961.441587430745,33013.45400640024,33583.587775878914,543806.9916,0.0,0.0,33583.587775878914,33534.483256594125,33961.441587430745,33013.45400640024,-0.0009894289937681605,-0.002494878591902361,0.0015054495981342245,0.02542958162730509,1259.8459279999997,529788759.06000006,1264.6799440000002,1247.9168240000004,-0.0009344344642223749
2022-06-01,33426.686432162336,34117.985260085334,33190.26504975021,33852.0234491211,543009.9022,0.0,0.0,33852.0234491211,33426.686432162336,34117.985260085334,33190.26504975021,0.0033254741079025043,-0.006611854200433236,0.009937328308335764,0.024981527971486388,1266.5121919999995,492776764.70000005,1269.1728499999997,1253.3453459999998,0.005143337297822653
2022-06-02,33852.0234491211,33866.17627894835,33837.87061929385,33852.0234491211,2443.16,0.0,0.0,33852.0234491211,33852.0234491211,33866.17627894835,33837.87061929385,0.0,8.604228440844962e-18,1.676436767183985e-18,0.002045030241020366,1255.8890519999995,514523501.8,1269.5724360000004,1250.723672,-0.008209140778955409
2022-06-03,34114.13813406948,34585.42026083214,33758.74501000032,34261.0828649414,488303.17260000005,0.0,0.045787,34261.0828649414,34114.13813406948,34585.42026083214,33758.74501000032,0.003741611853159135,0.0010361902165511054,0.0027054216366080228,0.023280235887816674,1255.2653080000002,383828862.1200001,1259.9433880000001,1243.9502019999998,-0.00048416053157468995
2022-06-06,34381.922655525705,34977.084527730316,34013.27903393513,34446.25879404297,821307.8208999999,0.0,0.0,34446.25879404297,34381.922655525705,34977.084527730316,34013.27903393513,0.007205764205064829,0.0002841148542665342,0.006921649350798287,0.029027550900201794,1257.243746,527807202.34,1269.0656440000002,1249.38847,0.0015348689552038618
2022-06-07,34354.64173653809,35055.17587707756,33700.85592674496,34829.91289228515,912029.7007,13.549999999999999,0.04117,34829.91289228515,34354.64173653809,35055.17587707756,33700.85592674496,0.007998244958447457,-0.0018052318867653738,0.009803476845212829,0.03457578621256386,1258.5497099999998,610087514.96,1258.5497099999998,1228.892632,0.0010118419107031987
2022-06-08,35113.580075566926,35617.498660073754,34640.13531980951,35148.831359472664,729176.7637,0.0,0.0,35148.831359472664,35113.580075566926,35617.498660073754,34640.13531980951,0.01138799518516724,0.006588358740736811,0.004799636444430427,0.02640716737678332,1274.689086,529505930.13999987,1283.3337880000001,1261.395542,0.012418607120615233
2022-06-09,35037.59071587854,35438.108526420794,34681.34600225661,35122.69043759767,572711.8122999999,216.2,0.0,35122.69043759767,35037.59071587854,35438.108526420794,34681.34600225661,0.002396048475388175,-0.003977542408109153,0.00637359088349731,0.02115598356244863,1274.5818800000002,425257646.22,1279.104024,1267.8084099999999,-8.197086073248621e-05
2022-06-10,34913.17708962087,35425.805774444714,34306.223468424956,34503.39495947266,808595.7688999997,0.0,0.0,34503.39495947266,34913.17708962087,35425.805774444714,34306.223468424956,-0.015841121062636864,-0.005386003604353388,-0.010455117458283458,0.027819477129818786,1251.464368,546817262.6399999,1276.3264139999994,1251.464368,-0.017838910303149068
2022-06-13,33652.76486875382,34409.58549054317,32972.51114397333,33327.3459040039,905105.4744000002,24.393852504,0.04452,33327.3459040039,33652.76486875382,34409.58549054317,32972.51114397333,-0.029599540058697138,-0.02253994765699174,-0.007059592401705385,0.03977555820552674,1195.873184,691396346.3,1229.4968840000001,1194.8693459999997,-0.044283624901267485
2022-06-14,32985.17650564949,33858.17204846572,32609.421951860557,33437.90488427734,628254.3561999998,0.0,0.0,33437.90488427734,32985.17650564949,33858.17204846572,32609.421951860557,0.0015273384490106928,-0.011072241244311932,0.012599579693322632,0.037623118589963436,1199.0601259999996,505990001.6600001,1207.8802559999997,1180.3672980000001,0.0025938054254484554
2022-06-15,33708.64954508216,34058.36076292144,32806.622596906396,33492.61585888672,717622.7519,0.0,0.0,33492.61585888672,33708.64954508216,34058.36076292144,32806.622596906396,-0.0017987412971747683,0.004177447172408541,-0.005976188469583303,0.03465919024641892,1183.0961779999996,610990969.1599998,1204.1767760000002,1164.832174,-0.013062700050007746
2022-06-16,33865.0463735078,34677.05794743002,33352.27547333631,34407.10706367188,1005016.0678000001,0.0,0.0542,34407.10706367188,33865.0463735078,34677.05794743002,33352.27547333631,0.021525843299032746,0.008153837822700802,0.013372005476331975,0.03711564468115877,1205.2195980000004,509029096.84,1214.663472,1191.9357999999997,0.01805632411494412
2022-06-17,34035.662937882866,34707.4155473852,33384.035214169526,34296.65808691406,738808.3763000001,0.0,0.0,34296.65808691406,34035.662937882866,34707.4155473852,33384.035214169526,-0.0037097567598065144,-0.01055165940521311,0.00684190264540657,0.03542631045387633,1186.38058,666648328.5,1189.411586,1161.6452320000003,-0.015354478461917911
2022-06-20,34247.68303336879,34621.89177243043,33399.213213734285,33611.636624511724,673402.3714,0.0,0.0,33611.636624511724,34247.68303336879,34621.89177243043,33399.213213734285,-0.01673900507817342,-0.0003902306473234958,-0.016348774430849925,0.03283528203903688,1150.41784,604254826.34,1190.57136,1150.41784,-0.030000066392158364
2022-06-21,33587.68747039659,34056.59357927189,32580.380550708425,33087.08303505859,868980.618,0.0,0.0,33087.08303505859,33587.68747039659,34056.59357927189,32580.380550708425,-0.013819161859969436,-0.0016947568967921715,-0.012124404963177238,0.037485794469192896,1142.6892619999999,592276017.7400002,1159.744762,1133.401324,-0.006569514902118281
2022-06-22,33321.821542556725,33595.22495357898,32159.974579749483,32578.398564941406,841798.1152000001,0.0,0.0,32578.398564941406,33321.821542556725,33595.22495357898,32159.974579749483,-0.012818696541747662,0.004029234198215379,-0.016847930739963043,0.03763055329819906,1139.570542,515695263.38,1155.739156,1133.4403080000002,-0.002663593687801043
2022-06-23,32322.93718210981,33279.70117041497,31939.09128712379,33104.94082480468,555680.9419,18.9,0.0,33104.94082480468,32322.93718210981,33279.70117041497,31939.09128712379,0.014147423535211302,-0.0054875202171695055,0.019634943752380837,0.03597149088342397,1158.6824480000005,370779650.3399999,1158.6824480000005,1132.5436760000002,0.016209610557557944
2022-06-24,33267.4888736175,33689.5213818747,32783.17370174091,33257.230436816404,357869.4842,12.78,0.0,33257.230436816404,33267.4888736175,33689.5213818747,32783.17370174091,0.0042106251474085185,0.0020571317474841148,0.002153493399924404,0.026398791048429744,1155.3688080000002,400440529.27999985,1166.4500100000002,1155.3688080000002,-0.002791187743140513
2022-06-27,33273.29637580925,33895.9579830073,32888.765568933035,33502.30261357421,429382.45879999996,0.0,0.0,33502.30261357421,33273.29637580925,33895.9579830073,32888.765568933035,0.00758201165900044,0.00033273404246296544,0.007249277616537461,0.027496690394541945,1172.2683720000002,418820413.22,1172.940846,1155.3688080000002,0.014152209482455486
2022-06-28,33614.549672224755,33992.83332658802,33020.96688141252,33592.99262470703,643172.8058,0.0,0.0,33592.99262470703,33614.549672224755,33992.83332658802,33020.96688141252,0.002377962257418177,0.002401917586964564,-2.395532954637986e-05,0.027330838234650805,1187.16026,520618260.36000013,1190.707804,1168.535654,0.012302831777791878
2022-06-29,33373.63912659625,34019.520220903396,32980.26308926095,33651.90909541017,401079.3089000001,0.0,0.0,33651.90909541017,33373.63912659625,34019.520220903396,32980.26308926095,0.003130154268860149,-0.005977176885242577,0.009107331154102713,0.027875848893828246,1187.1505139999997,506109682.53999996,1188.6026679999995,1176.7125480000002,-8.001017983016043e-06
2022-06-30,33671.55759197065,34004.65529893701,33151.86938417605,33429.6399678711,438710.8374,0.0,0.0,33429.6399678711,33671.55759197065,34004.65529893701,33151.86938417605,-0.004016768766651077,0.0009501266413073714,-0.004966895407958467,0.02447920265326492,1167.1809600000001,459597969.6,1189.509046,1167.1809600000001,-0.016533605657058997
2022-07-01,33188.47048454997,33526.30022351929,32450.236989269437,33062.94274277343,558264.1769,0.0,0.0,33062.94274277343,33188.47048454997,33526.30022351929,32450.236989269437,-0.011361730200866144,-0.009026782591928555,-0.0023349476089375635,0.030560884734114054,1168.4479400000002,485817633.4,1171.8687860000005,1141.2078700000002,0.0010573587517414369
2022-07-04,33221.34493676706,33576.05106125639,32521.07623482529,32901.18952978515,429193.39970000007,0.0,0.0,32901.18952978515,33221.34493676706,33576.05106125639,32521.07623482529,0.0004980095231522596,0.0036182931611884717,-0.003120283638036219,0.02943234156439866,1165.1635380000002,393070409.15999997,1178.2524159999998,1162.337198,-0.002743370379303805
2022-07-05,32837.61461012125,33050.12326289653,31906.112300571884,32265.783195898443,631222.3925999998,0.0,0.0,32265.783195898443,32837.61461012125,33050.12326289653,31906.112300571884,-0.01588350573452055,-0.004199693977528118,-0.011683811756992436,0.030916891412603686,1151.2852340000002,545281877.8,1170.4848540000003,1151.2852340000002,-0.011678183501462727
2022-07-06,31870.096677024667,32506.968841788257,31397.107554043214,31790.501990624998,465915.737,51.5,0.02616,31790.501990624998,31870.096677024667,32506.968841788257,31397.107554043214,-0.012158495251914661,-0.010677918508955964,-0.0014805767429587101,0.030754730127875954,1120.4099059999999,498774745.4799999,1145.4083959999996,1118.480198,-0.026493825859214594
2022-07-07,31564.548591685103,32213.685827950736,31252.292566777378,32042.457109863277,333973.91130000004,0.0,0.0,32042.457109863277,31564.548591685103,32213.685827950736,31252.292566777378,0.005356291602671328,-0.007239220783382637,0.012595512386053975,0.025900877620561757,1136.851408,353601058.36,1136.851408,1113.7728799999998,0.014197887623124654
2022-07-08,32187.3212408822,32503.753862577607,31864.764415336995,32181.81979423828,335516.0915,0.0,0.0,32181.81979423828,32187.3212408822,32503.753862577607,31864.764415336995,0.005505528824078016,0.005378081175371215,0.0001274476487068073,0.01742637537288925,1141.558726,426084691.77999985,1147.2796280000002,1134.6585580000003,0.004027157869500038
2022-07-11,32089.6548365548,32405.890923361032,31597.33302857979,32014.95720498047,298973.1726,0.0,0.0,32014.95720498047,32089.6548365548,32405.890923361032,31597.33302857979,-0.003747087450284674,-0.002484496173935723,-0.0012625912763489465,0.024392371307291164,1125.945634,476318207.20000005,1135.9937599999996,1115.4784300000001,-0.013421592669576918
2022-07-12,32014.957171888953,32033.827609946988,32014.957171888953,32024.39239091797,6309.5199999999995,0.0,0.0,32024.39239091797,32014.957171888953,32033.827609946988,32014.957171888953,0.0005674664454601134,-1.999797626209015e-09,0.000567468445257737,0.0011295579617621807,1144.9795720000004,463353200.8600001,1144.9795720000004,1124.2498299999997,0.016337755501345173
2022-07-13,32418.85402208122,32723.604133698358,32005.305597597846,32366.81138798829,307122.2213,0.0,0.0,32366.81138798829,32418.85402208122,32723.604133698358,32005.305597597846,0.013151031153777453,0.013174659519424736,-2.362836564728259e-05,0.01966921932990499,1144.102432,509111255.62,1152.1818660000001,1141.1786319999999,-0.0007469026311384624
2022-07-14,32244.265557917286,32624.74782855167,31963.355459311762,32419.803467285154,288804.6052,0.0,0.0,32419.803467285154,32244.265557917286,32624.74782855167,31963.355459311762,0.001290985649217815,-0.002735209954612214,0.004026195603829997,0.020189061892131273,1152.142882,478053385.04,1152.142882,1140.3209840000002,0.006825276505930259
2022-07-15,32368.763903938183,32642.204303712693,31994.228974645084,32278.81228945313,402960.8127,0.0,0.0,32278.81228945313,32368.763903938183,32642.204303712693,31994.228974645084,-0.0029648548687882035,-0.0024599261424127572,-0.0005049287263754498,0.019721551781191043,1149.2970500000001,530040303.3200001,1159.4426360000002,1148.1957519999999,-0.0024102730140900933
2022-07-18,32393.553422490473,32777.11730196541,32084.15886896375,32378.98570371094,320663.9599,0.0,0.0,32378.98570371094,32393.553422490473,32777.11730196541,32084.15886896375,0.004091735053315633,0.004590344473664089,-0.0004986094203484619,0.02016167272465097,1146.607154,468309431.70000005,1154.832778,1144.86262,-0.0022836961895398313
2022-07-19,32503.209541029573,32905.21925101121,32156.068608392423,32721.060927636725,436433.28740000003,226.17000000000002,0.0,32721.060927636725,32503.209541029573,32905.21925101121,32156.068608392423,0.010395752618106146,0.004755422948272379,0.005640329669833748,0.021818936179188418,1148.400418,466840027.27999985,1150.4763160000002,1139.2976539999995,0.0015230585479640653
2022-07-20,32973.7200287093,33544.697840417335,32658.52570228901,33140.58897041016,735544.9213999999,0.0,0.0,33140.58897041016,32973.7200287093,33544.697840417335,32658.52570228901,0.009604580190995447,0.005957823444415585,0.0036467567465798614,0.024957366172037518,1163.8088440000004,585830695.56,1168.1847980000002,1155.7001720000003,0.012989545994201686
2022-07-21,33101.66171083896,33751.94734686174,32874.04197516878,33322.07041396484,497159.6568,0.0,0.0,33322.07041396484,33101.66171083896,33751.94734686174,32874.04197516878,0.0020951581455978165,-0.0010881063307976386,0.003183264476395435,0.023257516050790936,1168.028862,488224895.4,1171.381486,1164.5397940000003,0.003527547412307935
2022-07-22,33488.29313531145,33962.9761849498,32888.338675316605,33310.27574736329,432664.5789999999,0.0,0.0,33310.27574736329,33488.29313531145,33962.9761849498,32888.338675316605,-0.0002608378991679347,0.006261443219722004,-0.006522281118889958,0.029147281446592094,1164.413096,437038026.25999993,1172.141674,1164.413096,-0.003021664358545236
2022-07-25,33282.18393367685,33603.00277194521,32853.929146404735,33253.214649511734,470146.01759999996,0.0,0.0,33253.214649511734,33282.18393367685,33603.00277194521,32853.929146404735,0.0002998162587566958,-0.00135882114215355,0.0016586374009102587,0.02110545969413506,1158.3121,399650323.59999996,1167.7267359999998,1154.238272,-0.0051198862322623636
2022-07-26,33109.57026221328,33438.381745782994,32726.701348224597,33052.270633691405,356598.98819999996,0.0,0.0,33052.270633691405,33109.57026221328,33438.381745782994,32726.701348224597,-0.006890776801501046,-0.0031901046866874895,-0.0037006721148135644,0.020908508074273476,1154.969222,378464761.18,1163.8185900000003,1154.3552240000001,-0.0028167530992838008
2022-07-27,32955.32151783008,33405.52119790835,32655.698361205537,33164.58439482421,269493.02640000003,0.0,0.0,33164.58439482421,32955.32151783008,33405.52119790835,32655.698361205537,0.004105579866010506,-0.0013416234455241474,0.00544720331153467,0.02130456494194885,1160.7875840000002,377949100.3200001,1160.7875840000002,1148.644068,0.0048973946856413885
2022-07-28,33394.526411005696,33958.89829641409,33146.602622079154,33659.561198925774,565674.7958000001,0.0,0.0,33659.561198925774,33394.526411005696,33958.89829641409,33146.602622079154,0.014100565761936124,0.005890088956074112,0.008210476805862028,0.022613322679286268,1177.433752,604784813.82,1183.1936380000002,1160.933774,0.013876897940297579
2022-07-29,33786.99324952394,34289.29205134085,33301.189513276026,33676.57423847657,643856.5099000001,0.0,0.0,33676.57423847657,33786.99324952394,34289.29205134085,33301.189513276026,-0.00021058831909960904,0.0020070326220851488,-0.002217620941184762,0.02525072780983145,1175.6892179999998,523417019.1799999,1186.9068639999998,1175.6892179999998,-0.0014450780257330177
2022-08-01,33899.80645366776,34509.78769676641,33519.65490425415,34267.13224257812,617538.2751,0.0,0.0,34267.13224257812,33899.80645366776,34509.78769676641,33519.65490425415,0.015822294846137088,0.006658425165840183,0.009163869680296885,0.026243798930419362,1200.07371,664551768.9799999,1200.07371,1175.8159160000002,0.02000701349639578
2022-08-02,34204.88464749193,34671.05148613138,33779.4200959361,34345.19792871094,504896.0570000001,0.0,0.0,34345.19792871094,34204.88464749193,34671.05148613138,33779.4200959361,0.0018293629241950525,-0.0016876336840815898,0.0035169966082766496,0.023807906530013183,1210.082852,715734739.72,1210.365486,1193.017606,0.008094881492115692
2022-08-03,34184.74022448482,34770.37125572412,33957.625489906175,34477.72187792969,558728.7842999999,0.0,0.0,34477.72187792969,34184.74022448482,34770.37125572412,33957.625489906175,0.0018565360175813218,-0.004052043540183777,0.00590857955776511,0.02064557968202051,1218.0160959999998,684518691.5599998,1218.44492,1201.106786,0.0063685766357368225
2022-08-04,34488.78731490441,34896.34610444674,33985.347536302594,34437.039278417964,655767.7982000001,0.0,0.0,34437.039278417964,34488.78731490441,34896.34610444674,33985.347536302594,7.960748067809302e-06,0.0007241718455083164,-0.0007162110974405003,0.022403911998088114,1222.2945900000002,639275030.6799998,1225.4425480000002,1215.6965480000001,0.0034174538093738206
2022-08-05,34271.93471470956,34780.08868985304,33947.486294670576,34365.542593847655,441843.8238,0.0,0.0,34365.542593847655,34271.93471470956,34780.08868985304,33947.486294670576,-0.0007411371485611424,-0.0033626330236356805,0.0026214958750745395,0.022965752729825584,1220.920404,589039858.44,1221.9047499999997,1213.42573,-0.0010963274375086459
2022-08-08,34411.67226133896,34858.92267496018,34017.98220919914,34506.01547109375,466657.9500999999,0.0,0.0,34506.01547109375,34411.67226133896,34858.92267496018,34017.98220919914,0.004567198230261739,0.0005306724126036156,0.004036525817658084,0.02100002822362942,1224.82855,617911603.7599998,1226.865464,1220.2381839999996,0.003114696074780436
2022-08-09,34566.93967806628,34968.9272920011,34233.00849000613,34594.19081669922,602369.0759,0.0,0.0,34594.19081669922,34566.93967806628,34968.9272920011,34233.00849000613,0.001612948503415375,0.0009637494100804828,0.0006491990933348628,0.020325611768117643,1226.87521,638618637.5800002,1231.056244,1221.0178640000001,0.001627174809526792
2022-08-10,34637.54449911845,35124.59120135208,34377.30947010319,34856.18168105468,402101.37899999996,0.0,0.0,34856.18168105468,34637.54449911845,35124.59120135208,34377.30947010319,0.00749104218847432,0.0002508153396480434,0.007240226848826298,0.020422926340921674,1224.5848999999996,569541426.0800002,1228.3468559999997,1222.0411940000001,-0.0018210671806029996
2022-08-11,34990.61272055474,35220.59138454759,34306.11244035832,34630.546437304685,530898.3827000001,0.0,0.0,34630.546437304685,34990.61272055474,35220.59138454759,34306.11244035832,-0.004837343476185745,0.0028876584794260383,-0.0077250019556117586,0.025253823434172568,1220.2674220000004,745896952.9,1235.822038,1214.2054099999996,-0.0034421861762856413
2022-08-12,34654.863292707574,35003.189976964204,34206.80012178302,34743.808808203124,410867.32409999997,0.0,0.0,34743.808808203124,34654.863292707574,35003.189976964204,34206.80012178302,0.0031160925805976533,0.0005825014050561564,0.0025335911755414997,0.0222803132346306,1230.266818,495893827.88,1230.266818,1216.9342899999997,0.007953747612713617
2022-08-15,34842.75209853533,35326.44600464296,34491.67229074391,35031.56316542968,798085.7354000001,15.0,0.0,35031.56316542968,34842.75209853533,35326.44600464296,34491.67229074391,0.0060599816761812975,0.0019532926413080337,0.004106689034873243,0.021584375602881165,1241.8353200000001,570706755.3,1241.8743039999997,1235.8122919999996,0.009121584563765217
2022-08-16,35113.95808132295,35515.12414195732,34845.11112392251,35222.379224121105,558291.2470999999,0.0,0.0,35222.379224121105,35113.95808132295,35515.12414195732,34845.11112392251,0.004030739435951054,0.0015451987946824438,0.0024855406412686064,0.018425982061393714,1242.312874,557785313.5800002,1243.5213780000001,1238.823806,0.0003747152728308239
2022-08-17,35217.624735884005,35423.52077019841,34750.80881092692,35041.90424541016,521415.89149999997,0.0,0.0,35041.90424541016,35217.624735884005,35423.52077019841,34750.80881092692,-0.005300720703064758,-0.0004677485919639873,-0.004832972111100769,0.01821007529519259,1242.8878879999997,628209227.36,1248.0825060000002,1239.6619620000004,0.000450996686440223
2022-08-18,35046.76327452225,35593.951041444045,34747.88993641149,35164.418615234375,632345.8362000001,0.0,0.0,35164.418615234375,35046.76327452225,35593.951041444045,34747.88993641149,0.0008291543770470346,-0.00018187609666318923,0.001011030473710231,0.019459109146318838,1241.3090359999999,544240322.78,1250.5579900000002,1236.4165440000004,-0.001238830425654716
2022-08-19,35123.16108222168,35507.499240189674,34740.42473974527,35101.7841158203,523214.55979999993,0.0,0.0,35101.7841158203,35123.16108222168,35507.499240189674,34740.42473974527,-0.001052406044346447,-0.0004288676199775365,-0.0006235384243689296,0.01891996237335908,1236.9428280000002,553777271.0800002,1247.488,1231.3583700000004,-0.0034341228842862358
2022-08-22,35038.98955152314,35414.57425324528,34791.940288506354,35185.417857421875,540428.5096,0.0,0.0,35185.417857421875,35038.98955152314,35414.57425324528,34791.940288506354,0.0021562425336199512,-0.0027367953308787595,0.004893037864498725,0.016702819700050553,1228.415078,552389538.1399999,1238.2975219999996,1223.931918,-0.0067423705721127965
2022-08-23,35023.169891066165,35448.49673790606,34847.52614792909,35249.69034960937,526746.9742,17.85,0.0,35249.69034960937,35023.169891066165,35448.49673790606,34847.52614792909,0.003473736262973275,-0.005317009453997936,0.00879074571697123,0.015644495296518356,1238.531426,507568073.9799999,1238.531426,1221.6123700000003,0.007993240235437423
2022-08-24,35263.70717025758,35740.76305584208,34992.53010406054,35385.30118847656,564574.9233,24.393852504,0.0,35385.30118847656,35263.70717025758,35740.76305584208,34992.53010406054,0.0037191955175441176,-8.824731212955388e-05,0.003807442829673656,0.018025712778908572,1244.7201360000001,506607605.6799999,1247.8388559999999,1240.012818,0.0048577674090832515
2022-08-25,35422.517518210465,35918.17800631243,35162.883840426206,35525.57333925781,648517.8101,0.0,0.0,35525.57333925781,35422.517518210465,35918.17800631243,35162.883840426206,0.0019900894631092207,0.0006192502114371995,0.0013708392516720122,0.01851367376771781,1256.1424480000005,547846732.62,1256.4348280000002,1246.9519699999996,0.00890273840369689
2022-08-26,35552.39432257275,35896.00677060477,35088.38642657644,35505.077438867185,739730.5241,0.0,0.0,35505.077438867185,35552.39432257275,35896.00677060477,35088.38642657644,-0.002529117821709402,0.0007233375546693683,-0.003252455376378773,0.020343563030134994,1249.9927219999997,598749895.7,1262.2239519999998,1247.53673,-0.004783089963646134
2022-08-29,35107.82085517909,35707.73104782891,34688.772307453764,35466.385281347655,853208.5019000001,205.38,0.0,35466.385281347655,35107.82085517909,35707.73104782891,34688.772307453764,-0.002312883374932969,-0.008833001621771799,0.006520118246838817,0.02480165394985217,1238.52168,773829768.5800002,1239.262376,1217.4410820000003,-0.00898508500372479
2022-08-30,35549.72170647606,35919.751303945704,35143.24356446323,35533.91613623047,553241.8581,0.0,0.0,35533.91613623047,35549.72170647606,35919.751303945704,35143.24356446323,0.002364049674078622,0.001989346764799669,0.0003747029092789524,0.021439121063459174,1246.893494,461736242.0,1254.9436899999998,1238.7263460000001,0.00656566425427491
2022-08-31,35516.14717772963,36080.60170771037,35139.04230812444,35763.3211790039,665117.4294,0.0,0.0,35763.3211790039,35516.14717772963,36080.60170771037,35139.04230812444,0.008106972068714276,-0.0004160976141559483,0.008523069682870232,0.02897082043422183,1247.9850460000002,450674629.46000004,1252.6436339999998,1242.6052539999996,0.0008528083672398718
2022-09-01,35763.3211790039,35763.3211790039,35763.3211790039,35763.3211790039,0.0,0.0,0.0,35763.3211790039,35763.3211790039,35763.3211790039,35763.3211790039,0.0,0.0,0.0,0.0,1247.9850460000002,450674629.46000004,1252.6436339999998,1242.6052539999996,0.0
2022-09-02,35763.3211790039,35763.3211790039,35763.3211790039,35763.3211790039,0.0,0.0,0.0,35763.3211790039,35763.3211790039,35763.3211790039,35763.3211790039,0.0,0.0,0.0,0.0,1247.9850460000002,450674629.46000004,1252.6436339999998,1242.6052539999996,0.0
2022-09-05,35710.89225174022,36107.71091823191,35329.69900204655,35736.49610683593,432895.0593,0.0,0.0,35736.49610683593,35710.89225174022,36107.71091823191,35329.69900204655,-0.0017715488367300092,-0.0013603958516438491,-0.0004111529850861528,0.022940817453738264,1244.90531,454325675.9799999,1253.0432200000005,1242.9561099999996,-0.002408057960012631
2022-09-06,35799.82283701796,36077.39783756938,35476.60207812308,35637.44420185547,551579.3744,0.0,0.0,35637.44420185547,35799.82283701796,36077.39783756938,35476.60207812308,-0.0025527937131747985,0.001398465127576861,-0.003951258840751645,0.015855118696668682,1244.9540400000003,524322714.96000004,1254.2322320000003,1244.9540400000003,3.8148546829546645e-05
2022-09-07,35634.02257783202,35876.04639869077,34862.810066863836,35050.63827294921,769535.2163000001,0.0,0.0,35050.63827294921,35634.02257783202,35876.04639869077,34862.810066863836,-0.012332828993662528,0.0005660253723366615,-0.012898854365999184,0.025663663361625424,1211.593482,776360122.5599997,1242.6832220000001,1211.593482,-0.026472273375184197
2022-09-08,35165.06684776069,35561.73518281609,34736.17152401933,35153.698743945315,518872.98370000004,0.0,0.0,35153.698743945315,35165.06684776069,35561.73518281609,34736.17152401933,0.0009532167590181368,0.0014336560193692705,-0.0004804392603511558,0.02325020606847571,1203.2411599999998,543612193.08,1219.5754559999996,1203.2411599999998,-0.0067418326208498695
2022-09-09,35231.371188984434,35823.83283253281,34930.02318099839,35632.67725351562,583647.7563,0.0,0.0,35632.67725351562,35231.371188984434,35823.83283253281,34930.02318099839,0.014289589473945418,0.00231240736792683,0.011977182106018586,0.026490987327338324,1217.060988,528271989.08000004,1217.060988,1197.335084,0.011129974627463839
2022-09-12,35773.8507527698,36262.58792182796,35542.23833722036,35836.007057226554,534583.3758,0.0,0.0,35836.007057226554,35773.8507527698,36262.58792182796,35542.23833722036,0.005129463004684341,0.0041661218319118815,0.0009633411727724845,0.018765217165904607,1217.8796519999999,380800000.24,1225.85188,1217.2461620000001,0.000655350649093308
2022-09-13,35847.708989697545,36129.829966730074,35390.84408143953,35762.988090625004,406817.6172999999,0.0,0.0,35762.988090625004,35847.708989697545,36129.829966730074,35390.84408143953,-0.0032129654809008477,-0.0002692802115388886,-0.002943685269361941,0.020210213793557537,1216.6906400000003,400275432.0400001,1220.54031,1212.2757020000001,-0.0009519636308235002
2022-09-14,35348.85253364116,35862.81761086481,35054.930148971886,35503.985701757825,569757.2471999999,0.0,0.0,35503.985701757825,35348.85253364116,35862.81761086481,35054.930148971886,-0.003722031676673034,-0.01102942430072802,0.007307392624054974,0.023580813272668165,1209.254442,559749717.34,1210.6188820000002,1197.3058460000002,-0.0059748601261786815
2022-09-15,35574.465621824456,35957.96220564837,35313.27247792931,35641.15809482422,462594.5277,0.0,0.0,35641.15809482422,35574.465621824456,35957.96220564837,35313.27247792931,0.003721631177042617,0.00015243094436658325,0.003569200232676062,0.01745980739756655,1214.020236,375930021.5,1219.156378,1211.8663700000002,0.003833448071661924
2022-09-16,35583.35478553195,35990.706455377775,34991.52239971057,35312.57386865235,678946.8306,0.0,0.0,35312.57386865235,35583.35478553195,35990.706455377775,34991.52239971057,-0.008554383751002217,-0.004446058384378948,-0.004108325366623258,0.02742314961670397,1202.6856380000002,579353893.8,1214.517282,1199.118602,-0.009142014615033419
2022-09-19,35133.737840724745,35457.68175631808,34534.146947000394,34780.60300771485,658101.4591999999,25.560000000000002,0.0,34780.60300771485,35133.737840724745,35457.68175631808,34534.146947000394,-0.016039894679475572,-0.0058508467105621844,-0.01018904796891338,0.02714341806692288,1174.8120780000002,625502178.4,1202.1301160000003,1171.5374219999997,-0.02285328488985328
2022-09-20,34980.65102408861,35394.87644536717,34342.089693760776,35048.09005458983,442006.0229999999,141.75,0.0,35048.09005458983,34980.65102408861,35394.87644536717,34342.089693760776,0.00646439068658544,0.004149845884987514,0.0023145448015979234,0.029788295970495572,1187.969178,402240225.64,1187.969178,1169.2373660000003,0.010854193266823875
2022-09-21,34868.07699355843,35268.71860708747,34622.02628815066,35023.39470947265,312468.31389999995,0.0,0.0,35023.39470947265,34868.07699355843,35268.71860708747,34622.02628815066,0.0009778633507499623,-0.004950043942122907,0.0059279072928728836,0.019149910455346034,1179.8020299999998,317259101.5,1186.361088,1174.081128,-0.006723397920708772
2022-09-22,34696.6961626189,35233.09165183676,34401.799402798824,35050.36728759765,518620.2624999999,0.0,0.0,35050.36728759765,34696.6961626189,35233.09165183676,34401.799402798824,0.001514425252894378,-0.011448669246885068,0.012963094499779457,0.023884556917478553,1183.84662,424908154.65999997,1183.84662,1166.2453440000002,0.0033354037296252238
2022-09-23,35020.45787861806,35241.29197275972,34581.8095795229,34875.068642480466,359709.06740000006,0.0,0.0,34875.068642480466,35020.45787861806,35241.29197275972,34581.8095795229,-0.004396211274532575,-0.002038809028552782,-0.0023574022459797945,0.01961154766568714,1172.7166879999997,431950516.7999999,1185.6886140000001,1170.93317,-0.009206043686741976
2022-09-26,34386.561878292065,34628.68242309712,33613.01809458866,34004.50063789062,734689.1147,0.0,0.0,34004.50063789062,34386.561878292065,34628.68242309712,33613.01809458866,-0.023730788339698827,-0.012512758672242245,-0.011218029667456546,0.029033065860105414,1144.52151,684065989.86,1160.0371419999997,1129.6783519999997,-0.023718214823471948
2022-09-27,33923.84006705665,34444.44610814459,33433.786478929986,33944.434148339846,424806.38570000004,0.0,0.0,33944.434148339846,33923.84006705665,34444.44610814459,33433.786478929986,0.0029172669945896246,-0.00322746886993315,0.006144735864522773,0.031210553970300477,1136.909884,404591350.68,1150.75895,1136.8124239999997,-0.0065032139419110855
2022-09-28,33797.47329329283,34062.119128028506,32956.85269016162,33467.73416923829,507116.63029999996,0.0,0.0,33467.73416923829,33797.47329329283,34062.119128028506,32956.85269016162,-0.011724372876173336,-0.004240436753083842,-0.007483936123089485,0.030806153548101053,1114.5720519999998,484113058.0,1133.06996,1113.7631339999998,-0.01933940937190246
2022-09-29,33793.952282120845,33962.05171333112,32880.17690444184,33123.62395351562,505164.8475,0.0,0.0,33123.62395351562,33793.952282120845,33962.05171333112,32880.17690444184,-0.008947251703198471,0.0066664310374269,-0.015613682740625384,0.03157057406844957,1097.4678219999998,405427070.18,1130.0389539999999,1097.4678219999998,-0.01507216482755304
2022-09-30,32636.03507886556,33697.48533645965,32022.705244700628,33522.83897382813,679241.0717,0.0,0.0,33522.83897382813,32636.03507886556,33697.48533645965,32022.705244700628,0.010120481005227288,-0.0146133292673993,0.024733810272626566,0.04902481899660849,1103.354406,596890943.6599998,1106.6290620000002,1071.5142240000002,0.005213577339143766
2022-10-03,33206.84492900104,33546.44542875449,32211.153254874665,32513.480853125006,461690.97529999993,0.0,0.0,32513.480853125006,33206.84492900104,33546.44542875449,32211.153254874665,-0.028834660955042335,-0.00909313296198918,-0.01974152799305317,0.039413094635567615,1058.8444240000001,489163337.7400001,1097.847916,1052.431556,-0.040130960163002445
2022-10-04,32515.013870272218,33057.20910776308,31938.279626412066,32473.23774374999,566163.1741000001,0.0,0.0,32473.23774374999,32515.013870272218,33057.20910776308,31938.279626412066,-0.007520894889581188,-0.0023903331217483502,-0.005130561767832834,0.03503881046976773,1050.7552440000002,500810392.5,1072.469332,1042.5686040000003,-0.007474170181457549
2022-10-05,32699.925138436556,33211.66614077959,32396.63802398432,32971.24505800781,421496.2819,0.0,0.0,32971.24505800781,32699.925138436556,33211.66614077959,32396.63802398432,0.016174943085748267,0.005670176004145808,0.010504767081602478,0.02525547038262154,1076.211796,386762310.6600001,1082.010666,1064.341168,0.023330065622507744
2022-10-06,32897.17278385324,33204.155027390065,31935.906804166076,32364.621400781256,453148.86569999997,8.040000000000001,0.0,32364.621400781256,32897.17278385324,33204.155027390065,31935.906804166076,-0.013621376806967705,-0.0001654526730845484,-0.01345592413388315,0.03903391365253002,1047.2271919999998,487255948.0799999,1078.852962,1045.3267219999998,-0.026607922158776595
2022-10-07,31965.941268716786,32441.98655100199,31181.091139186556,31850.121095605467,687931.6006999998,17.485,0.0,31850.121095605467,31965.941268716786,32441.98655100199,31181.091139186556,-0.016857348551556798,-0.01051395949186947,-0.0063433890596873614,0.04168708099545064,1009.5978859999999,768635930.2599998,1035.2493579999998,996.411548,-0.03566430067686405
2022-10-10,31430.464735459434,32437.58064707346,31159.800960305478,32095.858604296882,499233.14890000003,0.0,0.0,32095.858604296882,31430.464735459434,32437.58064707346,31159.800960305478,0.008119032570640363,-0.014661105287196352,0.022780137857836703,0.03992682774957817,1016.0010080000002,528112447.06000006,1024.324092,987.2113240000001,0.006161637929341998
2022-10-11,31898.93886458878,32328.30639479996,31045.35028838697,31425.231036718757,441061.45090000005,0.0,0.0,31425.231036718757,31898.93886458878,32328.30639479996,31045.35028838697,-0.021283017216707008,-0.00830483648760378,-0.012978180729103238,0.04245518869399106,980.64252,566153326.6399999,1010.1534080000001,973.2745439999998,-0.034521921357634724
2022-10-12,31596.668107778485,32383.39886156813,31137.768883300545,31967.93835986328,453218.4807,0.0,0.0,31967.93835986328,31596.668107778485,32383.39886156813,31137.768883300545,0.017082258190650495,0.004237871761477796,0.012844386429172726,0.03959023100885748,1008.525826,519291732.3,1013.0382239999999,977.4165939999999,0.027324836722951794
2022-10-13,32073.19169639379,32575.558627795926,31717.40501368766,32343.344546191405,324061.93690000003,51.5,0.0,32343.344546191405,32073.19169639379,32575.558627795926,31717.40501368766,0.009156627668110392,0.003950993811783735,0.005205633856326695,0.025373744860877585,1024.294854,392416550.02,1024.294854,999.0039840000001,0.01512066766578067
2022-10-14,32555.259913347083,32869.8271249222,32050.655283566695,32548.41539228516,527172.2853999998,0.0,0.0,32548.41539228516,32555.259913347083,32869.8271249222,32050.655283566695,0.004185813998738539,0.0023517040904889107,0.0018341099082496415,0.022992688721578673,1034.87901,493443780.93999994,1040.9897519999997,1028.4856340000001,0.010018978447247535
2022-10-17,32492.82713311406,33062.111029061256,31926.16948509338,32661.306494042972,392262.43160000007,0.0,0.0,32661.306494042972,32492.82713311406,33062.111029061256,31926.16948509338,0.004539182602538492,-0.0013640549780235848,0.005903237580562062,0.03209470765270503,1024.869868,424655733.25999993,1027.2771300000002,1007.3368139999998,-0.00947201543047065
2022-10-18,33033.890383400925,33304.25283471341,32481.258709889767,32895.91996406251,430471.4236999999,0.0,0.0,32895.91996406251,33033.890383400925,33304.25283471341,32481.258709889767,0.005433960355575195,0.009427353412857772,-0.003993393057282569,0.024893075124880613,1036.643036,454586478.93999994,1044.517804,1030.8441660000003,0.011131877229660189
2022-10-19,32925.613379849776,33225.961450650284,32666.875375103864,32998.62649462891,312177.78589999996,0.0,0.0,32998.62649462891,32925.613379849776,33225.961450650284,32666.875375103864,0.0013041419761806012,0.0010785312063516436,0.00022561076982895905,0.016432037809989853,1033.144222,336644967.56000006,1038.913854,1025.5618339999999,-0.0032949737797717525
2022-10-20,32989.75376187806,33360.44327806011,32633.595211692813,33001.203744824226,493886.1507,0.0,0.0,33001.203744824226,32989.75376187806,33360.44327806011,32633.595211692813,-0.0006135661634662371,0.0016040292699227026,-0.0022175954333889534,0.022294310921475703,1031.56537,343548449.20000005,1038.2218879999998,1021.585466,-0.0014905238635847932
2022-10-21,32850.47141940974,33128.986343443474,31866.735316605947,32283.787790234368,625660.6226000001,0.0,0.0,32283.787790234368,32850.47141940974,33128.986343443474,31866.735316605947,-0.022412017025452702,-0.005696004575138299,-0.016716012450314423,0.03798024697970982,993.916572,625892895.54,1032.189114,987.9422740000003,-0.03623507509604264
2022-10-24,32368.972186455394,32868.70129371674,31108.53606597177,31481.273667285164,543732.0579000001,0.0,0.0,31481.273667285164,32368.972186455394,32868.70129371674,31108.53606597177,-0.019377748077851916,0.001503213593857497,-0.020880961671709386,0.04741051672359381,961.10179,533252097.62,997.5128460000001,952.5837859999999,-0.03272019440720056
2022-10-25,31425.607688375847,32392.010623900103,30987.54042422275,31747.34061044922,592311.5463,0.0,0.0,31747.34061044922,31425.607688375847,32392.010623900103,30987.54042422275,0.0026618349610392695,-0.005572711221736649,0.008234546182775915,0.0398033497751752,972.3584200000001,653249332.78,985.7006939999997,938.00377,0.011348395480372479
2022-10-26,31959.645669073234,32320.51907386986,31354.193864663648,31699.170283886728,342213.48250000004,124.0,0.0,31699.170283886728,31959.645669073234,32320.51907386986,31354.193864663648,-0.0016362934466307452,0.004930493703720765,-0.006566787150351527,0.030805328696211692,968.1286560000001,343426429.2799999,979.03443,959.6983660000001,-0.004248762668078569
2022-10-27,31650.925660694575,32527.927755282763,31323.317485610787,32389.1029711914,485261.99970000016,0.0,0.0,32389.1029711914,31650.925660694575,32527.927755282763,31323.317485610787,0.021721808051155343,-0.0018932722733950949,0.023615080324550484,0.03688253893164884,1001.8985460000001,557791648.4799999,1001.8985460000001,965.3218079999999,0.0334161467335339
2022-10-28,32656.648364675195,33070.45599628353,32162.658819976976,32444.876236425782,396728.76500000013,0.0,0.0,32444.876236425782,32656.648364675195,33070.45599628353,32162.658819976976,0.0036582601305228746,0.005904279424375013,-0.0022460192938521125,0.027396253898115525,1001.2650559999998,502580363.5600001,1018.037922,1000.4561379999998,-0.0006164243139860082
2022-10-31,32513.533800995596,32757.665891410397,31689.845782572807,32238.908301269526,491653.6498000001,0.0,0.0,32238.908301269526,32513.533800995596,32757.665891410397,31689.845782572807,-0.005520260569821616,0.0010530901585870662,-0.006573350728408689,0.032049686170498574,1001.8303240000001,566732726.34,1004.1498719999998,979.4729999999997,0.0005500588867856536
2022-11-01,32529.642570520806,32885.89425098289,31909.304104138882,32315.47747236329,332798.4749,0.0,0.0,32315.47747236329,32529.642570520806,32885.89425098289,31909.304104138882,0.003564002048732944,0.008860407508064602,-0.005296405459331628,0.02953398144005556,1007.4927500000002,561217562.4,1017.0243379999997,1001.2942940000003,0.005493009123156325
2022-11-02,32290.69867806003,32568.973952908615,31666.94333006086,32032.508809863284,460860.3308000001,0.0,0.0,32032.508809863284,32290.69867806003,32568.973952908615,31666.94333006086,-0.007507988415690476,-0.0008862095039130683,-0.006621778911777435,0.027391133924873263,997.200974,475942888.7400001,1008.4478580000001,992.7665440000002,-0.010006968039099179
2022-11-03,31893.869349926703,32304.316539733107,31586.614259583588,31883.663287402345,354835.2534000001,0.0,0.0,31883.663287402345,31893.869349926703,32304.316539733107,31586.614259583588,-0.005503938402287213,-0.0058735456810839574,0.0003696072787967421,0.0220235541306994,993.9068259999999,394170050.3399999,997.94167,984.97949,-0.0032248174307561816
2022-11-04,31728.780743937525,31996.856477451947,30882.233392257334,31308.97302158204,696801.429,0.0,0.0,31308.97302158204,31728.780743937525,31996.856477451947,30882.233392257334,-0.01960016892779786,-0.005092955715294494,-0.014507213212503367,0.03592973289039387,971.8223899999999,677079277.3799999,984.307016,949.854906,-0.021899656145812952
2022-11-07,31238.910080157795,31546.4266889789,30308.111257064746,30664.00118505859,543913.4826,0.0,0.0,30664.00118505859,31238.910080157795,31546.4266889789,30308.111257064746,-0.023687086265544947,-0.0027680122612867247,-0.02091907400425822,0.040193655580708906,950.4201739999997,520463786.2599999,970.8770279999999,944.981906,-0.021703256482287884
2022-11-08,30374.007820697807,31054.26317700972,29904.340319612988,30598.226270703122,470464.2599000001,0.0,0.0,30598.226270703122,30374.007820697807,31054.26317700972,29904.340319612988,9.644839983784866e-05,-0.014446398144835676,0.014542846544673516,0.041538568996861085,956.7160899999999,528698571.5,956.920756,932.6629620000001,0.006434801896438908
2022-11-09,30723.24752760567,31372.902940469477,30348.411970501693,30909.281621972652,292029.6048,0.0,0.0,30909.281621972652,30723.24752760567,31372.902940469477,30348.411970501693,0.008230935810440407,0.0036288974140454705,0.0046020383963949404,0.0347985377705891,960.5560140000001,454481709.43999994,969.5223339999998,953.0905779999999,0.0039038746002392237
2022-11-10,30507.124573982204,30824.76752092874,29641.740953638146,30079.787929296883,522762.8548,0.0,0.0,30079.787929296883,30507.124573982204,30824.76752092874,29641.740953638146,-0.027821274915269256,-0.016109736698365008,-0.011711538216904247,0.038873911720297256,923.180104,621426888.5,951.5117260000001,912.0111880000001,-0.03867987963320208
2022-11-11,30444.12203275751,30775.423453166233,29580.898720170386,30144.33981748047,469509.1414000001,0.0,0.0,30144.33981748047,30444.12203275751,30775.423453166233,29580.898720170386,0.0001626930565669581,0.009352248156608614,-0.009189555100041666,0.038373484413717796,930.2849379999998,629853669.94,942.1458199999998,925.3729539999999,0.007471848645952383
2022-11-14,29855.568281837015,30281.57809564238,28877.090396773612,29716.053881835935,462479.73840000003,0.0,0.0,29716.053881835935,29855.568281837015,30281.57809564238,28877.090396773612,-0.02090827425043152,-0.010688371410692177,-0.010219902839739328,0.04432164347902554,917.1375839999996,584086843.78,921.2796339999999,900.072338,-0.013871897065170535
2022-11-15,29338.06868392539,29612.20452411748,28088.857518428344,28596.55834716796,532816.6979,246.7,0.0,28596.55834716796,29338.06868392539,29612.20452411748,28088.857518428344,-0.0403562353920505,-0.016398110467012443,-0.02395812492503807,0.05300767780204561,888.73774,574135885.4,905.4618759999997,877.305682,-0.030656346795066867
2022-11-16,27590.918742804697,29295.379659467733,27219.357065874592,28878.426609277343,1047251.0628,0.0,0.0,28878.426609277343,27590.918742804697,29295.379659467733,27219.357065874592,0.012963034007911635,-0.03849099718665076,0.0514540311945624,0.08159668523322233,918.95034,910340821.0599997,921.406332,851.5859879999999,0.032580778134698646
2022-11-17,29302.249283302015,30081.504620486856,28730.139881188195,29528.795870410155,431934.07240000006,19.0,0.0,29528.795870410155,29302.249283302015,30081.504620486856,28730.139881188195,0.025023613634917542,0.013455864138119443,0.011567749496798058,0.042899512111575666,944.6407960000001,574592290.5800002,948.168848,926.7471400000002,0.02687231568523682
2022-11-18,29480.385582271378,29873.441329556168,28694.627785223256,29472.790316894534,580680.3644000001,26.599999999999998,0.0,29472.790316894534,29480.385582271378,29873.441329556168,28694.627785223256,0.0038144445195750173,-0.0022233588831479575,0.0060378034027229995,0.040498630073950645,944.7090179999998,812619823.1799998,947.0870419999998,915.860858,7.038311353062038e-05
2022-11-21,29443.199720124732,29865.008054730588,29044.78676808666,29475.93282636719,406496.67889999994,0.0,0.0,29475.93282636719,29443.199720124732,29865.008054730588,29044.78676808666,0.001792732235048638,-0.0008504365310460127,0.0026431687660946387,0.02764860275208023,936.2494899999999,509449441.8200001,948.470974,932.468042,-0.008766500210323132
2022-11-22,29369.66379330857,29955.616747188364,29047.81003827231,29485.684285156254,672610.3772999998,0.0,0.0,29485.684285156254,29369.66379330857,29955.616747188364,29047.81003827231,0.0010577300763593702,-0.0030996545235728442,0.004157384599932237,0.032869342317384226,927.936152,953872791.9599998,960.2538879999997,924.427592,-0.008692517250053133
2022-11-23,29370.412181178268,29907.28959869103,29098.523115233857,29579.669594628904,272496.5073,0.0,0.0,29579.669594628904,29370.412181178268,29907.28959869103,29098.523115233857,0.0029983772459355584,-0.005294583737101174,0.00829296098303672,0.03079180153507966,921.9716000000001,476509423.72,934.2613059999999,918.092692,-0.0062847161072828485
2022-11-24,29427.398212954915,29699.02672095956,28976.33134705865,29358.10005791016,525492.9994,0.0,0.0,29358.10005791016,29427.398212954915,29699.02672095956,28976.33134705865,-0.008096016667826696,-0.008243354225355583,0.00014733755752892818,0.028571937629578555,923.6381660000001,469963620.27999985,925.899238,910.578526,0.001760107358536678
2022-11-25,29458.241143446478,29973.022589656408,29175.917174432307,29705.709849707026,479536.17860000004,0.0,0.0,29705.709849707026,29458.241143446478,29973.022589656408,29175.917174432307,0.014308646276438228,0.004278323090115115,0.010030323186323119,0.027437891255760197,946.7849160000001,540285493.44,946.7849160000001,931.2595380000001,0.024122856969240436
2022-11-28,29596.9784953291,30622.90794462181,29406.949851485566,30294.42620410156,557808.3177000001,0.0,0.0,30294.42620410156,29596.9784953291,30622.90794462181,29406.949851485566,0.02188777665374909,0.0008204614895924542,0.021067315164156636,0.03706964524835853,980.1454739999999,850238213.6599998,980.6620119999999,954.601208,0.033749479489423855
2022-11-29,30384.41665787714,30934.42486035452,29823.958993158034,30573.905340332036,636619.2697999999,0.0,0.0,30573.905340332036,30384.41665787714,30934.42486035452,29823.958993158034,0.009631119357891824,0.0019561519499988536,0.00767496740789296,0.0359077900858795,1005.9431359999999,1073707268.9200001,1005.9431359999999,973.1965759999997,0.025319933260058342
2022-11-30,30733.439340849884,31562.40153106262,30227.133077903498,31324.687741796875,600068.1061999999,0.0,0.0,31324.687741796875,30733.439340849884,31562.40153106262,30227.133077903498,0.021653664621780307,0.003911262368700266,0.01774240225308001,0.042824600473695004,1021.7901320000001,932215815.5199999,1021.7901320000001,995.5928839999998,0.015233558562288984
2022-12-01,31387.358455666166,31706.357555254905,30566.132905170285,30924.110275000006,691389.0412000001,0.0,0.0,30924.110275000006,31387.358455666166,31706.357555254905,30566.132905170285,-0.008537816141735256,0.0018631532081456936,-0.010400969349880941,0.03419395546399858,1009.9584880000001,1231241905.3,1039.1964879999998,1009.3152519999999,-0.011351060341201346
2022-12-02,30871.19130629981,31501.483755943635,30358.478518767097,31176.330283007814,744557.9876999999,0.0,0.0,31176.330283007814,30871.19130629981,31501.483755943635,30358.478518767097,0.005457488876394039,-0.0031979196397270496,0.008655408516121132,0.03571575914337466,1052.577746,988480155.74,1052.577746,1004.627426,0.04028306652325014
2022-12-05,31352.91277347109,31847.9118617847,30922.34768549045,31440.81117050782,512544.58770000003,0.0,0.0,31440.81117050782,31352.91277347109,31847.9118617847,30922.34768549045,0.007940033708629151,0.0051235491587788146,0.0028164845498503547,0.03028857887928641,1065.8907820000002,1083917763.2799997,1071.52397,1055.092214,0.012249467499708476
2022-12-06,31265.679892357486,31805.09662064143,30671.118561608662,31170.77362890625,689626.6835,0.0,0.0,31170.77362890625,31265.679892357486,31805.09662064143,30671.118561608662,-0.00467000280904106,-0.0061097470190357404,0.0014397442099946768,0.03803430958964249,1022.0532739999998,1322470020.5199995,1062.937744,1022.0532739999998,-0.040930516887450794
2022-12-07,31043.4429236057,31444.287871553854,30657.651394119228,31157.285655175787,404273.4186000001,0.0,0.0,31157.285655175787,31043.4429236057,31444.287871553854,30657.651394119228,-0.000685302972063936,-0.0028242416346094526,0.0021389386625455206,0.025905512466261844,1014.578092,806918413.1799998,1032.8713339999997,1008.633032,-0.007154309035978442
2022-12-08,31367.740871914702,31794.14655706782,30816.561438402627,31402.591378027344,491431.87419999996,0.0,0.0,31402.591378027344,31367.740871914702,31794.14655706782,30816.561438402627,0.006633654930186571,0.006576504324193137,5.715060599345909e-05,0.03202710691310573,1023.8465379999999,851520105.04,1050.706514,1019.4121080000001,0.008862814537300989
2022-12-09,31364.691631059075,31749.46232790812,30982.59219777058,31545.43831074218,396363.59,0.0,0.0,31545.43831074218,31364.691631059075,31749.46232790812,30982.59219777058,0.0047235145328485915,-0.0014339493321744222,0.006157463865023011,0.02643271257953817,1025.094026,707205235.44,1034.2552660000001,1014.9386940000002,0.0011867615648704511
2022-12-12,31759.781440234994,32185.527858742742,31177.55987189673,31550.786314355468,539486.1236,0.0,0.0,31550.786314355468,31759.781440234994,32185.527858742742,31177.55987189673,0.0016737031098877266,0.007070788574504498,-0.005397085464616776,0.03345011238020171,1005.8554220000001,788239034.6599998,1038.104936,1005.8554220000001,-0.018464767138693064
2022-12-13,31524.955514359266,32094.24498292699,31057.45662555841,31763.938039257817,399473.3051,0.0,0.0,31763.938039257817,31524.955514359266,32094.24498292699,31057.45662555841,0.006240788457162305,-0.001771650169861527,0.008012438627023796,0.033785719216090485,1020.84477,717138845.94,1020.84477,1000.2319799999999,0.014416424284650842
2022-12-14,32049.710762648378,32235.46209527479,31483.315060149624,31858.011280371094,428799.7538,96.80000000000001,0.0,31858.011280371094,32049.710762648378,32235.46209527479,31483.315060149624,0.0025701484154923154,0.007129552405073635,-0.0045594039895812885,0.023406219813400915,1023.749078,650896745.84,1035.200628,1019.850678,0.0027688046536589947
2022-12-15,31773.44193937266,32273.263934023427,31503.851116587513,32062.46759101563,395080.0209000001,14.200000000000001,0.0,32062.46759101563,31773.44193937266,32273.263934023427,31503.851116587513,0.006098784020798543,-0.003496023635407506,0.009594807656206045,0.024750057960448792,1028.5148719999997,648858857.2400002,1035.6197059999997,1022.4138759999998,0.004526465693284984
2022-12-16,31920.04061959248,32358.961153538068,31585.644169029336,32134.64796904298,465161.94029999996,0.0,0.0,32134.64796904298,31920.04061959248,32358.961153538068,31585.644169029336,0.0033936427171640895,-0.003909074453927401,0.007302717171091488,0.02383612993579032,1025.7470079999998,770165272.5800002,1037.7443339999998,1020.5621360000001,-0.0026263076904354085
2022-12-19,32100.676490451155,32456.057559990357,31618.413014014623,31917.27091748047,526722.7348000001,63.300000000000004,0.0,31917.27091748047,32100.676490451155,32456.057559990357,31618.413014014623,-0.004891718597424433,-0.0014837159107824287,-0.0034080026866420026,0.02607130964961147,1012.02464,830675652.6200002,1038.5240139999999,1012.02464,-0.013126124337774473
2022-12-20,31780.200733114205,32171.512622386053,31024.453147640514,31699.132880175777,514016.0343,85.0,0.0,31699.132880175777,31780.200733114205,32171.512622386053,31024.453147640514,-0.0063124212682332224,-0.0063524901175725035,4.006884933929274e-05,0.03792672573637535,997.1424980000002,929806214.4800003,1012.356004,984.4239680000001,-0.014438222272435658
2022-12-21,31822.037750031937,32038.36200497281,31155.74724970152,31677.367231933593,284818.77629999997,0.0,0.0,31677.367231933593,31822.037750031937,32038.36200497281,31155.74724970152,-0.002700766378211502,0.0034921602112220895,-0.006192926589433578,0.028353776615740758,993.0004479999999,685699711.8400002,1007.5804639999999,979.8920779999999,-0.004056842014263731
2022-12-22,31849.032057994875,32076.42556612809,31226.990885493065,31637.01670009765,223665.77039999998,0.0,0.0,31637.01670009765,31849.032057994875,32076.42556612809,31226.990885493065,-0.002199884569791444,0.005078636911512673,-0.007278521481304106,0.028160692499468083,996.6357060000001,518207099.96000004,1006.9372280000002,990.7198839999999,0.0035613811923462355
2022-12-23,31596.64631367284,31877.79910834935,31202.77432254291,31496.351313183593,289211.3426999999,10.0,0.0,31496.351313183593,31596.64631367284,31877.79910834935,31202.77432254291,-0.005860724289093178,-0.002636641805584888,-0.0032240824835082908,0.024656142520524314,994.4233640000003,413058285.64,1001.245564,987.4647199999997,-0.0021658316752480363
2022-12-26,31466.0141424891,31666.613224800054,30559.48311128578,30866.988999707028,333633.2386,0.0,0.0,30866.988999707028,31466.0141424891,31666.613224800054,30559.48311128578,-0.019387186331444907,-0.0004037697359782276,-0.018983416595466682,0.03650162820190224,960.1856660000002,552452107.4600002,995.9339939999999,960.1856660000002,-0.0341464439119459
2022-12-27,30560.88322458591,31413.504655452958,30262.73527245249,31060.889046582037,270209.5679,0.0,0.0,31060.889046582037,30560.88322458591,31413.504655452958,30262.73527245249,0.005460312951561392,-0.01011117694245191,0.015571489894013286,0.0368115152888138,979.0539220000002,494322772.67999995,982.279848,959.3864939999999,0.018965766503751785
2022-12-28,31104.205687228754,31434.558228839083,30717.013239506083,31366.108137207033,231716.78079999998,0.0,0.0,31366.108137207033,31104.205687228754,31434.558228839083,30717.013239506083,0.009110101343847795,0.0018737843626609142,0.007236316981186905,0.021373636112180714,989.862236,382308193.74,994.598792,973.5961620000002,0.010700190145719345
2022-12-29,31242.479236052764,31584.94659227282,30972.77908326224,31277.18467783203,179355.4276,37.93388364,0.0,31277.18467783203,31242.479236052764,31584.94659227282,30972.77908326224,-0.0009639251561633829,-0.0031905103253287936,0.0022265851691654357,0.021003130034095204,983.654034,361869467.29999995,996.002216,983.654034,-0.006131729157229443
2022-12-30,31306.18544562536,31822.660421581415,30800.40644872001,31325.008085644524,211820.62009999994,0.0,0.0,31325.008085644524,31306.18544562536,31822.660421581415,30800.40644872001,0.0031702895077276743,-0.0006542172284025821,0.003824506736130244,0.03034995045275821,981.5099139999999,335631383.56000006,992.1330540000001,981.5099139999999,-0.0021267031519876353
2023-01-02,,,,,,,,,,,,,,,,,,,,
2023-01-03,,,,,,,,,,,,,,,,,,,,
2023-01-04,,,,,,,,,,,,,,,,,,,,
2023-01-05,,,,,,,,,,,,,,,,,,,,
2023-01-06,,,,,,,,,,,,,,,,,,,,
2023-01-09,,,,,,,,,,,,,,,,,,,,
2023-01-10,,,,,,,,,,,,,,,,,,,,
2023-01-11,,,,,,,,,,,,,,,,,,,,
2023-01-12,,,,,,,,,,,,,,,,,,,,
2023-01-13,,,,,,,,,,,,,,,,,,,,
2023-01-16,,,,,,,,,,,,,,,,,,,,
2023-01-17,,,,,,,,,,,,,,,,,,,,
2023-01-18,,,,,,,,,,,,,,,,,,,,
2023-01-19,,,,,,,,,,,,,,,,,,,,
2023-01-20,,,,,,,,,,,,,,,,,,,,
2023-01-23,,,,,,,,,,,,,,,,,,,,
2023-01-24,,,,,,,,,,,,,,,,,,,,
2023-01-25,,,,,,,,,,,,,,,,,,,,
2023-01-26,,,,,,,,,,,,,,,,,,,,
2023-01-27,,,,,,,,,,,,,,,,,,,,
2023-01-30,,,,,,,,,,,,,,,,,,,,
2023-01-31,,,,,,,,,,,,,,,,,,,,
2023-02-01,,,,,,,,,,,,,,,,,,,,
2023-02-02,,,,,,,,,,,,,,,,,,,,
2023-02-03,,,,,,,,,,,,,,,,,,,,
2023-02-06,,,,,,,,,,,,,,,,,,,,
2023-02-07,,,,,,,,,,,,,,,,,,,,
2023-02-08,,,,,,,,,,,,,,,,,,,,
2023-02-09,,,,,,,,,,,,,,,,,,,,
2023-02-10,,,,,,,,,,,,,,,,,,,,
2023-02-13,,,,,,,,,,,,,,,,,,,,
2023-02-14,,,,,,,,,,,,,,,,,,,,
2023-02-15,,,,,,,,,,,,,,,,,,,,
2023-02-16,,,,,,,,,,,,,,,,,,,,
2023-02-17,,,,,,,,,,,,,,,,,,,,
2023-02-20,,,,,,,,,,,,,,,,,,,,
2023-02-21,,,,,,,,,,,,,,,,,,,,
2023-02-22,,,,,,,,,,,,,,,,,,,,
2023-02-23,,,,,,,,,,,,,,,,,,,,
2023-02-24,,,,,,,,,,,,,,,,,,,,
2023-02-27,,,,,,,,,,,,,,,,,,,,
2023-02-28,,,,,,,,,,,,,,,,,,,,
2023-03-01,,,,,,,,,,,,,,,,,,,,
2023-03-02,,,,,,,,,,,,,,,,,,,,
2023-03-03,,,,,,,,,,,,,,,,,,,,
2023-03-06,,,,,,,,,,,,,,,,,,,,
2023-03-07,,,,,,,,,,,,,,,,,,,,
2023-03-08,,,,,,,,,,,,,,,,,,,,
2023-03-09,,,,,,,,,,,,,,,,,,,,
2023-03-10,,,,,,,,,,,,,,,,,,,,
2023-03-13,,,,,,,,,,,,,,,,,,,,
2023-03-14,,,,,,,,,,,,,,,,,,,,
2023-03-15,,,,,,,,,,,,,,,,,,,,
2023-03-16,,,,,,,,,,,,,,,,,,,,
2023-03-17,,,,,,,,,,,,,,,,,,,,
2023-03-20,,,,,,,,,,,,,,,,,,,,
2023-03-21,,,,,,,,,,,,,,,,,,,,
2023-03-22,,,,,,,,,,,,,,,,,,,,
2023-03-23,,,,,,,,,,,,,,,,,,,,
2023-03-24,,,,,,,,,,,,,,,,,,,,
2023-03-27,,,,,,,,,,,,,,,,,,,,
2023-03-28,,,,,,,,,,,,,,,,,,,,
2023-03-29,,,,,,,,,,,,,,,,,,,,
2023-03-30,,,,,,,,,,,,,,,,,,,,
2023-03-31,,,,,,,,,,,,,,,,,,,,
2023-04-03,,,,,,,,,,,,,,,,,,,,
2023-04-04,,,,,,,,,,,,,,,,,,,,
2023-04-05,,,,,,,,,,,,,,,,,,,,
2023-04-06,,,,,,,,,,,,,,,,,,,,
2023-04-07,,,,,,,,,,,,,,,,,,,,
2023-04-10,,,,,,,,,,,,,,,,,,,,
2023-04-11,,,,,,,,,,,,,,,,,,,,
2023-04-12,,,,,,,,,,,,,,,,,,,,
2023-04-13,,,,,,,,,,,,,,,,,,,,
2023-04-14,,,,,,,,,,,,,,,,,,,,
2023-04-17,,,,,,,,,,,,,,,,,,,,
2023-04-18,,,,,,,,,,,,,,,,,,,,
2023-04-19,,,,,,,,,,,,,,,,,,,,
2023-04-20,,,,,,,,,,,,,,,,,,,,
2023-04-21,,,,,,,,,,,,,,,,,,,,
2023-04-24,,,,,,,,,,,,,,,,,,,,
2023-04-25,,,,,,,,,,,,,,,,,,,,
2023-04-26,,,,,,,,,,,,,,,,,,,,
2023-04-27,,,,,,,,,,,,,,,,,,,,
2023-04-28,,,,,,,,,,,,,,,,,,,,
2023-05-01,,,,,,,,,,,,,,,,,,,,
2023-05-02,,,,,,,,,,,,,,,,,,,,
2023-05-03,,,,,,,,,,,,,,,,,,,,
2023-05-04,,,,,,,,,,,,,,,,,,,,
2023-05-05,,,,,,,,,,,,,,,,,,,,
2023-05-08,,,,,,,,,,,,,,,,,,,,
2023-05-09,,,,,,,,,,,,,,,,,,,,
2023-05-10,,,,,,,,,,,,,,,,,,,,
2023-05-11,,,,,,,,,,,,,,,,,,,,
2023-05-12,,,,,,,,,,,,,,,,,,,,
2023-05-15,,,,,,,,,,,,,,,,,,,,
2023-05-16,,,,,,,,,,,,,,,,,,,,
2023-05-17,,,,,,,,,,,,,,,,,,,,
2023-05-18,,,,,,,,,,,,,,,,,,,,
2023-05-19,,,,,,,,,,,,,,,,,,,,
2023-05-22,,,,,,,,,,,,,,,,,,,,
2023-05-23,,,,,,,,,,,,,,,,,,,,
2023-05-24,,,,,,,,,,,,,,,,,,,,
2023-05-25,,,,,,,,,,,,,,,,,,,,
2023-05-26,,,,,,,,,,,,,,,,,,,,
2023-05-29,,,,,,,,,,,,,,,,,,,,
2023-05-30,,,,,,,,,,,,,,,,,,,,
2023-05-31,,,,,,,,,,,,,,,,,,,,
2023-06-01,,,,,,,,,,,,,,,,,,,,
2023-06-02,,,,,,,,,,,,,,,,,,,,
2023-06-05,,,,,,,,,,,,,,,,,,,,
2023-06-06,,,,,,,,,,,,,,,,,,,,
2023-06-07,,,,,,,,,,,,,,,,,,,,
2023-06-08,,,,,,,,,,,,,,,,,,,,
2023-06-09,,,,,,,,,,,,,,,,,,,,
2023-06-12,,,,,,,,,,,,,,,,,,,,
2023-06-13,,,,,,,,,,,,,,,,,,,,
2023-06-14,,,,,,,,,,,,,,,,,,,,
2023-06-15,,,,,,,,,,,,,,,,,,,,
2023-06-16,,,,,,,,,,,,,,,,,,,,
2023-06-19,,,,,,,,,,,,,,,,,,,,
2023-06-20,,,,,,,,,,,,,,,,,,,,
2023-06-21,,,,,,,,,,,,,,,,,,,,
2023-06-22,,,,,,,,,,,,,,,,,,,,
2023-06-23,,,,,,,,,,,,,,,,,,,,
2023-06-26,,,,,,,,,,,,,,,,,,,,
2023-06-27,,,,,,,,,,,,,,,,,,,,
2023-06-28,,,,,,,,,,,,,,,,,,,,
2023-06-29,,,,,,,,,,,,,,,,,,,,
2023-06-30,,,,,,,,,,,,,,,,,,,,
2023-07-03,,,,,,,,,,,,,,,,,,,,
2023-07-04,,,,,,,,,,,,,,,,,,,,
2023-07-05,,,,,,,,,,,,,,,,,,,,
2023-07-06,,,,,,,,,,,,,,,,,,,,
2023-07-07,,,,,,,,,,,,,,,,,,,,
2023-07-10,,,,,,,,,,,,,,,,,,,,
2023-07-11,,,,,,,,,,,,,,,,,,,,
2023-07-12,,,,,,,,,,,,,,,,,,,,
2023-07-13,,,,,,,,,,,,,,,,,,,,
2023-07-14,,,,,,,,,,,,,,,,,,,,
2023-07-17,,,,,,,,,,,,,,,,,,,,
2023-07-18,,,,,,,,,,,,,,,,,,,,
2023-07-19,,,,,,,,,,,,,,,,,,,,
2023-07-20,,,,,,,,,,,,,,,,,,,,
2023-07-21,,,,,,,,,,,,,,,,,,,,
2023-07-24,,,,,,,,,,,,,,,,,,,,
2023-07-25,,,,,,,,,,,,,,,,,,,,
2023-07-26,,,,,,,,,,,,,,,,,,,,
2023-07-27,,,,,,,,,,,,,,,,,,,,
2023-07-28,,,,,,,,,,,,,,,,,,,,
2023-07-31,,,,,,,,,,,,,,,,,,,,
2023-08-01,,,,,,,,,,,,,,,,,,,,
2023-08-02,,,,,,,,,,,,,,,,,,,,
2023-08-03,,,,,,,,,,,,,,,,,,,,
2023-08-04,,,,,,,,,,,,,,,,,,,,
2023-08-07,,,,,,,,,,,,,,,,,,,,
2023-08-08,,,,,,,,,,,,,,,,,,,,
2023-08-09,,,,,,,,,,,,,,,,,,,,
2023-08-10,,,,,,,,,,,,,,,,,,,,
2023-08-11,,,,,,,,,,,,,,,,,,,,
2023-08-14,,,,,,,,,,,,,,,,,,,,
2023-08-15,,,,,,,,,,,,,,,,,,,,
2023-08-16,,,,,,,,,,,,,,,,,,,,
2023-08-17,,,,,,,,,,,,,,,,,,,,
2023-08-18,,,,,,,,,,,,,,,,,,,,
2023-08-21,,,,,,,,,,,,,,,,,,,,
2023-08-22,,,,,,,,,,,,,,,,,,,,
2023-08-23,,,,,,,,,,,,,,,,,,,,
2023-08-24,,,,,,,,,,,,,,,,,,,,
2023-08-25,,,,,,,,,,,,,,,,,,,,
2023-08-28,,,,,,,,,,,,,,,,,,,,
2023-08-29,,,,,,,,,,,,,,,,,,,,
2023-08-30,,,,,,,,,,,,,,,,,,,,
2023-08-31,,,,,,,,,,,,,,,,,,,,
2023-09-01,,,,,,,,,,,,,,,,,,,,
2023-09-04,,,,,,,,,,,,,,,,,,,,
2023-09-05,,,,,,,,,,,,,,,,,,,,
2023-09-06,,,,,,,,,,,,,,,,,,,,
2023-09-07,,,,,,,,,,,,,,,,,,,,
2023-09-08,,,,,,,,,,,,,,,,,,,,
2023-09-11,,,,,,,,,,,,,,,,,,,,
2023-09-12,,,,,,,,,,,,,,,,,,,,
2023-09-13,,,,,,,,,,,,,,,,,,,,
2023-09-14,,,,,,,,,,,,,,,,,,,,
2023-09-15,,,,,,,,,,,,,,,,,,,,
2023-09-18,,,,,,,,,,,,,,,,,,,,
2023-09-19,,,,,,,,,,,,,,,,,,,,
2023-09-20,,,,,,,,,,,,,,,,,,,,
2023-09-21,,,,,,,,,,,,,,,,,,,,
2023-09-22,,,,,,,,,,,,,,,,,,,,
2023-09-25,,,,,,,,,,,,,,,,,,,,
2023-09-26,,,,,,,,,,,,,,,,,,,,
2023-09-27,,,,,,,,,,,,,,,,,,,,
2023-09-28,,,,,,,,,,,,,,,,,,,,
2023-09-29,,,,,,,,,,,,,,,,,,,,
2023-10-02,,,,,,,,,,,,,,,,,,,,
2023-10-03,,,,,,,,,,,,,,,,,,,,
2023-10-04,,,,,,,,,,,,,,,,,,,,
2023-10-05,,,,,,,,,,,,,,,,,,,,
2023-10-06,,,,,,,,,,,,,,,,,,,,
2023-10-09,,,,,,,,,,,,,,,,,,,,
2023-10-10,,,,,,,,,,,,,,,,,,,,
2023-10-11,,,,,,,,,,,,,,,,,,,,
2023-10-12,,,,,,,,,,,,,,,,,,,,
2023-10-13,,,,,,,,,,,,,,,,,,,,
2023-10-16,,,,,,,,,,,,,,,,,,,,
2023-10-17,,,,,,,,,,,,,,,,,,,,
2023-10-18,,,,,,,,,,,,,,,,,,,,
2023-10-19,,,,,,,,,,,,,,,,,,,,
2023-10-20,,,,,,,,,,,,,,,,,,,,
2023-10-23,,,,,,,,,,,,,,,,,,,,
2023-10-24,,,,,,,,,,,,,,,,,,,,
2023-10-25,,,,,,,,,,,,,,,,,,,,
2023-10-26,,,,,,,,,,,,,,,,,,,,
2023-10-27,,,,,,,,,,,,,,,,,,,,
2023-10-30,,,,,,,,,,,,,,,,,,,,
2023-10-31,,,,,,,,,,,,,,,,,,,,
2023-11-01,,,,,,,,,,,,,,,,,,,,
2023-11-02,,,,,,,,,,,,,,,,,,,,
2023-11-03,,,,,,,,,,,,,,,,,,,,
2023-11-06,,,,,,,,,,,,,,,,,,,,
2023-11-07,,,,,,,,,,,,,,,,,,,,
2023-11-08,,,,,,,,,,,,,,,,,,,,
2023-11-09,,,,,,,,,,,,,,,,,,,,
2023-11-10,35795.28824113018,36264.49062414456,35421.87388003046,35866.3962399414,736919.8210000001,0.0,0.0,35866.3962399414,35795.28824113018,36264.49062414456,35421.87388003046,0.002635297101754504,-0.001918539512557044,0.004553836614311544,0.024267639427126193,1101.5698320000001,945294761.0699998,1115.908398,1101.119877,-0.011021003714824498
2023-11-13,35904.35528004512,36209.698164871596,35559.262409758565,35851.53560166015,512406.36329999997,0.0,0.0,35851.53560166015,35904.35528004512,36209.698164871596,35559.262409758565,-0.0015565855313400823,0.0024737596964428564,-0.004030345227782949,0.018883856802839785,1099.959993,730117280.9700001,1107.799209,1093.0806810000001,-0.001462327046150417
2023-11-14,36036.050907585064,36316.99206461051,35640.593680579725,35939.44315273437,744591.1893999999,0.0,0.0,35939.44315273437,36036.050907585064,36316.99206461051,35640.593680579725,0.0019000917263250635,0.004806242393672503,-0.002906150667347454,0.018351981234559125,1109.6190269999997,765945497.7899997,1115.4884399999994,1101.559833,0.008742054056474944
2023-11-15,36193.67121870988,36439.51927784359,35839.57171799237,36101.42259384765,677402.8835999998,0.0,0.0,36101.42259384765,36193.67121870988,36439.51927784359,35839.57171799237,0.00429612910692349,0.007356728612429222,-0.0030605995055057104,0.016501752992526222,1122.3877499999999,882208370.3399998,1132.636725,1118.6281259999998,0.011440453981894588
2023-11-16,36102.47233329781,36333.39880095922,35771.951139951496,36134.68088613281,598927.9931999999,0.0,0.0,36134.68088613281,36102.47233329781,36333.39880095922,35771.951139951496,-0.00010371321934423252,-0.0014987370896939252,0.0013950238703496704,0.015012609929647404,1125.417447,605064387.51,1125.417447,1114.8585030000002,0.0026954256257046955
2023-11-17,36216.130183622205,36419.9158967194,35654.22711429767,35908.88761953124,764186.8841999999,0.0,0.0,35908.88761953124,36216.130183622205,36419.9158967194,35654.22711429767,-0.006515423440348634,0.0015727860992128225,-0.008088209539561438,0.019203513685384734,1101.0798810000001,1175418046.4399998,1129.7270159999998,1096.050384,-0.021860436324697717
2023-11-20,35801.022150532604,36248.57318083504,35471.341502384756,35848.87509492188,485024.4342,260.0,0.0,35848.87509492188,35801.022150532604,36248.57318083504,35471.341502384756,-0.001515430744826191,-0.0022546210674100073,0.0007391903225838225,0.022275561751058742,1103.549634,750808111.6799998,1111.1488739999998,1085.211468,0.0022402921134426802
2023-11-21,36069.26139628185,36355.04332137528,35757.8131774107,36198.643631054685,427156.7967,107.7,0.0,36198.643631054685,36069.26139628185,36355.04332137528,35757.8131774107,0.007570745747458638,0.005450699387049821,0.002120046360408791,0.015550037883055264,1110.3489539999998,601768317.15,1112.658723,1103.6796210000002,0.006141800243672448
2023-11-22,36141.655687757724,36491.001204779044,35895.48846506717,36225.8203336914,799894.4175999998,0.0,0.0,36225.8203336914,36141.655687757724,36491.001204779044,35895.48846506717,0.00034357251909727487,-0.0030220680217672015,0.0033656405408644887,0.016177653025189698,1113.708618,812150276.85,1115.3584529999998,1103.149674,0.0030209025441884064
2023-11-23,36268.315204138395,36517.57414146314,35485.90464902832,35612.25223662109,632377.5908000001,0.0,0.0,35612.25223662109,36268.315204138395,36517.57414146314,35485.90464902832,-0.01204835334788338,0.00046422850901805656,-0.012512581856901418,0.024146583505944806,1088.381151,952232067.27,1118.4281459999997,1088.381151,-0.02300183344824863
2023-11-24,35664.668808431445,36052.754519337825,35135.15549642958,35758.64948603517,678169.6976000001,0.0,0.0,35758.64948603517,35664.668808431445,36052.754519337825,35135.15549642958,0.000614157141765481,0.0013535999818618985,-0.0007394428400963994,0.024636110552420865,1095.500439,900743616.63,1095.500439,1073.202669,0.0065192191010482285
2023-11-27,35815.738780074054,36092.76715368161,35466.89807108413,35821.37969541015,399224.41020000004,0.0,0.0,35821.37969541015,35815.738780074054,36092.76715368161,35466.89807108413,0.001409809516780703,0.00157137817019005,-0.00016156865340935674,0.016013444548554055,1087.9511939999998,507126682.26,1096.7303160000001,1085.581431,-0.00691430031268485
2023-11-28,35880.94420444889,36065.058643702636,35319.501111063146,35872.65892958985,387377.2785,0.0,0.0,35872.65892958985,35880.94420444889,36065.058643702636,35319.501111063146,0.002065843228143745,0.0008987940428254877,0.0011670491853182636,0.020384377351604876,1095.320457,593195874.48,1095.320457,1076.342355,0.006750011207598028
2023-11-29,35968.215802579405,36330.91105291656,35686.201363280255,36167.14034599609,451268.22719999996,0.0,0.0,36167.14034599609,35968.215802579405,36330.91105291656,35686.201363280255,0.005051614788963517,0.0013985358907510409,0.003653078898212486,0.016963513731892702,1102.6897199999999,562756818.6899999,1105.1694719999998,1095.320457,0.006704749377255806
2023-11-30,36185.06006567195,36479.18043676019,35928.77255678653,36127.232171972646,375049.9681,0.0,0.0,36127.232171972646,36185.06006567195,36479.18043676019,35928.77255678653,0.0019379742820088677,0.002236036798584572,-0.00029806251657572163,0.015498638679748872,1094.020587,659913602.0399998,1107.3392550000003,1094.020587,-0.007892083958394998
2023-12-01,36302.2225631354,36417.99444013922,35893.603247757106,36208.6821953125,311672.24509999994,0.0,0.0,36208.6821953125,36302.2225631354,36417.99444013922,35893.603247757106,0.002782676801531728,0.005129085873616029,-0.0023464090720843257,0.014218822164677992,1102.0497840000003,569276366.67,1102.08978,1089.970992,0.007311632596038361
2023-12-04,36300.29071307021,36778.87779238195,36065.62915159063,36552.055604882815,738757.4857000002,0.0,0.0,36552.055604882815,36300.29071307021,36778.87779238195,36065.62915159063,0.008359381738838547,0.0018062920708199958,0.006553089668018517,0.017928421645016266,1120.3779510000002,1037934396.18,1123.847604,1102.0497840000003,0.016492549457687963
2023-12-05,36733.4146368652,37015.20187021385,36332.02537516675,36680.6152571289,626438.0542999998,0.0,0.0,36680.6152571289,36733.4146368652,37015.20187021385,36332.02537516675,0.0036141411229694957,0.0038476535478096175,-0.00023351242484014306,0.019018564158998483,1115.8584029999997,753370555.4100002,1123.9975889999998,1113.4386449999997,-0.004041703543637818
2023-12-06,36705.19700420719,37028.8096956975,36365.127635256074,36852.07128740234,520125.1196999999,0.0,0.0,36852.07128740234,36705.19700420719,37028.8096956975,36365.127635256074,0.003455941684162844,0.001419942341484545,0.0020359993426782986,0.01810382676536618,1126.3173570000004,776691123.1199999,1126.3173570000004,1115.8584029999997,0.009328424776561938
2023-12-07,36881.450467313014,37107.17978807605,36303.542783195815,36800.7953477539,786067.1222000001,0.0,0.0,36800.7953477539,36881.450467313014,37107.17978807605,36303.542783195815,1.3052941378189752e-07,0.0014239533485307925,-0.0014238228191170183,0.02156083643781719,1121.3778510000004,1298262860.73,1129.7170170000002,1109.399049,-0.004394741762715643
2023-12-08,36798.99978148944,37071.71664416967,36531.497058197965,36908.97828115234,778235.5980999998,0.0,0.0,36908.97828115234,36798.99978148944,37071.71664416967,36531.497058197965,0.002163163349885968,2.871613438203244e-05,0.002134447215503933,0.01415949517062495,1124.3275560000002,737531339.4900001,1127.3472540000002,1119.318057,0.0026267129396964264
2023-12-11,36915.2321001964,37093.24507561678,36636.95910730759,36913.14861064452,384462.97579999996,0.0,0.0,36913.14861064452,36915.2321001964,37093.24507561678,36636.95910730759,-0.0010164311518842206,-0.0017469177138977007,0.000730486562013469,0.012539163228871232,1125.3874500000002,618245569.26,1129.0370850000002,1120.207968,0.0009421531937892668
2023-12-12,36947.76199440992,37188.42406376988,36651.487342778346,36909.82416816406,558668.1763,0.0,0.0,36909.82416816406,36947.76199440992,37188.42406376988,36651.487342778346,0.0007963654043692832,0.0007198938086899738,7.647159567931495e-05,0.01521230779550134,1127.5172370000003,539130281.58,1129.6570230000002,1123.237665,0.001890514648028828
2023-12-13,37005.38276943619,37269.582105860165,36520.56999418609,36679.34101816406,621853.6117999998,0.0,0.0,36679.34101816406,37005.38276943619,37269.582105860165,36520.56999418609,-0.0049116954178507165,0.002745468349331737,-0.0076571637671824415,0.01931913987455781,1114.08858,763900702.2899997,1131.096879,1111.9687919999997,-0.011980228335824634
2023-12-14,36811.21956436528,37067.7061376978,36367.44057305265,36592.76349033203,454246.0228999999,28.6,0.0,36592.76349033203,36811.21956436528,37067.7061376978,36367.44057305265,-0.0036152473517361942,0.001405669911767506,-0.005020917263503682,0.01836228977372756,1110.018987,603862307.7299999,1120.247964,1107.7492140000002,-0.003659167067590112
2023-12-15,36632.017013553545,36788.50291318324,36313.54826581986,36476.962008984374,550276.3132,0.0,0.0,36476.962008984374,36632.017013553545,36788.50291318324,36313.54826581986,-0.001835139887833497,0.001505180103875798,-0.003340319991709301,0.013806894365374033,1102.18977,684381455.0099999,1112.678721,1102.18977,-0.007077511774593463
2023-12-18,36491.62083141865,36742.38367829672,36007.54123640905,36209.150792578126,512276.7598000001,152.75,0.0,36209.150792578126,36491.62083141865,36742.38367829672,36007.54123640905,-0.0063754194730413355,0.000298190446530265,-0.006673609919571617,0.01870377212551923,1091.7708120000002,544243170.24,1103.629626,1091.3408549999997,-0.009496975020188675
2023-12-19,36219.14870083979,36574.985035109814,35968.02015299011,36401.24194423828,382419.9820000001,87.10000000000001,0.0,36401.24194423828,36219.14870083979,36574.985035109814,35968.02015299011,0.003541685475176271,-0.0008906402369675732,0.004432325712143846,0.01705575563469583,1096.1903699999998,561101484.24,1096.1903699999998,1082.181771,0.004039488534642076
2023-12-20,36385.299638628014,36879.24769823991,36181.654458996156,36674.29169970703,568979.6718,0.0,0.0,36674.29169970703,36385.299638628014,36879.24769823991,36181.654458996156,0.00574706475942404,-0.001482009714907312,0.0072290744743313505,0.016882248606804498,1100.649924,470436351.6599999,1102.1597729999999,1093.2706620000001,0.004059570631407291
2023-12-21,36630.09459990644,36883.306470600975,36400.72073721292,36804.9439359375,492819.85419999994,0.0,0.0,36804.9439359375,36630.09459990644,36883.306470600975,36400.72073721292,0.003038928176025131,-0.0017234491831771477,0.004762377359202298,0.014003351322493354,1102.3197569999998,451371758.31,1102.3197569999998,1094.3605529999998,0.0015158323338448731
2023-12-22,36683.44256433444,37264.347821382464,36424.43369596062,37062.89401806641,461738.67110000004,0.0,0.0,37062.89401806641,36683.44256433444,37264.347821382464,36424.43369596062,0.0022341744061453077,-0.0028092808580780725,0.005043455264223413,0.01978047582610052,1102.949694,496237971.24,1104.5395350000001,1099.2100679999999,0.0005712445008895307
2023-12-25,36971.74948552559,37774.37399182937,36794.08206328285,37552.53767753906,549278.2182000001,0.0,0.0,37552.53767753906,36971.74948552559,37774.37399182937,36794.08206328285,0.009791134660863465,-0.0021439096952399527,0.011935044356103403,0.02234540958094897,1117.548234,550784516.04,1118.1981689999998,1104.159573,0.013147763192029068
2023-12-26,37690.3308951389,38116.1713375083,37232.937834161676,37814.39311074219,642778.0403,52.70833249,0.0,37814.39311074219,37690.3308951389,38116.1713375083,37232.937834161676,0.005759658645774438,0.001632282937981154,0.004127375707793278,0.021390754011601676,1122.1377750000001,575231371.11,1122.997689,1117.8182070000003,0.004097974850878221
2023-12-27,37704.01665042437,38064.25998088887,37367.97615450925,37785.63367919922,522379.0748,0.0,0.0,37785.63367919922,37704.01665042437,38064.25998088887,37367.97615450925,-0.0012702553244013646,-0.001561361331384264,0.0002911060069829066,0.016726355485235815,1121.8778009999999,570680626.23,1126.3573529999996,1121.8778009999999,-0.00023168110466178563
2023-12-28,37752.088872300104,38205.326914508245,37488.58134231063,37798.098337792966,520911.74120000005,193.67999999999998,0.0,37798.098337792966,37752.088872300104,38205.326914508245,37488.58134231063,0.0008630146636219426,-0.0011033493545575894,0.001966364018179531,0.017312610873361122,1128.8171069999999,608405153.4,1130.4669419999998,1120.38795,0.006165770430334411
2023-12-29,37937.02567996959,38137.825509849616,37472.802769479895,37855.88017597656,515203.86110000004,6.3,0.0,37855.88017597656,37937.02567996959,38137.825509849616,37472.802769479895,0.0034375971245417854,0.003950025278652869,-0.0005124281541110697,0.017616109675588965,1129.817007,616423251.51,1134.936495,1129.817007,0.0008853138887064261
2024-01-01,32830.21013857421,32830.21013857421,32830.21013857421,32830.21013857421,0.0,0.0,0.0,32830.21013857421,32830.21013857421,32830.21013857421,32830.21013857421,0.0,6.306066779870889e-18,-3.1530333899354448e-18,6.306066779870889e-18,970.4968769999998,529498880.61,974.8944449999997,970.4968769999998,0.0
2024-01-02,32848.14811260476,33114.010349151344,32378.31084971378,32726.68957304687,455014.1938999999,0.0,0.0,32726.68957304687,32848.14811260476,33114.010349151344,32378.31084971378,-0.0034807536813078604,0.0011712529865751946,-0.004652006667883025,0.016192134318741568,972.034308,667654921.08,978.8969189999999,969.431841,0.0013595660876070913
2024-01-03,32836.67115217798,33122.56489077148,32590.750933562795,32865.693503125,408891.33,117.8,0.0,32865.693503125,32836.67115217798,33122.56489077148,32590.750933562795,0.005760362727165013,0.004174026905414981,0.001586335821750049,0.014020763992455876,982.727613,564785241.09,982.727613,969.1140479999998,0.009397125228482872
2024-01-04,32956.852294994,33360.3788058993,32521.156088580785,32884.08944394532,646813.1900000001,0.0,0.0,32884.08944394532,32956.852294994,33360.3788058993,32521.156088580785,0.0019780622355328507,0.0027173187306993927,-0.0007392564951665564,0.01868751617456218,988.3534080000002,980527884.2099999,996.392712,982.727613,0.004902901905094714
2024-01-05,32897.789875675735,33030.33739504838,32475.94510687867,32813.348836816396,432915.2023,0.0,0.0,32813.348836816396,32897.789875675735,33030.33739504838,32475.94510687867,-0.0004974401378801959,0.00033670532461108787,-0.0008341454624912833,0.014688647828439125,991.754652,653006725.1399999,992.7509759999998,986.9448120000002,0.00295067870664193
2024-01-08,32755.361209039093,33155.23645601796,32508.870424087036,32828.551666308595,460069.2532,0.0,0.0,32828.551666308595,32755.361209039093,33155.23645601796,32508.870424087036,0.001754341834993731,-0.001794435114464337,0.003548776949458067,0.01664157038462131,996.4871910000002,699497264.3399999,998.5227839999998,992.4417719999999,0.00408882394058575
2024-01-09,32825.727138484035,32983.493751421316,32561.086070523124,32801.58220429688,504782.5179999999,0.0,0.0,32801.58220429688,32825.727138484035,32983.493751421316,32561.086070523124,-0.0006455934047755423,-4.860449432938738e-05,-0.0005969889104461626,0.010264770607011859,995.112951,686654218.53,998.7546870000001,992.424594,-0.0011853131544203607
2024-01-10,32744.353487448334,32973.32463636298,32474.03157712466,32614.566113281253,606509.8478,0.0,0.0,32614.566113281253,32744.353487448334,32973.32463636298,32474.03157712466,-0.004333690269587963,-0.0016786379667865672,-0.0026550523028014018,0.0122136080517297,997.6467060000001,803689392.6600001,1001.5632899999999,992.836866,0.002184150341067421
2024-01-11,32651.213287784107,32861.58659982429,32494.97829178713,32677.656226757816,359519.5795,0.0,0.0,32677.656226757816,32651.213287784107,32861.58659982429,32494.97829178713,0.00013418161694301955,0.0007999461915040457,-0.0006657645745610329,0.009220063633597475,998.2307579999999,671863531.08,1004.1399899999999,994.1166270000001,0.0005026784320852479
2024-01-12,32498.84196893588,32756.289222392374,32286.66785004906,32536.88294423828,526029.6849,0.0,0.0,32536.88294423828,32498.84196893588,32756.289222392374,32286.66785004906,-0.0030703600656335366,-0.003934577499193399,0.0008642174335598441,0.01207077364775551,991.7718300000004,891487009.5600002,997.9644989999999,984.943575,-0.0055754628391590155
2024-01-15,32622.459915113857,32969.97309712463,32391.805544014453,32636.37433574219,429105.0743999999,0.0,0.0,32636.37433574219,32622.459915113857,32969.97309712463,32391.805544014453,0.0014650563262612881,0.002503501536050406,-0.001038445209789105,0.014576095277601541,991.2736679999999,480675311.34,999.5448750000002,991.2736679999999,-0.0004315295349825715
2024-01-16,32608.525846826364,32832.92473797471,32410.352187425102,32709.471508593746,637851.2069,0.0,0.0,32709.471508593746,32608.525846826364,32832.92473797471,32410.352187425102,0.0021895749610487294,-0.0010235825100518982,0.0032131574711006,0.010878670292364324,999.0037679999998,490410083.94000006,999.0037679999998,985.7681190000002,0.006671850019560172
2024-01-17,32782.651125316974,32986.65030543519,32515.388745025957,32721.585469531256,526124.8919999999,0.0,0.0,32721.585469531256,32782.651125316974,32986.65030543519,32515.388745025957,0.00024377889536985847,0.002856367168381748,-0.0026125882730118765,0.013017879465352652,998.497017,596157680.1600001,1003.590294,996.710505,-0.0004357930134555268
2024-01-18,32757.120451092556,33033.58663148883,32581.336635116204,32820.48701640625,458679.70609999995,0.0,0.0,32820.48701640625,32757.120451092556,33033.58663148883,32581.336635116204,0.002675177128192181,0.001091341676995434,0.0015838354511967358,0.012708532228452833,1004.105634,489198176.0400001,1004.6810969999999,998.5743180000002,0.004810993068426742
2024-01-19,32785.36728453928,33066.371550799005,32675.673374349943,32890.08254892578,478130.66849999997,0.0,0.0,32890.08254892578,32785.36728453928,33066.371550799005,32675.673374349943,0.0018704946659854128,-0.0005939977557765382,0.0024644924217619604,0.009588811887778017,1014.7903500000001,541778402.1300001,1014.7903500000001,1004.105634,0.009091293783486207
2024-01-22,32898.77637819774,33217.90761005723,32619.662225165284,33031.25385908203,409340.8588000001,0.0,0.0,33031.25385908203,32898.77637819774,33217.90761005723,32619.662225165284,0.0027095510579018614,-0.00047419865992012885,0.003183749717821999,0.014169874531833214,1015.958454,662036684.4,1019.4799439999999,1009.671306,0.0009880932927542462
2024-01-23,33012.87721601508,33176.44146571913,32660.20560621812,32938.653119726565,395675.53660000005,0.0,0.0,32938.653119726565,33012.87721601508,33176.44146571913,32660.20560621812,-0.0012889458877709545,-0.0006696257396449146,-0.0006193201481260376,0.01291422873901935,1011.3547500000001,515851646.72999996,1017.5731859999999,1008.1596420000002,-0.0039008557282392696
2024-01-24,32874.97926556117,33073.243364285925,32636.931835397958,32806.06219863281,464548.2731,0.0,0.0,32806.06219863281,32874.97926556117,33073.243364285925,32636.931835397958,-0.0021382313028248,-0.0016972721307613823,-0.0004409591720634289,0.01064803082447096,1007.4639330000001,553179612.5099999,1013.7596699999998,1006.6307999999999,-0.0033106755817705912
2024-01-25,32806.06219863281,32806.06219863281,32806.06219863281,32806.06219863281,0.0,0.0,0.0,32806.06219863281,32806.06219863281,32806.06219863281,32806.06219863281,0.0,-2.7755575615628914e-19,5.551115123125782e-19,5.551115123125782e-19,1005.2307929999997,412872800.55,1008.2025870000002,1003.6246499999999,-0.0019059469956307106
2024-01-26,32816.757515913225,33108.92379489578,32589.235299965327,32912.06669423829,274971.4188,0.0,0.0,32912.06669423829,32816.757515913225,33108.92379489578,32589.235299965327,0.002982983182205989,0.0005334849044387402,0.0024494982777672563,0.011906325831849265,1009.782963,427918581.3,1010.7191639999998,1007.7130139999998,0.003880733273304622
2024-01-29,32934.42413029715,33327.61504403472,32660.3132491031,33037.075920507814,354357.2042000001,0.0,0.0,33037.075920507814,32934.42413029715,33327.61504403472,32660.3132491031,0.0040360106692884975,0.0010700290983716612,0.0029659815709168424,0.017779751759490252,1009.8001410000002,474809625.57,1013.897094,1009.1044320000004,1.461111867215561e-05
2024-01-30,33087.74025211261,33301.821218728226,32809.62280984659,33104.697249707024,391224.31090000004,0.0,0.0,33104.697249707024,33087.74025211261,33301.821218728226,32809.62280984659,0.0022675826590353777,0.0003191223528942366,0.0019484603061411259,0.0126768943426254,1013.2013850000002,484983381.96,1013.4332880000002,1008.4602570000002,0.0028881156901307057
2024-01-31,33148.221827809044,33476.30107216378,32803.41612544766,33156.72243554687,538898.1898999999,0.0,0.0,33156.72243554687,33148.221827809044,33476.30107216378,32803.41612544766,-0.0007991793749579728,0.0007967684455115529,-0.0015959478204695444,0.01665226474045704,1000.025859,878266391.3100001,1015.6750169999999,999.0123570000003,-0.011242268731891892
2024-02-01,33174.899272212424,33720.52728954534,32946.498358022014,33589.44462128907,842388.4135000004,0.0,0.0,33589.44462128907,33174.899272212424,33720.52728954534,32946.498358022014,0.007461345506225523,-0.0008545621359213341,0.008315907642146899,0.018378474088988163,1007.506878,496993466.55,1008.7780499999999,998.4283049999999,0.006401367054676377
2024-02-02,33589.44462128907,33589.44462128907,33589.44462128907,33589.44462128907,0.0,0.0,0.0,33589.44462128907,33589.44462128907,33589.44462128907,33589.44462128907,0.0,-6.539213615042172e-18,1.3078427230084343e-17,1.3078427230084343e-17,1007.1031950000003,679180328.4,1012.016103,1004.65533,-0.0003442088749453685
2024-02-05,33589.152111178846,33921.442713764394,33359.83529838838,33694.09380927734,507198.6216000001,0.0,0.0,33694.09380927734,33589.152111178846,33921.442713764394,33359.83529838838,0.001959926069251597,0.0002760195694075907,0.0016839064998440054,0.014625884574188926,1018.7069339999998,661312717.59,1020.7597050000003,1007.953506,0.009839580012332315
2024-02-06,33809.65392484453,34179.19228841647,33441.91837332794,33786.05720869141,458373.83879999997,0.0,0.0,33786.05720869141,33809.65392484453,34179.19228841647,33441.91837332794,0.0007914351089533499,0.0037480788645233515,-0.002956643755569999,0.01732532882829281,1020.7854720000001,486308235.21,1022.881188,1018.3805519999999,0.0017506874759989105
2024-02-07,33911.3739937254,34143.24704635046,33681.76700370935,33916.33746103515,438938.16270000004,0.0,0.0,33916.33746103515,33911.3739937254,34143.24704635046,33681.76700370935,0.0040457698169282024,0.003689456343810606,0.00035631347311760843,0.012614602198492373,1029.4174170000001,570923112.27,1030.2677280000003,1022.5204499999999,0.007232475779609826
2024-02-08,33916.337461035146,33916.33746103515,33916.337461035146,33916.33746103515,0.0,0.0,0.0,33916.33746103515,33916.337461035146,33916.33746103515,33916.337461035146,0.0,-5.961897642237091e-18,1.192379528447418e-17,1.192379528447418e-17,1029.4174170000001,570923112.27,1030.2677280000003,1022.5204499999999,0.0
2024-02-09,33916.337461035146,33916.33746103515,33916.337461035146,33916.33746103515,0.0,0.0,0.0,33916.33746103515,33916.337461035146,33916.33746103515,33916.337461035146,0.0,-5.961897642237091e-18,1.192379528447418e-17,1.192379528447418e-17,1029.4174170000001,570923112.27,1030.2677280000003,1022.5204499999999,0.0
2024-02-15,34084.89901117678,34349.155423228796,33569.439958086376,33901.09644345703,566714.7461,0.0,0.0,33901.09644345703,34084.89901117678,34349.155423228796,33569.439958086376,0.0017991086250289904,0.0034109086835750852,-0.0016118000585460955,0.020075238255632295,1032.8272500000003,724682359.5899999,1037.1732840000002,1029.4174170000001,0.0028403111226505936
2024-02-16,33908.370680737586,34206.94959265079,33719.56197251526,33942.09448466797,436295.62359999993,0.0,0.0,33942.09448466797,33908.370680737586,34206.94959265079,33719.56197251526,0.000860188591275671,0.0002521604199991724,0.0006080281712764932,0.011873206033739115,1039.0113300000003,673270666.9500003,1039.4837250000003,1034.364681,0.005127351268677709
2024-02-19,34028.32857206911,34369.78669943582,33761.107471656425,34028.66767119141,569502.1642000001,0.0,0.0,34028.66767119141,34028.32857206911,34369.78669943582,33761.107471656425,0.00317539534893224,0.0016635700254550223,0.0015118253234772327,0.014043720709679847,1052.1267329999998,837560457.72,1052.5647720000004,1041.484962,0.010774006314005904
2024-02-20,34069.98673305631,34246.18331653449,33752.790478591945,34093.164448632815,548718.8693000001,0.0,0.0,34093.164448632815,34069.98673305631,34246.18331653449,33752.790478591945,0.0015256308373006874,0.0002808129384372906,0.0012448178988634165,0.012238594571546349,1056.4985339999998,724722470.22,1056.850683,1050.1426740000004,0.003561510257838671
2024-02-21,34101.72130160084,34623.48085843367,33863.09789122052,34443.09605927735,651659.1338,0.0,0.0,34443.09605927735,34101.72130160084,34623.48085843367,33863.09789122052,0.006381242578894405,-0.0005807632208290413,0.006962005799723451,0.017416103378044768,1056.4813560000002,761080222.5600001,1060.0715579999999,1050.3659880000002,-1.396528596424016e-05
2024-02-22,34473.865427152974,34866.81982813728,34195.52275359855,34539.90572050781,598059.7286999999,0.0,0.0,34539.90572050781,34473.865427152974,34866.81982813728,34195.52275359855,0.0015767586434840223,-0.00017021241375317025,0.0017469710572371995,0.015240028963869895,1054.1365589999998,682844224.02,1058.2421009999998,1053.140235,-0.0019083956006779256
2024-02-23,34660.424899585945,34990.61976344785,34176.74549346738,34448.653298242185,964416.8132000002,0.0,0.0,34448.653298242185,34660.424899585945,34990.61976344785,34176.74549346738,-0.004289153140204475,0.0027141379227585685,-0.00700329106296306,0.01805228735570857,1040.9868,1069967889.6899999,1065.731709,1040.6002949999997,-0.01078168143655894
2024-02-26,34440.39057415559,35119.14192391144,34254.125529023644,34940.99714228515,889982.5655999997,0.0,0.0,34940.99714228515,34440.39057415559,35119.14192391144,34254.125529023644,0.008024759374338433,-0.0006844115358245001,0.00870917091016292,0.017471647723294705,1051.439613,716966689.1100001,1052.3328690000003,1039.7156279999997,0.008581420798192926
2024-02-27,35132.98211702375,35350.67546483218,34709.51818491512,35112.30686777343,622164.6094,0.0,0.0,35112.30686777343,35132.98211702375,35350.67546483218,34709.51818491512,0.004772750110766669,0.0038370567688495996,0.0009356933419170501,0.014073033460144234,1062.854394,787426550.6100001,1062.9746400000001,1053.4322610000002,0.00927425478795811
2024-02-28,35113.99712254591,35394.92372468896,34768.30760179704,35113.34749902343,771098.5254000002,0.0,0.0,35113.34749902343,35113.99712254591,35394.92372468896,34768.30760179704,0.0015396946973711425,-0.0003035021833460159,0.0018431968807171438,0.01418677184371359,1077.532995,772600476.4800003,1077.532995,1061.8752479999998,0.011780716067036286
2024-02-29,35216.41605360587,35578.63090160602,34904.526027551634,35264.18933691406,715180.8842999998,0.0,0.0,35264.18933691406,35216.41605360587,35578.63090160602,34904.526027551634,0.0018439309776411088,0.002621427047105229,-0.0007774960694641004,0.01398270761129672,1075.969797,870024129.2399999,1085.984571,1071.64953,-0.0012469275665704207
2024-03-01,35342.83015800623,35761.280032704686,35065.66411692562,35521.71749550781,967817.4028999998,0.0,0.0,35521.71749550781,35342.83015800623,35761.280032704686,35065.66411692562,0.006702853308691498,0.0015004616454375478,0.005202391663253911,0.016461734913693567,1080.7366920000002,764949051.7199999,1081.1489639999998,1071.7955429999997,0.003796801098008263
2024-03-04,35600.1445988592,36073.361604496255,35305.78592680032,35721.48006650391,1035617.2220000002,0.0,0.0,35721.48006650391,35600.1445988592,36073.361604496255,35305.78592680032,0.005767433242540258,0.002579070029814526,0.003188363212725751,0.017794360873082882,1083.4250490000002,911068211.7600001,1089.2999249999998,1079.2422060000001,0.0021338802652738024
2024-03-05,35713.2668211823,36183.128161940855,35341.90867243702,35857.24812832031,1045653.7356,0.0,0.0,35857.24812832031,35713.2668211823,36183.128161940855,35341.90867243702,0.0014164072047099983,7.79709472189774e-05,0.001338436257491015,0.019186352926191405,1090.7858219999998,797049064.9800003,1090.7858219999998,1080.333009,0.005815619973342847
2024-03-06,35860.84330860143,36069.24134091696,35396.31634582146,35686.99344160157,816091.1841000001,0.0,0.0,35686.99344160157,35860.84330860143,36069.24134091696,35396.31634582146,-0.0031252867981691255,0.0012303203825896859,-0.004355607180758841,0.014606281940763131,1084.5587970000001,859951632.0065999,1097.2533390000003,1079.03607,-0.004917295709751155
2024-03-07,35737.245447862784,36364.05715070423,35477.029289684695,36143.36409580079,790645.8397999998,0.0,0.0,36143.36409580079,35737.245447862784,36364.05715070423,35477.029289684695,0.007714331955696686,0.0016194844496935958,0.006094847506003083,0.01700760712408683,1089.480294,814300758.6,1090.699932,1082.4201360000002,0.003888689041061997
2024-03-08,36172.57111216114,36482.5358663431,35658.181322588396,35996.00824833984,1032942.3374999999,0.0,0.0,35996.00824833984,36172.57111216114,36482.5358663431,35658.181322588396,-0.0032606719486689205,9.075437892510151e-05,-0.003351426327594036,0.016505030872252763,1071.3489149999998,1123869189.8700001,1094.4962700000003,1071.3489149999998,-0.014414287683219378
2024-03-11,35985.451011914665,36463.24564605008,35685.33799476445,35951.68251416016,846771.5597,15.299999999999999,0.0,35951.68251416016,35985.451011914665,36463.24564605008,35685.33799476445,-0.0011684459629401325,-0.00029591547135434504,-0.0008725304915857869,0.016864229246321902,1061.1623610000004,792552809.3699999,1077.069189,1059.4445609999998,-0.008205628618017938
2024-03-12,36002.055156433584,36490.613535657256,35801.46157491596,36244.220493164066,882171.7425,0.0,0.0,36244.220493164066,36002.055156433584,36490.613535657256,35801.46157491596,0.006016966455627277,0.001695679860972656,0.004321286594654614,0.01518465584286849,1069.3305000000003,680432175.15,1072.1906370000004,1059.1439460000001,0.006585939891999612
2024-03-13,36399.67959233761,36984.89706815883,36064.04933559626,36740.19930400392,950531.7114000001,0.0,0.0,36740.19930400392,36399.67959233761,36984.89706815883,36064.04933559626,0.008887054739360217,0.0032291406955697022,0.0056579140437905285,0.018976266370690508,1091.2410390000005,764671712.91,1091.2410390000005,1069.5452249999996,0.01742095253153946
2024-03-14,36862.338449469244,37412.49168255905,36523.72863763915,36880.40141767578,1007463.0199999998,127.36000000000001,0.0,36880.40141767578,36862.338449469244,37412.49168255905,36523.72863763915,0.0048504096108741845,0.0010799152660921317,0.00377049434478205,0.020076872169292333,1085.8729140000003,877178250.9000001,1096.3085490000003,1081.071663,-0.004235599978634834
2024-03-15,36885.50057555031,37130.84568418374,36362.85597652465,36740.717461816406,813904.5383,0.0,0.0,36740.717461816406,36885.50057555031,37130.84568418374,36362.85597652465,-0.0013306032313578052,-0.0008148314952165984,-0.000515771736141227,0.01699088630735672,1085.4606419999998,866488037.9400002,1092.2030070000003,1075.652004,-0.0003261594001314955
2024-03-18,36805.47565288862,36955.453657920116,35440.902105688496,35950.21647675781,1335862.6853999998,0.0,0.0,35950.21647675781,36805.47565288862,36955.453657920116,35440.902105688496,-0.01499071344440157,0.001565567152137408,-0.01655628059653898,0.03149276005070478,1068.093684,1388346230.04,1090.71711,1049.2923629999998,-0.013853194613893111
2024-03-19,36124.84124925447,36588.40685394874,35709.01603491609,36159.12583984375,627064.2527999998,83.55,0.0,36159.12583984375,36124.84124925447,36588.40685394874,35709.01603491609,0.004196431734767036,0.002812294671857967,0.0013841370629090806,0.020371609785642012,1067.148894,672071728.4399999,1073.410275,1064.108388,-0.0007600824302765131
2024-03-20,36191.58184137542,36615.41813342965,35763.688823471464,36369.39589794922,908385.7728,0.0,0.0,36369.39589794922,36191.58184137542,36615.41813342965,35763.688823471464,0.0030136165605863276,0.0007857679419325192,0.0022278486186537933,0.018604818438206813,1082.2827120000002,737876351.9399999,1083.5452950000001,1061.1365940000003,0.012094965983610316
2024-03-21,36580.22233897427,36799.56710623883,36180.64522158624,36549.71593535157,719547.684,0.0,0.0,36549.71593535157,36580.22233897427,36799.56710623883,36180.64522158624,0.003353116223868273,0.003465376768919076,-0.00011226054505079569,0.013080348332948225,1096.317138,975059611.47,1096.317138,1085.82138,0.011066130606419422
2024-03-22,36623.281381468834,36924.37740850634,36301.82183738385,36646.508077050785,724259.8074,0.0,0.0,36646.508077050785,36623.281381468834,36924.37740850634,36301.82183738385,0.0017342719383139885,0.000864274475674282,0.0008699974626397104,0.013501137754560003,1100.9380200000003,1014166960.3800001,1109.0718030000003,1096.2827820000005,0.0036125812575121697
2024-03-25,36592.81128331127,36932.58263988566,36107.70664937527,36383.73325214844,650905.7694999999,0.0,0.0,36383.73325214844,36592.81128331127,36932.58263988566,36107.70664937527,-0.0037743990309593166,-0.002144734046737052,-0.0016296649842223031,0.019095026230065138,1088.964954,1001429988.72,1105.2668760000001,1086.0876389999999,-0.009391985836093124
2024-03-26,36122.943670442786,36652.963747302674,35868.74501695079,36418.071936230466,480362.44049999997,0.0,0.0,36418.071936230466,36122.943670442786,36652.963747302674,35868.74501695079,0.0010040773286091062,-0.005243924861623632,0.006248002190232744,0.01730860286988178,1101.2901689999997,737302177.29,1101.5392499999998,1086.0103380000005,0.009666671974603877
2024-03-27,36425.81892285009,36817.017330777075,36229.467301639605,36656.23794677736,671568.6215,0.0,0.0,36656.23794677736,36425.81892285009,36817.017330777075,36229.467301639605,0.004416175424939434,-0.000812537794310975,0.005228713219250434,0.012786440803461942,1102.046001,689911081.4399999,1105.1638080000002,1096.772355,0.0005892737922642651
2024-03-28,36904.98218076818,37183.97836440008,36542.15071631043,36860.06271357422,628071.1043,0.0,0.0,36860.06271357422,36904.98218076818,37183.97836440008,36542.15071631043,0.0028883709835210753,0.004901583868544021,-0.002013212885022945,0.013951745914665711,1108.1356019999998,763036539.0899999,1111.33071,1104.1331280000002,0.004732978979740581
2024-03-29,36795.61818582427,37197.66233712871,36545.39544203798,36853.14140566406,603698.0179000001,0.0,0.0,36853.14140566406,36795.61818582427,37197.66233712871,36545.39544203798,0.0007726084482893773,-0.0015691552472296012,0.0023417636955190006,0.013345721759005648,1102.904901,678997039.1399999,1110.5920560000002,1101.4877160000003,-0.004063840046403588
2024-04-01,36776.58900817947,37144.872168956346,36395.93184369318,36802.270863085934,690965.2254000002,0.0,0.0,36802.270863085934,36776.58900817947,37144.872168956346,36395.93184369318,-0.0015424723322632465,-0.0014397009501962907,-0.00010277138206698091,0.015049308524302354,1100.6975280000001,772484782.65,1105.2325199999998,1094.3159009999995,-0.0017207398928999807
2024-04-02,36712.05846224427,37245.33095800311,36449.11238642378,37113.76482685547,708514.0249000001,0.0,0.0,37113.76482685547,36712.05846224427,37245.33095800311,36449.11238642378,0.00611006604484214,-0.0019998513111359794,0.00810991735597809,0.017254907198994484,1105.438656,885544881.6900002,1105.438656,1089.497472,0.003691667937637801
2024-04-03,37117.08754314454,37445.769401566795,36630.306129705685,36856.84485546874,887614.8877,0.0,0.0,36856.84485546874,37117.08754314454,37445.769401566795,36630.306129705685,-0.004838971237985706,0.0003499181014759466,-0.005188889339461654,0.016688886605327385,1092.0655829999998,855086827.5600001,1107.1135109999998,1092.0655829999998,-0.010453926770421854
2024-04-04,36862.6677356754,37321.12149405621,36438.470811494655,37067.102220996094,757126.3531,0.0,0.0,37067.102220996094,36862.6677356754,37321.12149405621,36438.470811494655,0.0018724737185339757,-0.00017406863616007223,0.0020465423546940343,0.01858788721740838,1089.2999249999998,791567822.85,1097.3478179999997,1086.611568,-0.0021779247176034896
2024-04-05,36817.806369262995,37325.1191617671,36371.28040392488,36746.781441308594,628367.1507,0.0,0.0,36746.781441308594,36817.806369262995,37325.1191617671,36371.28040392488,-0.005806071162631276,-0.004298690280930948,-0.0015073808817003351,0.019525124961652957,1078.0139789999998,888831977.8800001,1086.628746,1076.6826839999999,-0.008945253957526395
2024-04-08,36762.80236734439,37005.350207081196,36312.12123566541,36513.00538945313,469932.4083999999,0.0,0.0,36513.00538945313,36762.80236734439,37005.350207081196,36312.12123566541,-0.00458520042987158,0.0001340825282211496,-0.0047192829580927406,0.014269668087460594,1073.925615,678827234.6100001,1080.8397600000003,1070.9366429999998,-0.003263567503693754
2024-04-09,36701.76720209699,36982.85125244503,36335.14403241417,36699.94174960939,732040.2350000001,0.0,0.0,36699.94174960939,36701.76720209699,36982.85125244503,36335.14403241417,0.0036108241419966973,0.004021846386210067,-0.0004110222442133835,0.013762660694570994,1084.6360980000002,556719397.08,1084.6360980000002,1071.64953,0.008523554633303653
2024-04-10,36810.448969094046,37106.54492930913,36563.40505009008,36813.190774218754,498888.20459999994,0.0,0.0,36813.190774218754,36810.448969094046,37106.54492930913,36563.40505009008,0.001988155083420106,0.0022537885439884247,-0.000265633460568316,0.011256315910800013,1080.977184,543812019.6600001,1089.703608,1080.977184,-0.002902313401044846
2024-04-11,36652.37036906549,37005.35352419835,36450.069217460026,36820.22856660156,417836.6743000001,0.0,0.0,36820.22856660156,36652.37036906549,37005.35352419835,36450.069217460026,-0.0003075467784396966,-0.0030603801916522554,0.0027528334132125402,0.010862650854774223,1080.66798,552164392.71,1083.9575670000002,1072.0016790000002,-0.00024571592214493385
2024-04-12,36917.95083295902,37421.42889342719,36697.385486509076,37288.40237099608,479307.8431,17.950193352000003,0.0,37288.40237099608,36917.95083295902,37421.42889342719,36697.385486509076,0.008047683843968272,0.00150903960555668,0.006538644238411591,0.01370614608892998,1096.47174,598400182.17,1098.009171,1081.3722780000003,0.012469652507729159
2024-04-15,37444.87368960228,37697.67236795204,36094.90833480536,36237.17842373047,942846.2762999999,0.0,0.0,36237.17842373047,37444.87368960228,37697.67236795204,36094.90833480536,-0.022163550019876275,0.002812811859649337,-0.024976361879525618,0.03189373292282844,1044.9463289999999,907512795.2099999,1100.946609,1044.9463289999999,-0.04134056736249298
2024-04-16,36152.17889743245,36654.97443655645,35382.46236543366,36112.971288378896,805598.3711,0.0,0.0,36112.971288378896,36152.17889743245,36654.97443655645,35382.46236543366,-0.0035635613070535903,-0.00307644627174716,-0.0004871150353064153,0.027576180147079958,1044.1475520000001,1043302823.85,1049.962305,1023.5768970000003,-0.0006568106919206915
2024-04-17,36160.01130934963,36430.69950260169,35642.83988702166,35878.8717743164,459726.9212999999,0.0,0.0,35878.8717743164,36160.01130934963,36430.69950260169,35642.83988702166,-0.005070653036270971,6.106612286798388e-05,-0.005131719159138985,0.01694708256125389,1024.6762890000002,658064959.02,1049.120583,1024.6762890000002,-0.016167990035572448
2024-04-19,35381.43185542676,35872.762038040084,34654.82279999514,35079.045095214846,828852.9585000001,0.0,0.0,35079.045095214846,35381.43185542676,35872.762038040084,34654.82279999514,-0.01600037632545998,-0.011477768117388624,-0.0045226082080713605,0.027290259235520403,1009.0786649999999,880054964.67,1022.9155440000001,1001.4688110000002,-0.01317470612656454
2024-04-22,35155.87422922082,35623.60250040184,34828.224658693834,35270.99574169922,591957.911,0.0,0.0,35270.99574169922,35155.87422922082,35623.60250040184,34828.224658693834,0.004830238475760014,0.0025174152703110776,0.00231282320544893,0.018866615668370418,1022.2799580000002,529008792.27,1025.423532,1014.472557,0.011163710885049126
2024-04-23,35421.943107165316,35739.20290798526,35021.48082606374,35440.55094902344,797560.1971000001,0.0,0.0,35440.55094902344,35421.943107165316,35739.20290798526,35021.48082606374,0.0017937532589010988,0.0029385478570840553,-0.0011447945981829656,0.015465204739717386,1011.26886,577993147.6199998,1024.4959199999998,1004.5780289999999,-0.009301497380552325
2024-04-24,35559.68334740521,36340.997421421365,35362.2211816825,36197.38037988281,1005295.6135999998,0.0,0.0,36197.38037988281,35559.68334740521,36340.997421421365,35362.2211816825,0.013974327631704527,0.0025412955934936534,0.011433032038210873,0.019601465913189477,1035.498429,593908135.17,1037.216229,1011.26886,0.02033621421573457
2024-04-25,36263.359951773054,36799.46873020402,35882.055875789665,36407.38416816407,883431.0606999997,0.0,0.0,36407.38416816407,36263.359951773054,36799.46873020402,35882.055875789665,0.0027736015052040974,0.0013810828615104828,0.0013925186436936161,0.018135387099969043,1034.948733,420152321.61,1037.903349,1030.8603689999998,-0.0004560695043645817
2024-04-26,36158.85170887111,36861.04811192092,35884.10968870967,36513.174605371096,674786.9437000002,0.0,0.0,36513.174605371096,36158.85170887111,36861.04811192092,35884.10968870967,0.0016949253840303367,-0.0043368086304098556,0.0060317340144401994,0.019556772384961493,1038.8567280000002,493360061.88000005,1044.93774,1029.589197,0.0032371222295393062
2024-04-29,36513.174605371096,36513.174605371096,36513.174605371096,36513.174605371096,0.0,0.0,0.0,36513.174605371096,36513.174605371096,36513.174605371096,36513.174605371096,0.0,0.0,0.0,0.0,1038.8567280000002,493360061.88000005,1044.93774,1029.589197,0.0
2024-04-30,36513.174605371096,36513.174605371096,36513.174605371096,36513.174605371096,0.0,0.0,0.0,36513.174605371096,36513.174605371096,36513.174605371096,36513.174605371096,0.0,0.0,0.0,0.0,1038.8567280000002,493360061.88000005,1044.93774,1029.589197,0.0
2024-05-02,36629.81898674744,37266.98702005063,36280.39939533905,36985.269906738285,965766.1585000001,0.0,0.0,36985.269906738285,36629.81898674744,37266.98702005063,36280.39939533905,0.007268116905999723,0.002127383687799861,0.005140733218199844,0.020192405708784902,1044.731604,441271727.81999993,1044.731604,1036.0738920000001,0.004843513750660951
2024-05-03,37090.854087103464,37504.883973483695,36670.750983968246,37056.691205957046,1175211.9999,15.659999999999998,0.0,37056.691205957046,37090.854087103464,37504.883973483695,36670.750983968246,0.0016532200780104804,0.002710616014841734,-0.0010573959368312294,0.017345807603127313,1048.7426670000002,487228117.11,1052.7966750000003,1046.4236369999999,0.0032912811722435164
2024-05-06,37171.179738757695,37741.01318149257,36935.987529169506,37508.96220937501,645293.4531000002,0.0,0.0,37508.96220937501,37171.179738757695,37741.01318149257,36935.987529169506,0.00955031619844189,0.0017672185911604603,0.0077830976072814145,0.01785733632781836,1066.393062,572197719.8699998,1066.393062,1051.482558,0.014335038610845816
2024-05-07,37622.527714282136,38209.9963441578,37294.247606538614,37801.65541484375,630952.892,0.0,0.0,37801.65541484375,37622.527714282136,38209.9963441578,37294.247606538614,0.005151557647564894,0.0023715975730729524,0.002779960074491956,0.016908586345286098,1072.448307,508886139.5099999,1074.166107,1065.1133009999999,0.004863253442703279
2024-05-08,37698.67293875622,38079.820377405886,37433.69135734264,37885.457641503905,699829.7677000002,13.666666120000002,0.0,37885.457641503905,37698.67293875622,38079.820377405886,37433.69135734264,0.0028272001989778834,-0.0014973844163523346,0.004324584615330223,0.014619851167095063,1074.020094,703960967.6399999,1075.0164180000002,1060.5353639999998,0.0012578876958719584
2024-05-09,37833.89756130889,38528.95133791508,37611.87152198609,37956.554184960936,706231.9800000002,0.0,0.0,37956.554184960936,37833.89756130889,38528.95133791508,37611.87152198609,0.0016952222805576471,-0.0015434710610827444,0.003238693341640397,0.01845896774768935,1072.4568960000001,548708350.8900001,1079.4655199999997,1067.8617810000003,-0.0012510089843188069
2024-05-10,38017.07210267352,38396.04913899665,37663.36812835272,38098.3170232422,651660.4698,0.0,0.0,38098.3170232422,38017.07210267352,38396.04913899665,37663.36812835272,0.0036154483865100478,0.0011276819381896746,0.0024877664483204183,0.016103356909208003,1069.0728300000003,509696855.21999997,1075.7722500000002,1062.854394,-0.0027144864452868863
2024-05-13,38203.87108710341,38450.44132587592,37577.72053097533,38005.24608027344,520569.97019999987,0.0,0.0,38005.24608027344,38203.87108710341,38450.44132587592,37577.72053097533,-0.0015565040544336084,0.0017744328689781258,-0.0033309369234116883,0.018254095934242914,1065.1906020000001,546424879.35,1072.93788,1059.5046839999998,-0.0031246839137526717
2024-05-14,38086.1335291208,38441.328205337595,37783.632389924904,38125.81370234375,668690.1178,0.0,0.0,38125.81370234375,38086.1335291208,38441.328205337595,37783.632389924904,0.003024554925686407,0.0008131402842432656,0.002211414641443122,0.014264675400984582,1067.8531920000003,454489597.59,1075.789428,1065.791832,0.0021442595273572507
2024-05-15,38265.21962375801,38735.25809252014,38069.560719400564,38540.992544824214,744571.5767999999,0.0,0.0,38540.992544824214,38265.21962375801,38735.25809252014,38069.560719400564,0.008080714215989625,0.0020289175183311747,0.006051796697658446,0.013677637835141258,1077.3955710000002,652042266.33,1080.4274879999998,1067.8531920000003,0.007641075030662481
2024-05-16,38689.69392670779,38959.682877084066,38278.01826768238,38592.37057558594,735854.7652000001,0.0,0.0,38592.37057558594,38689.69392670779,38959.682877084066,38278.01826768238,0.0014643064637667041,0.0027614766362539646,-0.001297170172487249,0.013704270858528845,1089.7551420000002,694652037.6600001,1092.2287740000002,1083.236091,0.009796965725208804
2024-05-17,38674.15845814047,39035.2463058239,38363.340088354795,38633.59491904297,826862.7777999999,202.455,0.0,38633.59491904297,38674.15845814047,39035.2463058239,38363.340088354795,0.004068633532740126,0.0022147939966231187,0.001853839536116998,0.016523348213642236,1093.4741789999996,713609420.79,1094.470503,1087.6422479999999,0.0029262010529675394
2024-05-20,38688.908653652485,39115.814321070044,38351.80804668966,38504.68324531251,878841.8581000001,0.0,0.0,38504.68324531251,38688.908653652485,39115.814321070044,38351.80804668966,-0.0006644380003968949,0.0007176931874984321,-0.0013821311878953347,0.015545829331264176,1097.313462,822527560.47,1103.8496910000001,1097.124504,0.003010390859205158
2024-05-21,38638.80135009366,39113.94555996534,38342.27401110073,38810.50420703124,718022.6523999999,0.0,0.031395,38810.50420703124,38638.80135009366,39113.94555996534,38342.27401110073,0.006283861975188569,0.0034577698695695642,0.0028260921056190037,0.01464551448887874,1096.9355460000004,721595472.99,1100.499981,1088.4753810000002,-0.0002958570831532578
2024-05-22,38868.86816332639,39357.24710363603,38501.725166881384,38926.298465917964,939533.5330000004,0.0,0.0,38926.298465917964,38868.86816332639,39357.24710363603,38501.725166881384,0.002536046930539468,-0.0002658977352309578,0.0028019446657704047,0.01941097927125702,1088.1489990000002,847933908.3600001,1102.0202339999998,1085.537943,-0.006907564205776836
2024-05-23,39021.516134340935,39414.29787056797,38550.01108738208,39130.77982236328,941588.0586999998,42.6,0.0,39130.77982236328,39021.516134340935,39414.29787056797,38550.01108738208,0.0039298935051386265,0.0028394528908495227,0.0010904406142890832,0.017705601519920358,1100.2766669999999,716072660.1,1100.2766669999999,1084.180881,0.009519684256598833
2024-05-24,38919.29300897677,39522.73319406362,38329.4022022597,38924.264115234386,1748761.9380999997,0.0,0.0,38924.264115234386,38919.29300897677,39522.73319406362,38329.4022022597,-0.004022645304217738,-0.006378274831193846,0.002355629526976117,0.024385466144320973,1083.8716770000003,1013424956.67,1103.7466229999998,1073.865492,-0.012902521865359017
2024-05-27,38939.81869133963,39402.99883155501,38581.20637760089,39036.21352363281,747748.486,9.120000000000001,0.0,39036.21352363281,38939.81869133963,39402.99883155501,38581.20637760089,0.0034185361866737834,0.0008761332453579386,0.0025424029413158755,0.017286188797494974,1088.8103520000004,514169748.75,1088.8103520000004,1079.8692030000004,0.0039046995433104723
2024-05-28,39198.49901025472,39748.403016844495,38867.460191984224,39317.234397851564,999152.4997000003,0.0,0.0,39317.234397851564,39198.49901025472,39748.403016844495,38867.460191984224,0.005721083462825888,0.002747547786489586,0.002973535676336269,0.01837107974118381,1100.877897,639107919.4500003,1100.877897,1090.2618929999996,0.00946702740949501
2024-05-29,39443.28077247345,39760.65270212052,39025.69326937624,39225.10279960938,1040646.6129,0.0,0.0,39225.10279960938,39443.28077247345,39760.65270212052,39025.69326937624,-0.000554251668393023,0.0030411286098947334,-0.0035953802782877436,0.015447168649352085,1093.0704960000003,830655932.4000001,1104.227607,1092.1772399999998,-0.006113001606718647
2024-05-30,39116.76642716098,39417.69880711014,38642.945865218586,39176.02351132813,1311823.0368999997,0.0,0.0,39176.02351132813,39116.76642716098,39417.69880711014,38642.945865218586,0.0003320844002782965,-0.0014394092188431433,0.0017714936191214241,0.01609325767784481,1087.6422479999999,823282791.24,1090.004223,1075.17102,-0.004275970642678929
2024-05-31,39232.15870233686,39611.183641336225,38907.22788213312,39284.931754199235,725332.1843000001,0.0,0.0,39284.931754199235,39232.15870233686,39611.183641336225,38907.22788213312,0.0021870409509727002,0.0005378427349602203,0.0016491982160124867,0.014614332965246762,1083.691308,530584530.21,1091.722023,1083.442227,-0.003125697663339901
2024-06-03,39284.931754199235,39284.931754199235,39284.931754199235,39284.931754199235,0.0,0.0,0.0,39284.931754199235,39284.931754199235,39284.931754199235,39284.931754199235,0.0,8.215650382226156e-18,6.21724893790087e-19,1.767475055203249e-17,1099.3919999999998,799633495.0799999,1103.2398719999999,1092.2201850000004,0.012354596660764843
2024-06-04,39784.39016413873,40022.013618279605,39317.27229818001,39593.57443886718,871277.7947000003,16.94,0.0,39593.57443886718,39784.39016413873,40022.013618279605,39317.27229818001,0.004879156625197777,0.009430915656563201,-0.004551759031365416,0.015442174365611261,1102.4153279999998,674975841.1199999,1107.3883590000003,1101.0926220000001,0.002358733226266869
2024-06-05,39642.03151089359,40069.82819240916,39356.23314099669,39573.239169824206,1132403.1415999997,0.0,0.0,39573.239169824206,39642.03151089359,40069.82819240916,39356.23314099669,-2.2748356185790396e-05,0.0012008571390707604,-0.001223605495256582,0.01483466505491907,1103.128215,695843331.9599999,1111.3564770000005,1103.128215,0.0005552360710051411
2024-06-06,39780.373718746916,40127.26726948175,39385.73009031645,39652.80059345703,873272.1292999999,0.0,0.0,39652.80059345703,39780.373718746916,40127.26726948175,39385.73009031645,0.003140816346480101,0.003882017852245288,-0.0007412015057652008,0.014318578414587498,1102.4496839999997,685351696.68,1109.7159780000002,1098.0177600000002,-0.0005284694723774395
2024-06-07,39703.0372153255,40024.65828716523,39410.429845870356,39754.591817675784,619621.1195,0.0,0.0,39754.591817675784,39703.0372153255,40024.65828716523,39410.429845870356,0.0025469631280824493,0.0007365236103620598,0.001810439517720393,0.01314814161093015,1105.902462,519365148.96,1110.5834670000002,1102.080357,0.0026857975944611923
2024-06-10,39826.51350924299,40429.453864543226,39542.65497222096,39970.5986397461,766524.7408,204.806059954,0.0,39970.5986397461,39826.51350924299,40429.453864543226,39542.65497222096,0.006109519906050845,0.0010105837503095803,0.00509893615574127,0.020323220855019607,1108.5564630000001,669059823.8100001,1114.328271,1105.782216,0.0020587625487924564
2024-06-11,40225.387366414914,40478.87304574343,39587.220851710656,39857.358193359374,898444.2325,0.0,0.0,39857.358193359374,40225.387366414914,40478.87304574343,39587.220851710656,-0.002598141516118609,0.006036219473116044,-0.008634360989234627,0.018071523038349746,1103.1797490000001,738056549.16,1113.486549,1098.936783,-0.0041759670314474836
2024-06-12,39974.5082065644,40410.21475047039,39617.608400580655,40139.89301679689,952066.8601000002,31.739131625,0.04197499999999999,40139.89301679689,39974.5082065644,40410.21475047039,39617.608400580655,0.0032153421015887525,0.002039221829554202,0.0011761202720345476,0.016952911879168836,1116.7331910000003,661268398.35,1117.729515,1100.8607190000005,0.010487975244936517
2024-06-13,39826.529615050684,40150.147877683776,39410.09268439149,39689.68544658203,904494.7089000002,0.0,0.0,39689.68544658203,39826.529615050684,40150.147877683776,39410.09268439149,-0.009835141877427662,-0.008238962087423887,-0.0015961797900037587,0.015155638988570006,1117.866939,712296678.03,1121.731989,1114.5086400000002,0.0008715440652504138
2024-06-14,40055.97988818816,40339.079961118296,39598.81415875105,39763.79580976564,1280651.9441999998,0.0,0.0,39763.79580976564,40055.97988818816,40339.079961118296,39598.81415875105,0.0017885386451275932,0.0071666995531803656,-0.005378160908052799,0.016019444262898495,1099.3146990000002,867081623.7300004,1120.8816779999997,1099.3146990000002,-0.014374005776372597
2024-06-17,39881.20622701821,40096.15816588617,39446.10403673215,39646.124490429684,782304.8005,0.0,0.0,39646.124490429684,39881.20622701821,40096.15816588617,39446.10403673215,-0.0012932506058779226,0.002644120823932825,-0.0039373714298107446,0.013567358880185731,1094.8999529999999,669672391.29,1102.0545900000002,1092.9846060000002,-0.003456207397523686
2024-06-18,39748.64383084278,40447.32312341361,39521.656446810965,40098.85159892578,1066647.9252000002,0.0,0.0,40098.85159892578,39748.64383084278,40447.32312341361,39521.656446810965,0.007139336125651231,0.0021100723480049757,0.005029263777646227,0.018536125614765146,1098.9625500000002,543839075.0099999,1104.992028,1098.0005820000003,0.003181027568569161
2024-06-19,39884.592050794156,40265.04290043865,39443.782351767455,39897.286482324234,980220.9996000001,119.0912,0.0,39897.286482324234,39884.592050794156,40265.04290043865,39443.782351767455,-0.005452189282896778,-0.004503106080188331,-0.0009490832027084419,0.015992433722181926,1099.211631,659485407.84,1102.947846,1091.3698740000002,0.00019464851663226915
2024-06-20,39181.741711060975,39578.153006246146,38804.54085903191,39203.460909277346,1078250.6446,11.6,0.0,39203.460909277346,39181.741711060975,39578.153006246146,38804.54085903191,-0.018170740935865338,-0.01773630553947221,-0.00043443539639314823,0.01675268141169958,1101.3674700000001,702661623.72,1105.009206,1093.8435060000002,0.0016828758472106776
2024-06-21,39337.157517019565,39988.52490027852,38989.829048743304,39603.94936777344,971967.0142999999,0.0,0.0,39603.94936777344,39337.157517019565,39988.52490027852,38989.829048743304,0.005587998790740256,0.003072366956029546,0.002515631834710725,0.019291100046232693,1101.1269780000002,603579864.5099998,1106.314734,1098.911016,-0.00018756785499139076
2024-06-24,39685.01492394646,39998.0925374428,38880.76275321722,39133.6223982422,1426208.0001000005,8.760330568,0.02332,39133.6223982422,39685.01492394646,39998.0925374428,38880.76275321722,-0.010703231392939239,0.0014314873985257954,-0.01213471879146503,0.02329941787972675,1077.1636679999997,943194335.5800002,1103.5490759999998,1075.9096739999998,-0.01889822861579642
2024-06-25,39100.65075584104,39513.50993118179,38734.85959629332,39066.23791240235,1023343.0326,0.0,0.0,39066.23791240235,39100.65075584104,39513.50993118179,38734.85959629332,0.0002880840364800572,-0.0007569394110594742,0.00104502344753951,0.015155668154024481,1079.259384,469949196.36,1082.274123,1073.839725,0.0016694414738589209
2024-06-26,39157.517902726184,39414.21602919689,38568.834442799,39114.57702851562,840381.2048000001,0.0,0.0232,39114.57702851562,39157.517902726184,39414.21602919689,38568.834442799,0.0013359593080178997,0.002037787666421357,-0.0007018283584034621,0.018936160837697075,1083.2790360000001,505960554.33,1084.5072630000002,1071.5206950000002,0.0031929912060700044
2024-06-27,39182.960958544754,39458.085405978694,38734.947157630166,38986.68076347657,708348.4384999997,273.386363107,0.0,38986.68076347657,39182.960958544754,39458.085405978694,38734.947157630166,-0.001386321622477766,0.0014882657050879074,-0.0028745873275656765,0.014951975812315657,1081.432401,403397415.75,1084.3526609999997,1078.0225679999999,-0.0014653917922989022
2024-06-28,39000.99085962323,39327.05035873506,38335.90485381966,38562.466736328126,840566.2253999999,12.35,0.0,38562.466736328126,39000.99085962323,39327.05035873506,38335.90485381966,-0.006618387128599764,0.0002062423606693559,-0.006824629489269108,0.02130064816004405,1069.605348,576836381.1,1084.4557289999998,1065.164835,-0.009445076632510048
2024-07-01,38676.07774712747,38997.666983586896,38216.02400825019,38668.37205068359,1102578.8191,53.25,0.051250000000000004,38668.37205068359,38676.07774712747,38997.666983586896,38216.02400825019,0.004624808574174335,0.003562944552820953,0.0010618640213534022,0.01603131358809258,1077.5415839999998,371841687.41999996,1077.5415839999998,1065.096123,0.006349322480434306
2024-07-02,38756.78811177404,39106.44625719194,38460.781035494154,38737.88354511719,684116.5647,0.0,0.0,38737.88354511719,38756.78811177404,39106.44625719194,38460.781035494154,0.0008074739467731951,0.002055038091594528,-0.001247564144821352,0.012202948649853704,1090.6226310000002,404026731.78000003,1091.2066829999999,1080.436077,0.010364019030569065
2024-07-03,38807.24748053791,39379.73464835696,38661.09565813849,39158.179513378906,772184.5277,0.0,0.0,39158.179513378906,38807.24748053791,39379.73464835696,38661.09565813849,0.008138380389782622,0.0009640715491492363,0.007174308840633371,0.014397783218341011,1096.6864650000002,431125799.7900001,1097.7944459999999,1089.2827469999997,0.004762235364779558
2024-07-04,39262.55050782486,39626.106486954646,38979.53793865941,39393.081119531256,763203.2004,0.0,0.0,39393.081119531256,39262.55050782486,39626.106486954646,38979.53793865941,0.00428560245446161,0.0015744244770113877,0.0027111779774502175,0.013226276769346925,1099.297521,408594104.30999994,1102.080357,1094.736762,0.0020424894439523282
2024-07-05,39585.00197622357,39809.27319177839,39144.398622347624,39408.93902109375,836244.6832,0.0,0.0,39408.93902109375,39585.00197622357,39809.27319177839,39144.398622347624,0.0007441666535365288,0.0039140896586312346,-0.003169923005094701,0.012947972220293112,1102.0030560000002,506086554.96,1103.6693219999997,1096.755177,0.002111283852717356
2024-07-08,39550.10981997648,40046.93255198552,39334.8644380463,39843.501676464846,1058357.4734000002,0.0,0.0,39843.501676464846,39550.10981997648,40046.93255198552,39334.8644380463,0.009815848494270732,0.0025865404516982695,0.007229308042572484,0.015678160412140003,1102.4496839999997,570310029.4500002,1105.5245460000006,1097.3993520000004,0.000348030862706245
2024-07-09,40069.4941691961,40310.335516889914,39628.85678099603,39950.56087919923,1016607.8882,56.49999999999999,0.0,39950.56087919923,40069.4941691961,40310.335516889914,39628.85678099603,0.004598832024484698,0.004148457515443124,0.00045037450904156803,0.013729762455216194,1111.167519,650538160.65,1111.545435,1102.501218,0.006765205098164346
2024-07-10,39960.338613421554,40295.13721008316,39474.79209243058,39707.93026181641,1162360.4303999997,0.0,0.0,39707.93026181641,39960.338613421554,40295.13721008316,39474.79209243058,-0.0023989506207678993,0.0006425959780461711,-0.003041546598814056,0.017122799217017346,1104.4938660000003,582414593.04,1114.8178440000004,1104.4938660000003,-0.005174091975303805
2024-07-11,39842.69850754097,40059.225877588564,39379.612944532666,39649.53347138672,823514.8467,0.0,0.0,39649.53347138672,39842.69850754097,40059.225877588564,39379.612944532666,-0.0014001264592547096,0.0019096649272640435,-0.0033097913865187513,0.013826534496397605,1102.65582,546545812.4699999,1110.832548,1102.65582,-0.0014305310458628802
2024-07-12,39638.63185529482,39966.87764935812,39303.11120261965,39680.08542958984,719359.2309000002,0.0,0.0,39680.08542958984,39638.63185529482,39966.87764935812,39303.11120261965,0.0014181217433252786,0.00026871682624422355,0.0011494049170810595,0.015174876689464097,1100.0361750000002,469672716.45000005,1106.838663,1096.952724,-0.002042967565530641
2024-07-15,39815.315256112925,40144.46350621901,39384.815943920396,39748.90965195312,573964.9208000002,0.0,0.0,39748.90965195312,39815.315256112925,40144.46350621901,39384.815943920396,0.0035600621823852685,0.0031269691629850094,0.000433093019400225,0.01746627410159379,1099.2373980000002,407427116.88,1104.8631929999995,1096.1883030000001,-0.0006239056421995402
2024-07-16,39779.798897627894,40284.98522988525,39520.24198378111,39964.93674423827,694153.8497000001,0.0,0.0,39964.93674423827,39779.798897627894,40284.98522988525,39520.24198378111,0.005706332541644213,-2.874630556024088e-05,0.005735078847204455,0.019179522828842468,1100.405502,547290221.1,1109.243583,1098.850893,0.0009122249978948541
2024-07-17,40145.760496764466,40432.1591902279,39187.258142318155,39570.896540625006,1364392.0257000006,0.0,0.0,39570.896540625006,40145.760496764466,40432.1591902279,39187.258142318155,-0.01015726055438942,0.0025938795488442703,-0.01275114010323369,0.027458926226974847,1089.6520739999996,929641408.92,1108.6337640000002,1079.1391379999998,-0.008434658190395138
2024-07-18,39587.878119189765,39824.415647457725,39056.77966411081,39509.082925781244,1020406.3180000001,0.0,0.0,39509.082925781244,39587.878119189765,39824.415647457725,39056.77966411081,-0.0004870320685679686,-0.000799876924537462,0.00031284485596950215,0.01739305593787485,1094.6165160000003,560336912.1,1094.8140630000003,1078.9587690000003,0.003904251148827645
2024-07-19,39526.90274756561,39816.143571444285,39049.20573094747,39243.5296743164,853840.5123000001,0.0,0.0,39243.5296743164,39526.90274756561,39816.143571444285,39049.20573094747,-0.0030804141732773457,-0.00010089050466783913,-0.002979523668609482,0.0162278620932346,1086.3195420000002,623617486.1699998,1099.340466,1082.7980519999999,-0.006535088749504057
2024-07-22,39214.994252315446,39373.49662814307,38142.3539559255,38575.86119013672,1001832.8097999999,0.0,0.0,38575.86119013672,39214.994252315446,39373.49662814307,38142.3539559255,-0.012749627335121964,-0.00046328531496757895,-0.012286342020154392,0.026148728784716815,1077.610296,716528478.3299999,1088.5956270000001,1069.347678,-0.006913728577233576
2024-07-23,38670.869077106654,38999.80691914927,37837.926874909404,38004.20422109375,953851.6364000001,0.0,0.0,38004.20422109375,38670.869077106654,38999.80691914927,37837.926874909404,-0.011440111431931101,0.0028999113197698445,-0.01434002275170095,0.023255029845338292,1058.0016089999997,569283042.72,1081.1317860000004,1058.0016089999997,-0.015772879457402404
2024-07-24,37890.58907662235,38451.6940358771,37410.698556394775,38221.323078125,935966.4096,0.0,0.0,38221.323078125,37890.58907662235,38451.6940358771,37410.698556394775,0.00307731422119257,-0.002976549794227691,0.006053864015420269,0.02214983894779234,1063.7218830000002,565413440.5499998,1067.09736,1046.6984850000001,0.004631287027941424
2024-07-25,38127.160445481444,38650.86465964572,37858.76543526764,38333.63305048828,469057.799,0.0,0.0,38333.63305048828,38127.160445481444,38650.86465964572,37858.76543526764,0.002915350379579446,-0.0008109437986188153,0.0037262941781982485,0.01824540807904868,1059.1868910000003,361613734.4400001,1061.316963,1053.1831800000004,-0.003669597677978114
2024-07-26,38432.933291128356,38881.13777006026,38130.131504341414,38722.23786738281,521357.68959999987,0.0,0.0,38722.23786738281,38432.933291128356,38881.13777006026,38130.131504341414,0.007893238712875573,0.0018293637763612282,0.006063874936514353,0.016754703675515202,1066.8482789999998,358406000.61,1066.8482789999998,1059.925545,0.00619029706601084
2024-07-29,38945.346945083234,39237.81718680349,38486.803611686526,38907.02591855468,550905.4076999999,0.0,0.0,38907.02591855468,38945.346945083234,39237.81718680349,38486.803611686526,0.002855878464460991,0.0028922130104360455,-3.6334545975058364e-05,0.014909598684286809,1070.70474,399076976.96999997,1073.350152,1067.681412,0.0030991679900044767
2024-07-30,38937.87007211111,39140.18923409909,38480.510679949344,38910.95205937499,498795.3109000001,0.0,0.0,38910.95205937499,38937.87007211111,39140.18923409909,38480.510679949344,0.0005448140724965446,0.0003516855873242256,0.00019312848517234643,0.013930884378376232,1069.382034,517316500.68000007,1072.534197,1062.433533,-0.001061706788586545
2024-07-31,38883.61623093329,39112.133681584695,38476.39705736376,38811.83896054688,631272.4263,0.0,0.0,38811.83896054688,38883.61623093329,39112.133681584695,38476.39705736376,-0.0032004775080875557,-0.0008911940163114429,-0.002309283491776118,0.014867910732958248,1074.921939,588714195.09,1078.5808530000002,1070.4470700000002,0.004438022827951399
2024-08-01,38739.59479968025,38871.62061282543,37716.0382347616,38062.45068447266,984443.5255999999,0.0,0.0,38062.45068447266,38739.59479968025,38871.62061282543,37716.0382347616,-0.014588911658456504,-0.0019759651312316676,-0.012612946527224826,0.024641721479823957,1053.835944,731986702.8600001,1080.367365,1050.0138390000002,-0.01701588855904347
2024-08-02,37556.99140358372,38475.285104851115,37274.51688744878,38196.3157953125,889203.7448,0.0,0.0,38196.3157953125,37556.99140358372,38475.285104851115,37274.51688744878,0.0026664200171168558,-0.010136750943291598,0.012803170960408465,0.024178053291593712,1062.11574,564872505.33,1062.11574,1039.071453,0.006721848268411652
2024-08-05,37772.30451559127,38145.52418080907,36894.00463659001,37153.44140742187,1116726.4359000002,2.97,0.0,37153.44140742187,37772.30451559127,38145.52418080907,36894.00463659001,-0.02213958106044927,-0.009003429520106911,-0.013136151540342368,0.02667249384652287,1020.4333230000002,809547777.7800001,1062.11574,1017.392817,-0.03438652219576966
2024-08-06,37281.32057049261,37775.37535785399,36904.564567769106,37562.75793515625,742003.1077000002,0.0,0.0,37562.75793515625,37281.32057049261,37775.37535785399,36904.564567769106,0.00724232093863165,0.0013883423794629475,0.005853978559168692,0.020629580008086807,1039.5094920000001,526327907.70000005,1042.146315,1019.2909860000002,0.015908198833447768
2024-08-07,37634.87480308032,37884.13600792482,37320.4662504671,37679.92862060546,424248.2254000001,0.0,0.0,37679.92862060546,37634.87480308032,37884.13600792482,37320.4662504671,0.002868813192110003,0.00124187043331652,0.0016269427587934692,0.012972358654361466,1044.319332,438200988.5400001,1045.9598310000003,1035.068979,0.0039649887408673935
2024-08-08,37684.42336106369,38015.10711414285,37378.94465252952,37703.52779384766,493496.89060000004,0.0,0.0,37703.52779384766,37684.42336106369,38015.10711414285,37378.94465252952,0.0007604743717718482,0.00033080809457024035,0.0004296662772016141,0.015696880011696716,1037.826048,549210034.3800001,1047.8322329999999,1032.895962,-0.005357070414993351
2024-08-09,37874.758384637666,38470.14239573071,37617.586188332934,38296.9403415039,868484.5752000001,0.0,0.0,38296.9403415039,37874.758384637666,38470.14239573071,37617.586188332934,0.01018369911916052,0.003180474231805462,0.007003224887355053,0.01758806288216647,1050.984396,467565920.64,1052.169678,1037.826048,0.010821330991017218
2024-08-12,38347.63954279973,38856.505377515896,38100.81626501878,38651.28200224609,840436.6271000002,0.0,0.0,38651.28200224609,38347.63954279973,38856.505377515896,38100.81626501878,0.0062869236183382025,0.0014965096786358162,0.004790413939702388,0.015124680114101965,1056.687492,424822762.14,1057.700994,1048.8543240000004,0.004648162873245233
2024-08-13,38677.282034734024,38940.47192493142,38219.32108919436,38618.93488027344,636851.3633000002,0.0,0.0,38618.93488027344,38677.282034734024,38940.47192493142,38219.32108919436,-0.0010622347598348778,0.0002714814131541398,-0.0013337161729890196,0.014924504754388081,1056.807738,419447594.1600001,1057.7782950000003,1050.4432889999998,9.773316546497437e-05
2024-08-14,38746.280957691255,38991.294436934506,38360.927558234675,38572.596965527344,482915.9483,0.0,0.0,38572.596965527344,38746.280957691255,38991.294436934506,38360.927558234675,-0.0009522217564807483,0.0028868628035588614,-0.0038390845600395885,0.01370306473907199,1056.7562039999998,380670921.75,1062.0384390000002,1055.5279770000002,-4.188428060236296e-05
2024-08-15,38466.28828943196,38645.38677562567,38112.953072243516,38352.52225712891,545281.666,0.0,0.0,38352.52225712891,38466.28828943196,38645.38677562567,38112.953072243516,-0.005254070393704993,-0.002564456410752669,-0.0026896139829523163,0.01185126456059259,1050.9156840000003,371249991.21000004,1057.8985410000003,1049.8162920000002,-0.004760167364535253
2024-08-16,38376.038027426985,39100.94036186274,38259.8769850268,38966.37092070313,1261921.0553,0.0,0.0,38966.37092070313,38376.038027426985,39100.94036186274,38259.8769850268,0.011756585661030912,0.00043299124178388797,0.011323594419247037,0.01700523372308203,1075.5403469999999,787705091.8800002,1076.407836,1052.779497,0.019893257350964196
2024-08-19,39104.30428138537,39316.82884991522,38796.97197529448,39011.652248437495,538188.172,0.0,0.0,39011.652248437495,39104.30428138537,39316.82884991522,38796.97197529448,0.001947001959324052,0.002551473229370865,-0.0006044712700468211,0.011394011421924392,1083.6054179999999,523806692.64,1085.512176,1075.5403469999999,0.006416539180661109
2024-08-20,39035.51593880094,39377.71158739685,38822.2764017735,39100.296378125,742852.4188,0.0,0.0,39100.296378125,39035.51593880094,39377.71158739685,38822.2764017735,0.0018583876561262304,0.001005255745302937,0.0008531319108233079,0.011915894125233549,1092.9931950000002,663170775.96,1095.913455,1083.6054179999999,0.007409001931486864
2024-08-21,39077.756222678654,39633.54919451009,38843.22346919668,39290.977191796876,807914.9820000001,0.0,0.0,39290.977191796876,39077.756222678654,39633.54919451009,38843.22346919668,0.003569795668453451,-9.59366534953986e-05,0.0036657323219488535,0.01658289281252852,1102.8705450000004,614819344.02,1102.8705450000004,1089.866799,0.007726994147271779
2024-08-22,39386.32726424282,39655.648422345694,39022.86093285842,39371.690268359365,564625.278,0.0,0.0,39371.690268359365,39386.32726424282,39655.648422345694,39022.86093285842,7.296523279596163e-05,0.002185979245686189,-0.0021130140128901896,0.013939818064175736,1101.7797420000002,525982372.22999996,1106.6239380000004,1099.7527380000001,-0.0008499223470271923
2024-08-23,39367.22911857631,39507.83261419215,38966.92377741392,39246.906454492186,487093.8095999999,0.0,0.0,39246.906454492186,39367.22911857631,39507.83261419215,38966.92377741392,-0.002385243161902352,-0.0008600209676799333,-0.0015252221942224052,0.011309456529039105,1103.9613479999998,546015871.1700001,1105.7736270000003,1096.325727,0.0016990044868777487
2024-08-26,39415.0473672494,39586.09109933617,39001.44171962876,39109.594466015624,542224.6136,0.0,0.0,39109.594466015624,39415.0473672494,39586.09109933617,39001.44171962876,-0.0013093780463554968,0.004155517869541405,-0.005464895915896873,0.012520066804366821,1099.4091780000003,594486432.54,1108.367505,1098.2926080000004,-0.0035489849117822186
2024-08-27,39036.696247424145,39270.17584482661,38758.77968595239,39119.04723701172,718300.6793999999,0.0,0.0,39119.04723701172,39036.696247424145,39270.17584482661,38758.77968595239,-0.00022332395936086797,-0.0016913608500966943,0.0014680368907358683,0.010757140036905468,1099.8729839999999,506726435.46,1101.8999880000003,1094.83983,0.0003622663668980347
2024-08-28,39166.87693907088,39357.727856896614,38924.70532628312,39158.77241269531,532758.4850000001,0.0,0.0,39158.77241269531,39166.87693907088,39357.727856896614,38924.70532628312,0.0018139918030685646,0.001115830842998494,0.0006981609600700697,0.009804524144932306,1100.628816,565297145.4900002,1104.304908,1096.7294100000004,0.0005900328100893155
2024-08-29,39121.988261436556,39349.706489112636,38847.757108858066,39162.4169359375,323677.97310000006,17.4,0.0,39162.4169359375,39121.988261436556,39349.706489112636,38847.757108858066,-0.0004392798552051217,-0.001296622071101775,0.0008573422158966439,0.010827431780218328,1100.654583,499208311.97999996,1106.43498,1099.5981359999998,2.0107612051237534e-05
2024-08-30,39141.899153405364,39534.988134353654,38923.013241603,39347.14884726562,487531.0709000001,0.0,0.0,39347.14884726562,39141.899153405364,39534.988134353654,38923.013241603,0.002654697400736418,-0.0011455601436549344,0.0038002575443913415,0.012239689840424428,1102.7159429999997,438710488.02,1105.2668760000001,1101.6079620000003,0.0016070856895402505
2024-09-04,39141.39836215279,39477.00719348018,38755.04723865832,39185.738750390614,595931.4001000002,125.46188424000002,0.0,39185.738750390614,39141.39836215279,39477.00719348018,38755.04723865832,-0.002716061775820983,-0.003850437710945349,0.0011343759351243985,0.015792339572340656,1095.78462,505177237.5300001,1097.0472029999999,1089.454527,-0.005415812167612154
2024-09-05,39107.93058107147,39304.34814341083,38699.87867417528,38901.30823847656,795574.3476000001,0.0,0.0,38901.30823847656,39107.93058107147,39304.34814341083,38699.87867417528,-0.004509080532620642,-0.0017438935868871585,-0.0027651869457334774,0.013333500154134871,1089.2655689999997,510580920.9900002,1101.2901689999997,1087.410345,-0.0051250351550856865
2024-09-06,38801.680667512235,39126.9884395114,38618.78432730829,38989.25168691406,646782.3743999997,0.0,0.0,38989.25168691406,38801.680667512235,39126.9884395114,38618.78432730829,0.0014293889131265813,-0.0020332709794021733,0.0034626598925287695,0.010187788013166612,1094.2042439999998,442286260.5,1094.6165160000003,1084.7391659999996,0.003885407680867048
2024-09-09,38930.01659054974,39048.122448304,38651.409674405484,38836.92958027344,459958.09130000003,0.0,0.0,38836.92958027344,38930.01659054974,39048.122448304,38651.409674405484,-0.0026241090175002737,-0.0003911396029238886,-0.0022329694145763863,0.009236614286394782,1088.8532969999999,372647507.39999986,1094.2042439999998,1084.764933,-0.004210551024103433
2024-09-10,38849.916964153366,39122.39705170749,38467.056583331505,38718.274265917964,599883.7915000002,0.0,0.0,38718.274265917964,38849.916964153366,39122.39705170749,38467.056583331505,-0.0039128157094243735,0.00031521012333779534,-0.004228025832762183,0.013368595929284974,1078.117047,516631699.71,1092.3747869999997,1075.531758,-0.00851090611745474
2024-09-11,38724.403288711095,38980.55550122964,38437.51172030449,38801.082317871085,554699.1171,0.0,0.0,38801.082317871085,38724.403288711095,38980.55550122964,38437.51172030449,0.001234665728808756,0.00026528621570134827,0.0009693795131073985,0.01178121235067234,1076.433603,444684051.63000005,1079.517054,1069.150131,-0.0013421920211916193
2024-09-12,38810.94233459478,39405.24713797165,38680.42437095407,39004.47681962891,499517.8497999998,4.5,0.0,39004.47681962891,38810.94233459478,39405.24713797165,38680.42437095407,0.0031772977682569055,0.00044473985158085915,0.002732557916676065,0.013183827026621962,1079.0790149999998,327337955.7,1083.0127770000001,1076.433603,0.0021082182387636775
2024-09-13,38980.1197823202,39281.062509925345,38804.57110308261,39126.934237597656,446141.67119999987,0.0,0.0,39126.934237597656,38980.1197823202,39281.062509925345,38804.57110308261,0.001104627366660031,-0.0004614262124327354,0.0015660535790927544,0.00972424487080649,1075.0937190000002,329451966.27,1077.266736,1072.577142,-0.0031779945828585704
2024-09-16,39225.061143728766,39475.02104763483,38881.04315102463,39042.01006230469,434515.3110999999,1.75,0.0,39042.01006230469,39225.061143728766,39475.02104763483,38881.04315102463,-0.0017548246983019765,0.003079518462943963,-0.004834343161245933,0.012363085361628317,1064.400414,389592487.83000004,1078.280238,1064.400414,-0.008585726879747596
2024-09-17,39023.42087350568,39343.141810889465,38758.43045787471,39198.7794586914,552857.0781,56.800000000000004,0.0,39198.7794586914,39023.42087350568,39343.141810889465,38758.43045787471,0.0015649503782478363,-4.246884071540555e-05,0.001607419218963254,0.012560257690163824,1081.3121550000003,395734052.28000003,1081.3121550000003,1063.910841,0.01353936714730155
2024-09-18,39256.69820807943,39527.32293254031,39071.73880549776,39335.69192851562,719829.8542,0.0,0.0,39335.69192851562,39256.69820807943,39527.32293254031,39071.73880549776,0.0026549998458348756,0.0009668003042211548,0.0016881995416137352,0.008743997876383934,1086.4226099999998,513987919.61999995,1092.3232529999998,1080.436077,0.004049737082430749
2024-09-19,39379.76251008553,39763.27263550143,39069.91541913184,39596.16321347656,577931.0885000001,0.0,0.0,39596.16321347656,39379.76251008553,39763.27263550143,39069.91541913184,0.002587060918438084,-0.0006394958417473056,0.003226556760185413,0.012904671725919296,1091.893803,410431720.86,1091.893803,1086.353898,0.004314540827267415
2024-09-20,39851.195116893665,40106.103696901235,39536.35317602735,39683.27643359375,635654.1264000001,0.0,0.0,39683.27643359375,39851.195116893665,40106.103696901235,39536.35317602735,0.0015051095433469303,0.005259858201455567,-0.0037547486581086444,0.012198237606595391,1092.5551560000001,721843179.75,1102.2263699999999,1091.893803,0.0005200726771070507
2024-09-23,39678.55622816719,40038.692908904064,39178.68050553583,39756.058419726556,402168.8314,0.0,0.0,39756.058419726556,39678.55622816719,40038.692908904064,39178.68050553583,0.0005444240584146124,0.00010343875266609573,0.00044098530574852456,0.015556528856040542,1089.497472,391420398.80999994,1096.8067110000002,1088.973543,-0.0024071339736481986
2024-09-24,39761.48515757678,40009.858171318076,39570.96922719888,39791.28322373046,434427.01190000004,0.0,0.0,39791.28322373046,39761.48515757678,40009.858171318076,39570.96922719888,0.0015448947278859754,7.729032580782626e-05,0.0014676044020781557,0.008280787027184556,1096.8067110000002,424094586.71999997,1096.8067110000002,1087.9514520000002,0.005742960028473464
2024-09-25,39786.830005346696,40049.97522211166,39554.66416437944,39845.453945898436,728172.6693999999,0.0,0.0,39845.453945898436,39786.830005346696,40049.97522211166,39554.66416437944,0.001377351519933633,-0.0006919516206683863,0.0020693031406019908,0.011111098053725843,1105.8165719999997,776495759.76,1106.6411160000002,1099.7956830000003,0.007026723847355474
2024-09-26,39821.42111145278,40130.30768638665,39470.46264626071,39750.2483711914,567352.6891000001,0.0,0.0,39750.2483711914,39821.42111145278,40130.30768638665,39470.46264626071,-0.002338576261491629,-0.0005704425778563298,-0.0017681336836353136,0.012382198993336414,1109.2607610000005,764278852.0499997,1115.462019,1107.2509350000003,0.002670982427586233
2024-09-27,39738.67669896946,39880.81929662454,39364.2828198692,39594.20948330078,766621.9698000002,0.0,0.0,39594.20948330078,39738.67669896946,39880.81929662454,39364.2828198692,-0.002459395814088357,-0.00040384971399214315,-0.0020555461000962083,0.010803295278420244,1108.7711880000002,751454702.04,1116.836259,1105.5846689999998,-0.0003791597832648399
2024-09-30,39557.821406491195,39747.704554959695,39199.765436715024,39482.04775966796,551273.8511000001,0.0,0.0,39482.04775966796,39557.821406491195,39747.704554959695,39199.765436715024,-0.0013891366316311077,-0.0004382223364806975,-0.0009509142951503922,0.011000933966643454,1106.211666,595447198.08,1109.724567,1102.758888,-0.001985003559122533
2024-10-01,39446.198114650244,39851.63981158784,39333.619489954646,39526.43716191406,737171.2330000001,0.0,0.0,39526.43716191406,39446.198114650244,39851.63981158784,39333.619489954646,0.0009878958485307087,-0.0005826181023471564,0.001570513950877865,0.010182924332883295,1109.87058,792378109.1100001,1118.4767580000002,1108.5650520000002,0.002836216116017432
2024-10-02,39358.20425877156,39653.11308565241,39136.53273969651,39344.93327822266,488595.0329000001,0.0,0.0,39344.93327822266,39358.20425877156,39653.11308565241,39136.53273969651,-0.003263099055282981,-0.0034389658010216275,0.00017586674573861268,0.012304588836073,1106.1257759999999,582137426.0099999,1111.150341,1103.8067460000002,-0.0029029065942751263
2024-10-03,39433.09916823817,39765.82061453995,38981.21535985119,39119.715190136725,764537.2997999999,0.0,0.0,39119.715190136725,39433.09916823817,39765.82061453995,38981.21535985119,-0.0038653076818618392,0.0011393271733841713,-0.005004634855246016,0.015441495288060504,1097.76009,867270753.5100001,1116.020304,1096.394439,-0.006520593762840817
2024-10-04,39106.58757870357,39246.07111759714,38861.397440175715,38960.22555839844,390887.5884,0.0,0.0,38960.22555839844,39106.58757870357,39246.07111759714,38861.397440175715,-0.0028469554042547408,-0.00023777660109966904,-0.00260917880315506,0.00825875949969062,1091.3183399999998,488544810.81,1098.816537,1091.3183399999998,-0.005054944555167088
2024-10-07,39051.70811803395,39338.59167983337,38744.66558841371,38956.16573759766,341317.5614000001,0.0,0.0,38956.16573759766,39051.70811803395,39338.59167983337,38744.66558841371,8.354852253954171e-05,0.0017023494644339446,-0.0016188009418943916,0.011935610993749571,1090.7428770000001,427025840.64,1098.1981289999997,1086.207885,-0.00045302595390814255
2024-10-08,39028.97939428873,39462.71077374408,38795.11317397237,39201.870054199215,559332.8264000003,0.0,0.0,39201.870054199215,39028.97939428873,39462.71077374408,38795.11317397237,0.0029085187926872666,0.0008383295507252877,0.0020701892419619757,0.011713924807859872,1092.503622,558591455.52,1095.8017980000002,1088.174766,0.0013853719303481868
2024-10-09,39254.41455278022,39493.066559047664,39012.35235873756,39317.76698330079,800952.3234000002,0.0,0.0,39317.76698330079,39254.41455278022,39493.066559047664,39012.35235873756,0.0014213103008766973,0.0011045652091928465,0.0003167450916838312,0.009163958269354462,1100.980965,552578726.07,1101.977289,1092.503622,0.006638958120001205
2024-10-10,39386.24941761251,39762.25472333307,39070.27522131184,39435.859751367185,876908.1724000003,0.0,0.0,39435.859751367185,39386.24941761251,39762.25472333307,39070.27522131184,0.0016795289495356957,0.001759978068364028,-8.0449118828347e-05,0.012081664824818815,1104.8546039999999,571426427.67,1111.7000369999998,1103.6607330000002,0.0030166092195757052
2024-10-11,39376.897445830145,39731.81167497177,39152.353164977925,39483.65353242188,579228.6751999999,30.599999999999998,0.0,39483.65353242188,39376.897445830145,39731.81167497177,39152.353164977925,0.0005945042026695877,-0.001349812148506441,0.0019443163511760322,0.010604833989242859,1106.5981709999999,412163091.47999996,1107.4398930000002,1102.4496839999997,0.0013543585678427322
2024-10-14,39615.43435433576,39873.82683867126,39203.27336031861,39369.598195312494,627580.2112999998,0.0,0.0,39369.598195312494,39615.43435433576,39873.82683867126,39203.27336031861,-0.0016061593973095746,0.0022161671674049035,-0.0038223265647144666,0.012990950510839813,1104.837426,575863333.29,1114.568763,1104.657057,-0.0013677126316669816
2024-10-15,39416.50634068083,39639.08247381646,39158.15360577473,39369.866827148435,628016.7875999999,0.0,0.0,39369.866827148435,39416.50634068083,39639.08247381646,39158.15360577473,-0.0005183614834137999,0.0008809704502389735,-0.001399331933652766,0.009628603141286267,1100.319612,579864604.83,1111.459545,1099.228809,-0.0035193465198530877
2024-10-16,39394.88356264087,39702.43996122387,39103.03836154776,39377.383289843754,626747.3037999999,0.0,0.0,39377.383289843754,39394.88356264087,39702.43996122387,39103.03836154776,-0.00014645352198377595,0.0003702873271173073,-0.0005167408491010784,0.011895522709826191,1098.945372,414198598.59000003,1102.252137,1096.29996,-0.001073390335597836
2024-10-17,39458.97493685163,39769.30620592307,39053.46392863313,39628.33849931641,496388.6928,0.0,0.0,39628.33849931641,39458.97493685163,39769.30620592307,39053.46392863313,0.0035749483206865902,0.0012073989609526715,0.002367549359733907,0.013942900577934774,1104.992028,530661917.10000014,1104.992028,1092.3661980000002,0.004712915955947962
2024-10-18,39764.42080084571,39901.07039676786,39401.63373291872,39608.594937695314,393312.51819999993,0.0,0.0,39608.594937695314,39764.42080084571,39901.07039676786,39401.63373291872,-3.95909094008201e-06,0.0022754162656751474,-0.0022793753566152336,0.009734404730377249,1104.0815940000002,522088806.75,1111.50249,1104.0815940000002,-0.0007079635545743015
2024-10-21,39615.250307129696,39998.38520662233,39144.85044095865,39562.38796416016,489436.55979999993,40.35,0.0,39562.38796416016,39615.250307129696,39998.38520662233,39144.85044095865,-0.0022702573640810634,-0.00023732389021054404,-0.0020329334738705255,0.017095013215431037,1099.194453,498382565.52,1106.0141190000002,1099.194453,-0.0038103008424668597
2024-10-22,39564.08485573753,39935.323248968314,39087.239305591786,39369.268804394545,819823.4972999999,0.0,0.0,39369.268804394545,39564.08485573753,39935.323248968314,39087.239305591786,-0.002249113075572261,-0.0005835147051652868,-0.001665598370407004,0.015921193473298706,1090.708521,625711312.59,1099.572369,1086.886416,-0.006656553795267248
2024-10-23,39460.03038224236,39807.396131206704,39165.295490475015,39662.52065078126,475619.6556000001,0.0,0.0,39662.52065078126,39460.03038224236,39807.396131206704,39165.295490475015,0.0050857091505013404,0.0023617209142573754,0.0027239882362439525,0.011866495534022161,1091.5760100000002,460239417.75,1093.5600690000003,1085.014014,0.0006828498582668363
2024-10-24,39709.6297290173,39843.19380246731,39316.05120021769,39489.269451953136,418902.10260000004,0.0,0.0,39489.269451953136,39709.6297290173,39843.19380246731,39316.05120021769,-0.004358665769350275,0.0005605425230211848,-0.004919208292371459,0.011666971058347757,1079.9894490000001,508954422.05999994,1094.3330789999998,1079.9894490000001,-0.00916554611753454
2024-10-25,39507.692538290175,39656.33854681936,39061.47627237332,39290.66170419922,402992.91300000006,0.0,0.0,39290.66170419922,39507.692538290175,39656.33854681936,39061.47627237332,-0.0016441677285845768,0.0011486607847462236,-0.0027928285133308286,0.013018176678915326,1075.961208,451036647.81,1083.691308,1075.128075,-0.0032095912861696187
2024-10-28,39351.38440214478,39596.925144293746,39001.88066112696,39396.82553925782,293823.00090000004,0.0,0.0,39396.82553925782,39351.38440214478,39596.925144293746,39001.88066112696,0.0004519673209155595,0.00098608687527408,-0.0005341195543585094,0.012455007473637791,1077.7219530000002,344009634.14999986,1078.0741020000003,1074.432366,0.0014043887650900084
2024-10-29,39436.503738284635,39727.86310415741,39068.69142300412,39522.98960185548,578895.8610000001,0.0,0.0,39522.98960185548,39436.503738284635,39727.86310415741,39068.69142300412,0.0023838233745191724,0.0001405704033506946,0.0022432529711685027,0.013785245242941493,1083.742842,421635384.2400001,1084.258182,1080.0066270000004,0.004785046649409252
2024-10-30,39599.12075900799,39819.6110698238,39345.86549347405,39624.126203417974,465080.6022,0.0,0.0,39624.126203417974,39599.12075900799,39819.6110698238,39345.86549347405,0.0018540607948764412,0.0018115951194551466,4.2465675421284e-05,0.010381205961363986,1081.037307,408203734.2599999,1086.3710759999997,1077.9796229999995,-0.0021469018204780714
2024-10-31,39703.97789654181,39948.609346732694,39400.413674591284,39708.24526923828,347974.9481,0.0,0.0,39708.24526923828,39703.97789654181,39948.609346732694,39400.413674591284,0.002111729175077637,0.0017454875041762938,0.0003662416709013255,0.011172341259352648,1086.0618719999998,402905781.39000005,1088.9821320000003,1078.3918950000002,0.0039828418131883665
2024-11-01,39591.403956664726,39878.65327027676,39245.17789611791,39620.73448613282,1043445.4323,0.0,0.0,39620.73448613282,39591.403956664726,39878.65327027676,39245.17789611791,-0.0012962236623309646,-0.002647476811737226,0.0013512531494062911,0.012728133009977369,1077.825021,461642173.22999996,1086.2250630000003,1077.3440370000003,-0.006538849619511946
2024-11-04,39566.79741754514,39813.76356397541,39047.446406768286,39402.68513056642,602791.4845999999,0.0,0.0,39402.68513056642,39566.79741754514,39813.76356397541,39047.446406768286,-0.002476981234590743,-0.0004016985210358736,-0.0020752827135548766,0.015176488950426453,1069.0814190000003,505221642.66,1079.6029440000002,1067.063004,-0.006996039640241539
2024-11-05,39393.91387634774,39752.60857582787,39190.51573348831,39402.8837873047,383662.86439999996,0.0,0.0,39402.8837873047,39393.91387634774,39752.60857582787,39190.51573348831,0.001979553923790825,-0.00018420113785097537,0.002163755061641807,0.01209504849840486,1069.983264,285695048.1000001,1072.740333,1068.0850949999997,0.0007242368335575082
2024-11-06,39610.665305601935,39910.60806063046,39330.46781787634,39681.95827851563,393728.0308000001,0.0,0.0,39681.95827851563,39610.665305601935,39910.60806063046,39330.46781787634,0.004843865218380541,0.002696772229050167,0.0021470929893303604,0.01278488644520691,1083.3133919999998,431716551.21,1084.3097160000002,1074.1145730000003,0.010634292462797651
2024-11-07,39723.54538335371,40132.05734671405,39412.685129011006,39828.55230800783,550150.0494,0.0,0.0,39828.55230800783,39723.54538335371,40132.05734671405,39412.685129011006,0.0027524848563687016,8.072325960315757e-05,0.0026717615967655674,0.01325507673926025,1081.9992750000004,403998044.52,1088.303601,1081.9992750000004,-0.001042524017039981
2024-11-08,39887.093410577014,40088.42616134808,39580.20093177529,39863.823343164055,427669.2987999999,0.0,0.0,39863.823343164055,39887.093410577014,40088.42616134808,39580.20093177529,-0.000865043722880985,-0.0005682251806380157,-0.00029681854224294083,0.012179591006674383,1075.8237839999997,432237216.39,1085.726901,1074.286353,-0.004916198924685268
2024-11-11,39843.07927021599,40208.90319536889,39491.49928797339,39949.349465722655,822898.5813,0.0,0.0,39949.349465722655,39843.07927021599,40208.90319536889,39491.49928797339,0.00040367281997242784,-0.0012462379799975895,0.0016499107999700048,0.014357770374419791,1073.899848,611608861.71,1076.9489429999999,1066.143981,-0.0015373781513069982
2024-11-12,39943.44262991527,40170.13204878679,39605.664935263754,39863.60062314453,640172.9470000002,0.0,0.0,39863.60062314453,39943.44262991527,40170.13204878679,39605.664935263754,-0.0025613155928351206,-0.000794288970897648,-0.0017670266219374708,0.011048133996315372,1069.1758979999997,443489751.18000007,1079.6544779999997,1067.535399,-0.0037865271295771897
2024-11-13,39862.505930406296,40106.286413818045,39464.65972662031,39877.60539746094,735805.0428999998,188.27200000000002,0.0,39877.60539746094,39862.505930406296,40106.286413818045,39464.65972662031,0.002037386456530993,-4.98183568425453e-05,0.002087204813373526,0.01361978367552157,1070.2237559999999,504778622.0400001,1071.082656,1060.4151179999997,0.0008413624882908549
2024-11-14,39800.08387807716,40077.11921867358,39447.338573793124,39668.79706455079,580779.6067000001,0.0,0.0,39668.79706455079,39800.08387807716,40077.11921867358,39447.338573793124,-0.004430090524951795,-0.0021167589265547243,-0.002313331598397076,0.012140212125210945,1058.0703210000001,477104606.36999995,1071.108423,1057.8985410000003,-0.00980945152248866
2024-11-15,39548.81677904744,39707.884242987224,38836.097230620144,39140.02927431641,808684.1016999998,0.0,0.0,39140.02927431641,39548.81677904744,39707.884242987224,38836.097230620144,-0.008916951895923552,-0.0023950930779479593,-0.006521858817975616,0.018795056162541002,1046.629773,573772083.57,1058.0703210000001,1045.3070669999997,-0.009337561665898478
2024-11-18,39210.67008358009,39368.02028072518,38543.568760475304,39020.94537929688,709657.4403,0.0,0.0,39020.94537929688,39210.67008358009,39368.02028072518,38543.568760475304,-0.002289364738862496,0.0016782327614276646,-0.0039675975002901615,0.01664833805851064,1045.384368,477514215.7800001,1052.4788820000003,1034.63094,-0.0010226302584674623
2024-11-19,39023.045857263045,39286.750495256005,38476.69822526367,38567.76891757812,639421.7427999998,162.0,0.0,38567.76891757812,39023.045857263045,39286.750495256005,38476.69822526367,-0.006764069654181654,-0.0006818794710429216,-0.006082190183138734,0.01572846842721002,1035.1033350000002,375750884.88,1049.0604600000001,1035.1033350000002,-0.008488827990571352
2024-11-20,38563.82658786874,39067.9294540095,38119.63470769592,38830.70833193359,910406.9839999999,0.0,0.0,38830.70833193359,38563.82658786874,39067.9294540095,38119.63470769592,0.002747737252290703,-0.0009659155714930575,0.0037136528237837426,0.017871224174471612,1044.886206,557661610.3800002,1050.2027970000001,1028.9536109999997,0.008079434723285381
2024-11-21,38920.80676937682,39129.949279894914,38681.44862401451,39012.921527343744,495727.8540999999,0.0,0.0,39012.921527343744,38920.80676937682,39129.949279894914,38681.44862401451,0.0029754617673921533,0.0015460530992829533,0.0014294086681092004,0.01000654626283347,1055.012637,367051258.55999994,1055.2015950000002,1042.756134,0.008283883803852771
2024-11-22,39099.17588841987,39284.2518545712,38817.92215078827,38999.902130566414,446403.7721,0.0,0.0,38999.902130566414,39099.17588841987,39284.2518545712,38817.92215078827,1.719728145046514e-05,0.001155658115283951,-0.001138460833833489,0.0094149295304233,1054.81509,389719347.35999995,1059.384438,1053.294837,-0.00016084073275223398
2024-11-25,39016.27284737622,39214.1379621387,38788.6779396881,39028.883931542965,591100.9559999999,0.0,0.0,39028.883931542965,39016.27284737622,39214.1379621387,38788.6779396881,0.0016619065244852485,0.00011089147269039894,0.0015510150517948566,0.010358839161143172,1060.4838300000001,351386468.58,1062.0899729999996,1055.5881000000002,0.004603502980776302
2024-11-26,38992.974863995536,39336.578049912874,38871.47185403511,39161.88714990233,472521.6977,0.0,0.0,39161.88714990233,38992.974863995536,39336.578049912874,38871.47185403511,0.0019183935639735842,-0.0010201740510800237,0.0029385676150536335,0.01000927638671317,1066.865457,432791035.11,1070.902287,1060.9304579999998,0.005153075618802745
2024-11-27,39158.28892615648,39450.43617898263,38972.43234167921,39213.60515624999,764785.9898000001,0.0,0.0,39213.60515624999,39158.28892615648,39450.43617898263,38972.43234167921,-0.0001165658265908115,-0.0004044598791251941,0.00028789405253435785,0.009376205253855735,1066.728033,314411596.59,1069.622526,1064.374647,-0.0001106428889256522
2024-11-28,39278.06750442465,39535.629929208895,39077.22923277536,39361.13101289063,490241.3807,8.7,0.0,39361.13101289063,39278.06750442465,39535.629929208895,39077.22923277536,0.0011719697681742813,0.0011991681436144105,-2.719837544011117e-05,0.008043392643616415,1066.8482789999998,356264333.46000004,1074.020094,1065.817599,9.681330724223638e-05
2024-11-29,39381.466768368344,39854.416491327676,39232.290124430314,39696.798626660166,852957.8868000001,0.0,0.0,39696.798626660166,39381.466768368344,39854.416491327676,39232.290124430314,0.0037437719907656786,-0.00010298287527977238,0.003846754866045455,0.010809968401199516,1074.020094,367577506.5899999,1074.4151880000002,1065.8948999999996,0.005754576062491079
2024-12-02,39816.264165003944,40056.94581797807,39380.928577272294,39676.93466210938,531327.1406,31.739131625,0.0,39676.93466210938,39816.264165003944,40056.94581797807,39380.928577272294,0.0015491683549328488,0.0011516129306834916,0.00039755542424936915,0.013493062724986668,1074.6642689999999,333905620.44000006,1080.539145,1071.683886,0.0005149959981127809
2024-12-03,39656.254197305585,40080.31644807331,39421.76446705295,39858.64060976563,632182.3629000001,0.0,0.0,39858.64060976563,39656.254197305585,40080.31644807331,39421.76446705295,0.0024743860151739934,1.7309029166267566e-05,0.00245707698600772,0.012144850655214472,1073.478987,410133081.33000004,1076.914587,1069.253199,-0.0009478313983676739
2024-12-04,39952.25909022943,40202.75083241267,39612.28621268863,39813.23042128907,689497.9008999999,1.75,0.0,39813.23042128907,39952.25909022943,40202.75083241267,39612.28621268863,-0.0012085049921052582,0.0018138026830288759,-0.0030223076751341505,0.009665989424800746,1065.3881490000003,433955102.28000003,1071.7182420000001,1064.881398,-0.006498069737720098
2024-12-05,39754.76282446069,40521.885026552874,39620.41982396714,40215.710019531245,965720.5310000003,0.0,0.0,40215.710019531245,39754.76282446069,40521.885026552874,39620.41982396714,0.0073959059080124885,-0.00105231797116541,0.008448223879177907,0.015500532060633685,1088.6815169999998,721453926.27,1090.098702,1063.739061,0.018576422084701078
2024-12-06,40400.32702739111,40774.00248034141,40000.60817899973,40464.89665947266,939957.4366999998,0.0,0.0,40464.89665947266,40400.32702739111,40774.00248034141,40000.60817899973,0.0038373802779299113,0.0023503467206846965,0.0014870335572452372,0.01393321212556168,1090.9232460000003,514932366.05999994,1096.04229,1089.5833620000003,0.00176676225864452
2024-12-09,40464.149152966886,40970.49642223289,40086.918626520215,40525.49927646484,655768.9457,0.0,0.0,40525.49927646484,40464.149152966886,40970.49642223289,40086.918626520215,0.002069062487048171,-0.0008476701757412434,0.002916732662789385,0.01644569970661564,1094.1011759999994,502157946.36,1097.407941,1089.6778410000004,0.0024983940445932485
2024-12-10,40598.75855942024,40917.09689819677,40177.08386402748,40666.066553613295,548451.3330000003,0.0,0.0,40666.066553613295,40598.75855942024,40917.09689819677,40177.08386402748,0.002118828125995493,0.0007873514965942573,0.0013314766294012298,0.01458326729186778,1092.5809229999998,429132292.89,1097.090148,1091.0778479999997,-0.0011942710032462932
2024-12-11,40764.14004186719,41002.988580693855,40488.808521479375,40660.23915664064,603225.8742999999,0.0,0.0,40660.23915664064,40764.14004186719,41002.988580693855,40488.808521479375,-0.0010478344618288025,0.0010725025473497462,-0.0021203370091785307,0.010605793387035514,1089.823854,430996621.22999996,1096.5318630000004,1085.778435,-0.0021701270532712897
2024-12-12,40541.651958039714,40880.169574096835,40230.37963967652,40515.10049667968,551070.5727,0.0,0.0,40515.10049667968,40541.651958039714,40880.169574096835,40230.37963967652,-0.003385171095345798,-0.003061948813667611,-0.000323222281678161,0.012822869190894738,1088.5269150000001,419083678.22999996,1095.6471960000001,1087.358811,-0.001022737985611147
2024-12-13,40456.329291154805,40754.2170243681,40232.93575547428,40513.81686757813,495212.90129999997,0.0,0.0,40513.81686757813,40456.329291154805,40754.2170243681,40232.93575547428,0.0004840958514957195,-0.0011982790930459256,0.001682374944541624,0.01036768516461549,1084.421373,339463648.23,1087.839795,1082.626272,-0.0032455942364287347
2024-12-16,40758.55838283026,40959.203411793525,40312.08118840621,40644.77578691406,428917.9683000001,0.0,0.0,40644.77578691406,40758.55838283026,40959.203411793525,40312.08118840621,0.0020715886490214885,0.003249897304473619,-0.001178308655452128,0.01287512654112216,1085.469231,331416614.12999994,1088.3121899999996,1081.0544849999999,0.00082953979753759
2024-12-17,40546.12350455737,40829.905787022486,40306.725095188915,40514.525646484384,511548.1798,0.0,0.0,40514.525646484384,40546.12350455737,40829.905787022486,40306.725095188915,-0.0010424818929334508,-0.0013488337200368446,0.00030635182710339083,0.009909189476864835,1083.691308,307671550.6200002,1086.895005,1082.7293399999999,-0.0014079717745236883
2024-12-18,40527.365389756786,40843.798366182,40393.51287174604,40673.46889804687,422230.96930000006,0.0,0.0,40673.46889804687,40527.365389756786,40843.798366182,40393.51287174604,0.0033336643004445317,4.633148475000999e-06,0.003329031151969533,0.009457835219640838,1087.3673999999999,336601621.64999986,1087.8226170000003,1083.493761,0.0029086255701898838
2024-12-19,40400.67138267557,40835.4673092593,40148.81453823738,40556.74153056641,773737.3325,0.0,0.0,40556.74153056641,40400.67138267557,40835.4673092593,40148.81453823738,-0.002660992595361738,-0.005196812401179575,0.0025358198058178377,0.014008801417779625,1077.636063,569202735.57,1082.0078639999997,1073.1010710000003,-0.007721282465906178
2024-12-20,40580.15742679848,40927.87353368723,40289.62993179416,40559.79893085938,522936.6681999999,0.0,0.0,40559.79893085938,40580.15742679848,40927.87353368723,40289.62993179416,0.0003641388867236298,0.00046417670866284814,-0.00010003782193922139,0.013437280450940234,1080.0667500000002,383984128.5,1081.3551000000004,1076.9747100000004,0.001935130208714056
2024-12-23,40826.81223466293,41434.64437164515,40566.94333403082,41181.004183007826,659357.9582000002,176.70000000000002,0.0,41181.004183007826,40826.81223466293,41434.64437164515,40566.94333403082,0.011560097027262389,0.005403945676655141,0.006156151350607254,0.017238044776880398,1084.584564,330390142.74000007,1086.68028,1083.6054179999999,0.003585201971047594
2024-12-24,41289.63302892131,41850.764035115186,40982.95933252422,41624.48402802734,704420.844,41.0,0.0,41624.48402802734,41289.63302892131,41850.764035115186,40982.95933252422,0.006709895716911992,0.0016936553991570116,0.005016240317754991,0.01720758143684841,1082.5232040000003,447267622.83,1084.9367130000005,1076.8716419999998,-0.0016339774736818518
2024-12-25,41717.122976683204,42146.99540505344,41334.731405823295,41839.70066308595,662832.7765000002,0.0,0.0,41839.70066308595,41717.122976683204,42146.99540505344,41334.731405823295,0.004087281270644952,0.0015268924600799513,0.002560388810565012,0.016179115482103486,1094.272956,622140607.6199999,1102.046001,1082.9097090000002,0.009272305960756198
2024-12-26,41939.216932136434,42081.5201618268,41339.264984009,41591.63801464845,481785.40209999995,196.84000000000003,0.0,41591.63801464845,41939.216932136434,42081.5201618268,41339.264984009,-0.0024989061683256424,0.0014125443198133491,-0.00391145048813896,0.014644383283704134,1093.2680430000003,431245702.22999996,1096.9613130000002,1092.5122110000002,-0.0007891233460852933
2024-12-27,41648.487176292394,42227.54136433721,41184.92395013549,41830.85292646484,629359.5252,0.0,0.0,41830.85292646484,41648.487176292394,42227.54136433721,41184.92395013549,0.002138784267987449,0.0015004566939439109,0.0006383275740435167,0.02058561742963202,1095.2177459999998,506776852.89,1097.579721,1092.718347,0.001530373519584839
2024-12-30,41709.11054677491,41891.19858963939,41263.377405928426,41584.404220019525,368720.64440000005,0.0,0.0,41584.404220019525,41709.11054677491,41891.19858963939,41263.377405928426,-0.004354289921613391,-0.001873119979683742,-0.002481169941929654,0.012484386803704513,1092.537978,389036779.53000003,1094.367435,1089.746553,-0.0021041232904181434
2024-12-31,41570.06373098647,41971.299095333474,40979.17266208383,41568.73067724609,464549.7815,0.0,0.0,41568.73067724609,41570.06373098647,41971.299095333474,40979.17266208383,0.0005650280612871635,7.490684075739243e-05,0.0004901212205297694,0.019283522616350548,1088.0373420000003,349720202.58,1092.915894,1088.0373420000003,-0.0035454879398618138
2025-01-01,,,,,,,,,,,,,,,,,,,,
2025-01-02,,,,,,,,,,,,,,,,,,,,
2025-01-03,,,,,,,,,,,,,,,,,,,,
2025-01-06,,,,,,,,,,,,,,,,,,,,
2025-01-07,,,,,,,,,,,,,,,,,,,,
2025-01-08,,,,,,,,,,,,,,,,,,,,
2025-01-09,,,,,,,,,,,,,,,,,,,,
2025-01-10,,,,,,,,,,,,,,,,,,,,
2025-01-13,,,,,,,,,,,,,,,,,,,,
2025-01-14,,,,,,,,,,,,,,,,,,,,
2025-01-15,,,,,,,,,,,,,,,,,,,,
2025-01-16,,,,,,,,,,,,,,,,,,,,
2025-01-17,,,,,,,,,,,,,,,,,,,,
2025-01-20,,,,,,,,,,,,,,,,,,,,
2025-01-21,,,,,,,,,,,,,,,,,,,,
2025-01-22,,,,,,,,,,,,,,,,,,,,
2025-01-23,,,,,,,,,,,,,,,,,,,,
2025-01-24,,,,,,,,,,,,,,,,,,,,
2025-01-27,,,,,,,,,,,,,,,,,,,,
2025-01-28,,,,,,,,,,,,,,,,,,,,
2025-01-29,,,,,,,,,,,,,,,,,,,,
2025-01-30,,,,,,,,,,,,,,,,,,,,
2025-01-31,,,,,,,,,,,,,,,,,,,,
2025-02-03,,,,,,,,,,,,,,,,,,,,
2025-02-04,,,,,,,,,,,,,,,,,,,,
2025-02-05,,,,,,,,,,,,,,,,,,,,
2025-02-06,,,,,,,,,,,,,,,,,,,,
2025-02-07,,,,,,,,,,,,,,,,,,,,
2025-02-10,,,,,,,,,,,,,,,,,,,,
2025-02-11,,,,,,,,,,,,,,,,,,,,
2025-02-12,,,,,,,,,,,,,,,,,,,,
2025-02-13,,,,,,,,,,,,,,,,,,,,
2025-02-14,,,,,,,,,,,,,,,,,,,,
2025-02-17,,,,,,,,,,,,,,,,,,,,
2025-02-18,,,,,,,,,,,,,,,,,,,,
2025-02-19,,,,,,,,,,,,,,,,,,,,
2025-02-20,,,,,,,,,,,,,,,,,,,,
2025-02-21,,,,,,,,,,,,,,,,,,,,
2025-02-24,,,,,,,,,,,,,,,,,,,,
2025-02-25,,,,,,,,,,,,,,,,,,,,
2025-02-26,,,,,,,,,,,,,,,,,,,,
2025-02-27,,,,,,,,,,,,,,,,,,,,
2025-02-28,,,,,,,,,,,,,,,,,,,,
2025-03-03,,,,,,,,,,,,,,,,,,,,
2025-03-04,,,,,,,,,,,,,,,,,,,,
2025-03-05,,,,,,,,,,,,,,,,,,,,
2025-03-06,,,,,,,,,,,,,,,,,,,,
2025-03-07,,,,,,,,,,,,,,,,,,,,
2025-03-10,,,,,,,,,,,,,,,,,,,,
2025-03-11,,,,,,,,,,,,,,,,,,,,
2025-03-12,,,,,,,,,,,,,,,,,,,,
2025-03-13,,,,,,,,,,,,,,,,,,,,
2025-03-14,,,,,,,,,,,,,,,,,,,,
2025-03-17,,,,,,,,,,,,,,,,,,,,
2025-03-18,,,,,,,,,,,,,,,,,,,,
2025-03-19,,,,,,,,,,,,,,,,,,,,
2025-03-20,,,,,,,,,,,,,,,,,,,,
2025-03-21,,,,,,,,,,,,,,,,,,,,
2025-03-24,,,,,,,,,,,,,,,,,,,,
2025-03-25,,,,,,,,,,,,,,,,,,,,
2025-03-26,,,,,,,,,,,,,,,,,,,,
2025-03-27,,,,,,,,,,,,,,,,,,,,
2025-03-28,,,,,,,,,,,,,,,,,,,,
2025-03-31,,,,,,,,,,,,,,,,,,,,
2025-04-01,,,,,,,,,,,,,,,,,,,,
2025-04-02,,,,,,,,,,,,,,,,,,,,
2025-04-03,,,,,,,,,,,,,,,,,,,,
2025-04-04,,,,,,,,,,,,,,,,,,,,
2025-04-07,,,,,,,,,,,,,,,,,,,,
2025-04-08,,,,,,,,,,,,,,,,,,,,
2025-04-09,,,,,,,,,,,,,,,,,,,,
2025-04-10,,,,,,,,,,,,,,,,,,,,
2025-04-11,,,,,,,,,,,,,,,,,,,,
2025-04-14,,,,,,,,,,,,,,,,,,,,
2025-04-15,,,,,,,,,,,,,,,,,,,,
2025-04-16,,,,,,,,,,,,,,,,,,,,
2025-04-17,,,,,,,,,,,,,,,,,,,,
2025-04-18,,,,,,,,,,,,,,,,,,,,
2025-04-21,,,,,,,,,,,,,,,,,,,,
2025-04-22,,,,,,,,,,,,,,,,,,,,
2025-04-23,,,,,,,,,,,,,,,,,,,,
2025-04-24,,,,,,,,,,,,,,,,,,,,
2025-04-25,,,,,,,,,,,,,,,,,,,,
2025-04-28,,,,,,,,,,,,,,,,,,,,
2025-04-29,,,,,,,,,,,,,,,,,,,,
2025-04-30,,,,,,,,,,,,,,,,,,,,
2025-05-01,,,,,,,,,,,,,,,,,,,,
2025-05-02,,,,,,,,,,,,,,,,,,,,
2025-05-05,,,,,,,,,,,,,,,,,,,,
2025-05-06,,,,,,,,,,,,,,,,,,,,
2025-05-07,,,,,,,,,,,,,,,,,,,,
2025-05-08,,,,,,,,,,,,,,,,,,,,
2025-05-09,,,,,,,,,,,,,,,,,,,,
2025-05-12,,,,,,,,,,,,,,,,,,,,
2025-05-13,,,,,,,,,,,,,,,,,,,,
2025-05-14,,,,,,,,,,,,,,,,,,,,
2025-05-15,,,,,,,,,,,,,,,,,,,,
2025-05-16,,,,,,,,,,,,,,,,,,,,
2025-05-19,,,,,,,,,,,,,,,,,,,,
2025-05-20,,,,,,,,,,,,,,,,,,,,
2025-05-21,,,,,,,,,,,,,,,,,,,,
2025-05-22,,,,,,,,,,,,,,,,,,,,
2025-05-23,,,,,,,,,,,,,,,,,,,,
2025-05-26,,,,,,,,,,,,,,,,,,,,
2025-05-27,,,,,,,,,,,,,,,,,,,,
2025-05-28,,,,,,,,,,,,,,,,,,,,
2025-05-29,,,,,,,,,,,,,,,,,,,,
2025-05-30,,,,,,,,,,,,,,,,,,,,
2025-06-02,,,,,,,,,,,,,,,,,,,,
2025-06-03,,,,,,,,,,,,,,,,,,,,
2025-06-04,,,,,,,,,,,,,,,,,,,,
2025-06-05,,,,,,,,,,,,,,,,,,,,
2025-06-06,,,,,,,,,,,,,,,,,,,,
2025-06-09,,,,,,,,,,,,,,,,,,,,
2025-06-10,,,,,,,,,,,,,,,,,,,,
2025-06-11,,,,,,,,,,,,,,,,,,,,
2025-06-12,,,,,,,,,,,,,,,,,,,,
2025-06-13,,,,,,,,,,,,,,,,,,,,
2025-06-16,,,,,,,,,,,,,,,,,,,,
2025-06-17,,,,,,,,,,,,,,,,,,,,
2025-06-18,,,,,,,,,,,,,,,,,,,,
2025-06-19,,,,,,,,,,,,,,,,,,,,
2025-06-20,,,,,,,,,,,,,,,,,,,,
2025-06-23,,,,,,,,,,,,,,,,,,,,
2025-06-24,,,,,,,,,,,,,,,,,,,,
2025-06-25,,,,,,,,,,,,,,,,,,,,
2025-06-26,,,,,,,,,,,,,,,,,,,,
2025-06-27,,,,,,,,,,,,,,,,,,,,
2025-06-30,,,,,,,,,,,,,,,,,,,,
2025-07-01,,,,,,,,,,,,,,,,,,,,
2025-07-02,,,,,,,,,,,,,,,,,,,,
2025-07-03,,,,,,,,,,,,,,,,,,,,
2025-07-04,,,,,,,,,,,,,,,,,,,,
2025-07-07,,,,,,,,,,,,,,,,,,,,
2025-07-08,,,,,,,,,,,,,,,,,,,,
2025-07-09,,,,,,,,,,,,,,,,,,,,
2025-07-10,,,,,,,,,,,,,,,,,,,,
2025-07-11,,,,,,,,,,,,,,,,,,,,
2025-07-14,,,,,,,,,,,,,,,,,,,,
2025-07-15,,,,,,,,,,,,,,,,,,,,
2025-07-16,,,,,,,,,,,,,,,,,,,,
2025-07-17,,,,,,,,,,,,,,,,,,,,
2025-07-18,,,,,,,,,,,,,,,,,,,,
2025-07-21,,,,,,,,,,,,,,,,,,,,
2025-07-22,,,,,,,,,,,,,,,,,,,,
2025-07-23,,,,,,,,,,,,,,,,,,,,
2025-07-24,,,,,,,,,,,,,,,,,,,,
2025-07-25,,,,,,,,,,,,,,,,,,,,
2025-07-28,,,,,,,,,,,,,,,,,,,,
2025-07-29,,,,,,,,,,,,,,,,,,,,
2025-07-30,,,,,,,,,,,,,,,,,,,,
2025-07-31,,,,,,,,,,,,,,,,,,,,
2025-08-01,,,,,,,,,,,,,,,,,,,,
2025-08-04,,,,,,,,,,,,,,,,,,,,
2025-08-05,,,,,,,,,,,,,,,,,,,,
2025-08-06,,,,,,,,,,,,,,,,,,,,
2025-08-07,,,,,,,,,,,,,,,,,,,,
2025-08-08,,,,,,,,,,,,,,,,,,,,
2025-08-11,,,,,,,,,,,,,,,,,,,,
2025-08-12,,,,,,,,,,,,,,,,,,,,
2025-08-13,,,,,,,,,,,,,,,,,,,,
2025-08-14,,,,,,,,,,,,,,,,,,,,
2025-08-15,,,,,,,,,,,,,,,,,,,,
2025-08-18,,,,,,,,,,,,,,,,,,,,
2025-08-19,,,,,,,,,,,,,,,,,,,,
2025-08-20,,,,,,,,,,,,,,,,,,,,
2025-08-21,,,,,,,,,,,,,,,,,,,,
2025-08-22,,,,,,,,,,,,,,,,,,,,
2025-08-25,,,,,,,,,,,,,,,,,,,,
2025-08-26,,,,,,,,,,,,,,,,,,,,
2025-08-27,,,,,,,,,,,,,,,,,,,,
2025-08-28,,,,,,,,,,,,,,,,,,,,
2025-08-29,,,,,,,,,,,,,,,,,,,,
2025-09-01,,,,,,,,,,,,,,,,,,,,
2025-09-02,,,,,,,,,,,,,,,,,,,,
2025-09-03,,,,,,,,,,,,,,,,,,,,
2025-09-04,,,,,,,,,,,,,,,,,,,,
2025-09-05,,,,,,,,,,,,,,,,,,,,
2025-09-08,,,,,,,,,,,,,,,,,,,,
2025-09-09,,,,,,,,,,,,,,,,,,,,
2025-09-10,,,,,,,,,,,,,,,,,,,,
2025-09-11,,,,,,,,,,,,,,,,,,,,
2025-09-12,,,,,,,,,,,,,,,,,,,,
2025-09-15,,,,,,,,,,,,,,,,,,,,
2025-09-16,,,,,,,,,,,,,,,,,,,,
2025-09-17,,,,,,,,,,,,,,,,,,,,
2025-09-18,,,,,,,,,,,,,,,,,,,,
2025-09-19,,,,,,,,,,,,,,,,,,,,
2025-09-22,,,,,,,,,,,,,,,,,,,,
2025-09-23,,,,,,,,,,,,,,,,,,,,
2025-09-24,,,,,,,,,,,,,,,,,,,,
2025-09-25,,,,,,,,,,,,,,,,,,,,
2025-09-26,,,,,,,,,,,,,,,,,,,,
2025-09-29,,,,,,,,,,,,,,,,,,,,
2025-09-30,,,,,,,,,,,,,,,,,,,,
2025-10-01,,,,,,,,,,,,,,,,,,,,
2025-10-02,,,,,,,,,,,,,,,,,,,,
2025-10-03,,,,,,,,,,,,,,,,,,,,
2025-10-06,,,,,,,,,,,,,,,,,,,,
2025-10-07,,,,,,,,,,,,,,,,,,,,
2025-10-08,,,,,,,,,,,,,,,,,,,,
2025-10-09,,,,,,,,,,,,,,,,,,,,
2025-10-10,,,,,,,,,,,,,,,,,,,,
2025-10-13,,,,,,,,,,,,,,,,,,,,
2025-10-14,,,,,,,,,,,,,,,,,,,,
2025-10-15,,,,,,,,,,,,,,,,,,,,
2025-10-16,,,,,,,,,,,,,,,,,,,,
2025-10-17,,,,,,,,,,,,,,,,,,,,
2025-10-20,,,,,,,,,,,,,,,,,,,,
2025-10-21,,,,,,,,,,,,,,,,,,,,
2025-10-22,,,,,,,,,,,,,,,,,,,,
2025-10-23,,,,,,,,,,,,,,,,,,,,
2025-10-24,,,,,,,,,,,,,,,,,,,,
2025-10-27,,,,,,,,,,,,,,,,,,,,
2025-10-28,,,,,,,,,,,,,,,,,,,,
2025-10-29,,,,,,,,,,,,,,,,,,,,
2025-10-30,,,,,,,,,,,,,,,,,,,,
2025-10-31,,,,,,,,,,,,,,,,,,,,
2025-11-03,,,,,,,,,,,,,,,,,,,,
2025-11-04,,,,,,,,,,,,,,,,,,,,
2025-11-05,,,,,,,,,,,,,,,,,,,,
2025-11-06,,,,,,,,,,,,,,,,,,,,
2025-11-07,,,,,,,,,,,,,,,,,,,,
2025-11-10,,,,,,,,,,,,,,,,,,,,
2025-11-11,,,,,,,,,,,,,,,,,,,,
2025-11-12,,,,,,,,,,,,,,,,,,,,
2025-11-13,,,,,,,,,,,,,,,,,,,,
2025-11-14,,,,,,,,,,,,,,,,,,,,
2025-11-17,,,,,,,,,,,,,,,,,,,,
2025-11-18,,,,,,,,,,,,,,,,,,,,
2025-11-19,,,,,,,,,,,,,,,,,,,,
2025-11-20,,,,,,,,,,,,,,,,,,,,
2025-11-21,,,,,,,,,,,,,,,,,,,,
2025-11-24,,,,,,,,,,,,,,,,,,,,
2025-11-25,,,,,,,,,,,,,,,,,,,,
2025-11-26,,,,,,,,,,,,,,,,,,,,
2025-11-27,,,,,,,,,,,,,,,,,,,,
2025-11-28,,,,,,,,,,,,,,,,,,,,
2025-12-01,,,,,,,,,,,,,,,,,,,,
2025-12-02,,,,,,,,,,,,,,,,,,,,
2025-12-03,,,,,,,,,,,,,,,,,,,,
2025-12-04,,,,,,,,,,,,,,,,,,,,
2025-12-05,,,,,,,,,,,,,,,,,,,,
2025-12-08,,,,,,,,,,,,,,,,,,,,
2025-12-09,,,,,,,,,,,,,,,,,,,,
2025-12-10,,,,,,,,,,,,,,,,,,,,
2025-12-11,,,,,,,,,,,,,,,,,,,,
2025-12-12,,,,,,,,,,,,,,,,,,,,
2025-12-15,,,,,,,,,,,,,,,,,,,,
2025-12-16,,,,,,,,,,,,,,,,,,,,
2025-12-17,,,,,,,,,,,,,,,,,,,,
2025-12-18,,,,,,,,,,,,,,,,,,,,
2025-12-19,,,,,,,,,,,,,,,,,,,,
2025-12-22,,,,,,,,,,,,,,,,,,,,
2025-12-23,,,,,,,,,,,,,,,,,,,,
2025-12-24,,,,,,,,,,,,,,,,,,,,
2025-12-25,,,,,,,,,,,,,,,,,,,,
2025-12-26,,,,,,,,,,,,,,,,,,,,
2025-12-29,47918.57172500193,48158.155573650045,47397.44795651836,47979.17691298828,246613.10950000002,0.0,0.0,47979.17691298828,47918.57172500193,48158.155573650045,47397.44795651836,0.0028782681776858728,0.0015251586630423033,0.0013531095146435616,0.01169706452456283,1602.344404,468722173.5993,1602.344404,1579.48038,0.013122972558413484
2025-12-30,47935.17684610579,48479.97857182214,47647.807621752436,48177.335381347664,249595.6151,2.08,0.0,48177.335381347664,47935.17684610579,48479.97857182214,47647.807621752436,0.004829720805465487,-0.0012507878172786434,0.006080508622744129,0.016943482834873246,1613.3563900000004,506408803.7411,1613.3563900000004,1588.8579169999998,0.006253743345887736
2025-12-31,48274.43769189396,48701.37538535833,47947.82354213161,48179.14906337891,215441.1921,0.0,0.0,48179.14906337891,48274.43769189396,48701.37538535833,47947.82354213161,0.0007365115283956543,0.0011253961677189157,-0.0003888846393232835,0.014792189006488711,1629.417819,541317744.4196,1632.394525,1607.1838340000002,0.009045224738591479
